method,dataset,seed,noise_rate,pretrain_fraction,pretrain_training_mode,es_budget,step,n_cert,n_pretrain,compression_size,remaining_bad,effective_compression_size,certified_bound,test_error,test_inappropriate_risk,pac_bayes_bound,pac_bayes_empirical_risk,pac_bayes_mc_upper,pac_bayes_kl,runtime_sec,stop_reached,hit_limit,train_calls,noise_hit_rate,duplicate_hit_rate,pairwise_feature_cosine,mean_support_redundancy,max_support_redundancy,mean_selected_residual_novelty,local_redundancy_hit_rate,residual_redundancy_hit_rate,strong_redundancy_hit_rate,group_revisit_rate,unique_group_fraction,max_group_selection_fraction,mode_entropy,minority_mode_fraction,spectral_entropy,dynamic_mu
MaxLoss,manifold_orbit_fashion_mnist,0,0.1,0.0,warm_start,50,50,5000,0,54,2395,2449,0.515724822471384,0.47550000000000003,0.4755,,,,,3.352815432008356,0,0,51,0.4074074074074074,0.7222222222222222,0.7794753313064575,0.7794753313064575,1.000000238418579,0.10000557888228938,0.6037735849056604,0.6415094339622641,0.6037735849056604,0.37037037037037035,0.6296296296296297,0.1111111111111111,0.9482251898913798,0.018518518518518517,0.30702248334630455,0.6732443791634238
MaxLoss,manifold_orbit_fashion_mnist,0,0.1,0.0,warm_start,100,100,5000,0,104,2292,2396,0.5050878404290415,0.4645,0.4645,,,,,4.003406974021345,0,0,101,0.36538461538461536,0.7211538461538461,0.7757598161697388,0.7757598161697388,1.000000238418579,0.06504553990456664,0.7378640776699029,0.8252427184466019,0.7087378640776699,0.47115384615384615,0.5288461538461539,0.057692307692307696,0.9473206496402444,0.009615384615384616,0.27096998614438955,0.6822575034639027
MaxLoss,manifold_orbit_fashion_mnist,0,0.1,0.0,warm_start,200,200,5000,0,204,2104,2308,0.4874003932927735,0.41825,0.41825,,,,,5.8565405630506575,0,1,201,0.3382352941176471,0.6715686274509803,0.7183127403259277,0.7183127403259277,1.000000238418579,0.04728083741011584,0.8226600985221675,0.9014778325123153,0.8078817733990148,0.46568627450980393,0.5343137254901961,0.04411764705882353,0.933208883842678,0.004901960784313725,0.26307167953806443,0.6842320801154839
PU-R,manifold_orbit_fashion_mnist,0,0.1,0.0,warm_start,50,50,5000,0,54,2429,2483,0.5225423436495475,0.49550000000000005,0.4955,,,,,0.9829763480229303,0,0,51,0.3333333333333333,0.6851851851851852,0.7409679889678955,0.7409679889678955,1.000000238418579,0.09715213809373244,0.6792452830188679,0.6981132075471698,0.6226415094339622,0.3333333333333333,0.6666666666666666,0.09259259259259259,0.9586947212444187,0.018518518518518517,0.31558360829064297,0.6711040979273393
PU-R,manifold_orbit_fashion_mnist,0,0.1,0.0,warm_start,100,100,5000,0,104,2399,2503,0.5265503847040236,0.4535,0.4535,,,,,2.2918663249583915,0,0,101,0.3269230769230769,0.625,0.7144259810447693,0.7144259810447693,1.000000238418579,0.07268246910670428,0.7475728155339806,0.7864077669902912,0.6990291262135923,0.36538461538461536,0.6346153846153846,0.057692307692307696,0.9574224421553496,0.009615384615384616,0.2989714900157334,0.6752571274960666
PU-R,manifold_orbit_fashion_mnist,0,0.1,0.0,warm_start,200,200,5000,0,204,2031,2235,0.47270310507155955,0.42800000000000005,0.428,,,,,6.216303447959945,0,1,201,0.3333333333333333,0.6421568627450981,0.6438437700271606,0.6438437700271606,1.000000238418579,0.04312194337416899,0.896551724137931,0.9113300492610837,0.8817733990147784,0.4264705882352941,0.5735294117647058,0.0392156862745098,0.9514990568392583,0.004901960784313725,0.24534011791800142,0.6886649705204997
PU-R-Manifold,manifold_orbit_fashion_mnist,0,0.1,0.0,warm_start,50,50,5000,0,54,2368,2422,0.5103074547369033,0.5,0.5,,,,,1.187642952078022,0,0,51,0.2777777777777778,0.5740740740740741,0.750465989112854,0.750465989112854,1.000000238418579,0.1030944509888595,0.5660377358490566,0.7169811320754716,0.5660377358490566,0.25925925925925924,0.7407407407407407,0.1111111111111111,0.9594976154833038,0.018518518518518517,0.3114866369235096,0.6721283407691225
PU-R-Manifold,manifold_orbit_fashion_mnist,0,0.1,0.0,warm_start,100,100,5000,0,104,2103,2207,0.4670598066877574,0.45725000000000005,0.45725,,,,,2.8842615380417556,0,0,101,0.27884615384615385,0.5865384615384616,0.6692011952400208,0.6692011952400208,1.000000238418579,0.06620692689586612,0.8252427184466019,0.883495145631068,0.8155339805825242,0.3076923076923077,0.6923076923076923,0.0673076923076923,0.956383136256309,0.009615384615384616,0.27573125432611084,0.6810671864184723
PU-R-Manifold,manifold_orbit_fashion_mnist,0,0.1,0.0,warm_start,200,200,5000,0,204,2083,2287,0.4831747109419666,0.43574999999999997,0.43575,,,,,8.418124813004397,0,1,201,0.2696078431372549,0.5343137254901961,0.6114004850387573,0.6114004850387573,1.0000001192092896,0.03658587100635755,0.9359605911330049,0.9408866995073891,0.9310344827586207,0.30392156862745096,0.696078431372549,0.03431372549019608,0.96156593427246,0.004901960784313725,0.22174930836822437,0.6945626729079439
GREATS,manifold_orbit_fashion_mnist,0,0.1,0.0,warm_start,50,50,5000,0,54,2467,2521,,0.475,0.475,,,,,1.0689363200217485,0,0,51,0.3148148148148148,0.7407407407407407,0.7746827602386475,0.7746827602386475,1.0000003576278687,0.07766071299336991,0.7358490566037735,0.8113207547169812,0.6981132075471698,0.35185185185185186,0.6481481481481481,0.09259259259259259,0.9587097054836626,0.018518518518518517,0.28143237321041437,0.6796419066973964
GREATS,manifold_orbit_fashion_mnist,0,0.1,0.0,warm_start,100,100,5000,0,104,1932,2036,,0.41725,0.41725,,,,,2.2949566199677065,0,0,101,0.3173076923076923,0.7307692307692307,0.7503941059112549,0.7503941059112549,1.0000003576278687,0.06527484005805358,0.7475728155339806,0.8543689320388349,0.7475728155339806,0.4230769230769231,0.5769230769230769,0.07692307692307693,0.9485446826360688,0.009615384615384616,0.2701343737552163,0.682466406561196
GREATS,manifold_orbit_fashion_mnist,0,0.1,0.0,warm_start,200,200,5000,0,204,1818,2022,,0.40874999999999995,0.40875,,,,,5.308221084997058,0,1,201,0.28431372549019607,0.6568627450980392,0.7023605704307556,0.7023605704307556,1.000000238418579,0.045713420168225986,0.8374384236453202,0.9064039408866995,0.8275862068965517,0.4362745098039216,0.5637254901960784,0.0392156862745098,0.9478856965025066,0.004901960784313725,0.24649445280912344,0.6883763867977192
MaxLoss,manifold_orbit_fashion_mnist,0,0.1,0.3,warm_start,50,50,3500,1500,54,1514,1568,0.47834918106673285,0.47350000000000003,0.4735,,,,,0.4785686500836164,0,0,51,0.3148148148148148,0.5925925925925926,0.7688267827033997,0.7688267827033997,1.000000238418579,0.10119463362783757,0.5849056603773585,0.5660377358490566,0.49056603773584906,0.3333333333333333,0.6666666666666666,0.14814814814814814,0.9214767605903421,0.018518518518518517,0.30414481375076974,0.6739637965623075
MaxLoss,manifold_orbit_fashion_mnist,0,0.1,0.3,warm_start,100,100,3500,1500,104,1441,1545,0.47172022640006617,0.4375,0.4375,,,,,1.0565070250304416,0,0,101,0.33653846153846156,0.625,0.7482598423957825,0.7482598423957825,1.0000004768371582,0.057994622049979794,0.8349514563106796,0.8543689320388349,0.7961165048543689,0.40384615384615385,0.5961538461538461,0.07692307692307693,0.9297100229266377,0.009615384615384616,0.26654966884725234,0.6833625827881868
MaxLoss,manifold_orbit_fashion_mnist,0,0.1,0.3,warm_start,200,200,3500,1500,204,1299,1503,0.4596011840621941,0.43125,0.43125,,,,,2.786425422062166,0,1,201,0.3137254901960784,0.6323529411764706,0.7108418345451355,0.7108418345451355,1.000000238418579,0.04470397876988491,0.8472906403940886,0.916256157635468,0.8423645320197044,0.43137254901960786,0.5686274509803921,0.04411764705882353,0.9400142622006935,0.004901960784313725,0.259307774170359,0.6851730564574102
PU-R,manifold_orbit_fashion_mnist,0,0.1,0.3,warm_start,50,50,3500,1500,54,1415,1469,0.44977720332099125,0.43500000000000005,0.435,,,,,0.7985234099905938,0,0,51,0.2777777777777778,0.5925925925925926,0.722130537033081,0.722130537033081,1.000000238418579,0.09204021770999117,0.6226415094339622,0.6981132075471698,0.5660377358490566,0.2962962962962963,0.7037037037037037,0.07407407407407407,0.9686337444538423,0.018518518518518517,0.3069956236487158,0.673251094087821
PU-R,manifold_orbit_fashion_mnist,0,0.1,0.3,warm_start,100,100,3500,1500,104,1725,1829,0.5531972983153537,0.48675,0.48675,,,,,1.9223009669221938,0,0,101,0.3076923076923077,0.625,0.6319001317024231,0.6319001317024231,1.000000238418579,0.055060515994007145,0.9223300970873787,0.9223300970873787,0.9029126213592233,0.33653846153846156,0.6634615384615384,0.04807692307692308,0.9607353460618666,0.009615384615384616,0.2610982058341899,0.6847254485414525
PU-R,manifold_orbit_fashion_mnist,0,0.1,0.3,warm_start,200,200,3500,1500,204,1267,1471,0.45035541633842513,0.41574999999999995,0.41575,,,,,5.4533700599567965,0,1,201,0.2647058823529412,0.6225490196078431,0.6179547309875488,0.6179547309875488,1.000000238418579,0.031234183775380328,0.9605911330049262,0.9605911330049262,0.9556650246305419,0.4166666666666667,0.5833333333333334,0.03431372549019608,0.9478306581627226,0.004901960784313725,0.20911228801162035,0.697721927997095
PU-R-Manifold,manifold_orbit_fashion_mnist,0,0.1,0.3,warm_start,50,50,3500,1500,54,1406,1460,0.4471747297793627,0.4395,0.4395,,,,,0.9578323010355234,0,0,51,0.37037037037037035,0.5925925925925926,0.7090479135513306,0.7090479135513306,1.0000001192092896,0.12632351945031364,0.4339622641509434,0.49056603773584906,0.4339622641509434,0.3333333333333333,0.6666666666666666,0.12962962962962962,0.9438592404341237,0.018518518518518517,0.3683661203739941,0.6579084699065014
PU-R-Manifold,manifold_orbit_fashion_mnist,0,0.1,0.3,warm_start,100,100,3500,1500,104,1464,1568,0.47834918106673285,0.43425,0.43425,,,,,2.2790445800637826,0,0,101,0.3557692307692308,0.5961538461538461,0.7238561511039734,0.7238561511039734,1.000000238418579,0.06723323146116386,0.7766990291262136,0.8058252427184466,0.7281553398058253,0.3557692307692308,0.6442307692307693,0.07692307692307693,0.9523412287519188,0.009615384615384616,0.29111635964083227,0.6772209100897919
PU-R-Manifold,manifold_orbit_fashion_mnist,0,0.1,0.3,warm_start,200,200,3500,1500,204,1389,1593,0.48554844316095114,0.4225,0.4225,,,,,6.722505475045182,0,1,201,0.28431372549019607,0.5931372549019608,0.6529685854911804,0.6529685854911804,1.000000238418579,0.044172079105095324,0.8669950738916257,0.896551724137931,0.8522167487684729,0.36764705882352944,0.6323529411764706,0.0392156862745098,0.9485710591310247,0.004901960784313725,0.2531855215988913,0.6867036196002771
GREATS,manifold_orbit_fashion_mnist,0,0.1,0.3,warm_start,50,50,3500,1500,54,1576,1630,,0.474,0.474,,,,,0.8618081089807674,0,0,51,0.2962962962962963,0.7407407407407407,0.7252405285835266,0.7252405285835266,1.0000003576278687,0.0775753563305117,0.7924528301886793,0.7735849056603774,0.7169811320754716,0.37037037037037035,0.6296296296296297,0.05555555555555555,0.9745976183781423,0.018518518518518517,0.30482485038417745,0.6737937874039557
GREATS,manifold_orbit_fashion_mnist,0,0.1,0.3,warm_start,100,100,3500,1500,104,1253,1357,,0.4185,0.4185,,,,,1.8485683409962803,0,0,101,0.34615384615384615,0.7692307692307693,0.7430132031440735,0.7430132031440735,1.000000238418579,0.06016775647413383,0.7669902912621359,0.883495145631068,0.7475728155339806,0.46153846153846156,0.5384615384615384,0.04807692307692308,0.960241011151467,0.009615384615384616,0.274093620692456,0.6814765948268859
GREATS,manifold_orbit_fashion_mnist,0,0.1,0.3,warm_start,200,200,3500,1500,204,1232,1436,,0.4485,0.4485,,,,,4.454422594048083,0,1,201,0.3382352941176471,0.7450980392156863,0.7071003913879395,0.7071003913879395,1.0000003576278687,0.050313886750507825,0.7635467980295566,0.8817733990147784,0.7536945812807881,0.5196078431372549,0.4803921568627451,0.0392156862745098,0.9411415396610952,0.004901960784313725,0.26921889078256145,0.6826952773043596
MaxLoss,manifold_orbit_fashion_mnist,0,0.1,0.6,warm_start,50,50,2000,3000,54,778,832,0.45495136053068563,0.4175,0.4175,,,,,0.4318729139631614,0,0,51,0.25925925925925924,0.6851851851851852,0.7386265397071838,0.7386265397071838,1.0000001192092896,0.07871591201368368,0.7358490566037735,0.7924528301886793,0.660377358490566,0.3333333333333333,0.6666666666666666,0.1111111111111111,0.9563484516897853,0.018518518518518517,0.28267138176554274,0.6793321545586143
MaxLoss,manifold_orbit_fashion_mnist,0,0.1,0.6,warm_start,100,100,2000,3000,104,706,810,0.4437736958498135,0.4085,0.4085,,,,,0.9506181249162182,0,0,101,0.28846153846153844,0.7596153846153846,0.7263161540031433,0.7263161540031433,1.0000004768371582,0.05945394481125387,0.8349514563106796,0.8932038834951457,0.8155339805825242,0.41346153846153844,0.5865384615384616,0.0673076923076923,0.9430473196894081,0.009615384615384616,0.2676278837374168,0.6830930290656458
MaxLoss,manifold_orbit_fashion_mnist,0,0.1,0.6,warm_start,200,200,2000,3000,204,627,831,0.45444372162455693,0.401,0.401,,,,,2.552868116996251,0,1,201,0.3137254901960784,0.7696078431372549,0.713986337184906,0.713986337184906,1.000000238418579,0.04392067747181419,0.8866995073891626,0.9113300492610837,0.8719211822660099,0.5098039215686274,0.49019607843137253,0.04411764705882353,0.9386172596283944,0.004901960784313725,0.2514489433994987,0.6871377641501253
PU-R,manifold_orbit_fashion_mnist,0,0.1,0.6,warm_start,50,50,2000,3000,54,840,894,0.48634465859504417,0.46525000000000005,0.46525,,,,,0.6440532540436834,0,0,51,0.2962962962962963,0.7777777777777778,0.7366571426391602,0.7366571426391602,1.000000238418579,0.07918760039896336,0.7169811320754716,0.7924528301886793,0.6792452830188679,0.3148148148148148,0.6851851851851852,0.07407407407407407,0.9659944891619913,0.018518518518518517,0.28949901545714946,0.6776252461357126
PU-R,manifold_orbit_fashion_mnist,0,0.1,0.6,warm_start,100,100,2000,3000,104,790,894,0.48634465859504417,0.45975,0.45975,,,,,1.5268658449640498,0,0,101,0.27884615384615385,0.7307692307692307,0.6842468976974487,0.6842468976974487,1.0,0.05775260053647375,0.883495145631068,0.8640776699029126,0.8446601941747572,0.3557692307692308,0.6442307692307693,0.038461538461538464,0.9622713728025932,0.009615384615384616,0.2601898169825266,0.6849525457543684
PU-R,manifold_orbit_fashion_mnist,0,0.1,0.6,warm_start,200,200,2000,3000,204,546,750,0.4131853639264591,0.389,0.389,,,,,4.458003339008428,0,1,201,0.25,0.7254901960784313,0.641383945941925,0.641383945941925,1.000000238418579,0.031466478025403075,0.9408866995073891,0.9408866995073891,0.9408866995073891,0.4362745098039216,0.5637254901960784,0.03431372549019608,0.9553191761848959,0.004901960784313725,0.20635361107416741,0.6984115972314582
PU-R-Manifold,manifold_orbit_fashion_mnist,0,0.1,0.6,warm_start,50,50,2000,3000,54,788,842,0.46002547291573137,0.45375,0.45375,,,,,0.7263148020720109,0,0,51,0.25925925925925924,0.7777777777777778,0.7127314209938049,0.7127314209938049,1.0000001192092896,0.09568373163072567,0.6981132075471698,0.660377358490566,0.5849056603773585,0.35185185185185186,0.6481481481481481,0.12962962962962962,0.9399824797552571,0.018518518518518517,0.3231899897342766,0.6692025025664309
PU-R-Manifold,manifold_orbit_fashion_mnist,0,0.1,0.6,warm_start,100,100,2000,3000,104,765,869,0.47370500362012535,0.47624999999999995,0.47625,,,,,1.7501600430114195,0,0,101,0.27884615384615385,0.7596153846153846,0.6777719259262085,0.6777719259262085,1.0000001192092896,0.05800944971806795,0.8737864077669902,0.9029126213592233,0.8446601941747572,0.40384615384615385,0.5961538461538461,0.0673076923076923,0.9500416606255506,0.009615384615384616,0.2676139513956112,0.6830965121510972
PU-R-Manifold,manifold_orbit_fashion_mnist,0,0.1,0.6,warm_start,200,200,2000,3000,204,540,744,0.41011802869616076,0.386,0.386,,,,,5.31243049306795,0,1,201,0.23529411764705882,0.7450980392156863,0.6262587308883667,0.6262587308883667,1.000000238418579,0.03279500558348419,0.9408866995073891,0.9605911330049262,0.9359605911330049,0.4852941176470588,0.5147058823529411,0.03431372549019608,0.9508917848491315,0.004901960784313725,0.2148040021048329,0.6962989994737918
GREATS,manifold_orbit_fashion_mnist,0,0.1,0.6,warm_start,50,50,2000,3000,54,846,900,,0.4425,0.4425,,,,,0.6734585649101064,0,0,51,0.2222222222222222,0.6851851851851852,0.7395929098129272,0.7395929098129272,1.0000001192092896,0.07947153246627664,0.8113207547169812,0.7924528301886793,0.6981132075471698,0.3148148148148148,0.6851851851851852,0.07407407407407407,0.974044891310005,0.018518518518518517,0.28950164609915957,0.6776245884752101
GREATS,manifold_orbit_fashion_mnist,0,0.1,0.6,warm_start,100,100,2000,3000,104,679,783,,0.42074999999999996,0.42075,,,,,1.4261119349393994,0,0,101,0.2692307692307692,0.7692307692307693,0.7027361989021301,0.7027361989021301,1.000000238418579,0.06004131894594836,0.8349514563106796,0.8737864077669902,0.7961165048543689,0.4230769230769231,0.5769230769230769,0.04807692307692308,0.9577182452943164,0.009615384615384616,0.2694752735846204,0.6826311816038448
GREATS,manifold_orbit_fashion_mnist,0,0.1,0.6,warm_start,200,200,2000,3000,204,530,734,,0.382,0.382,,,,,3.541347050922923,0,1,201,0.23039215686274508,0.7598039215686274,0.6540367007255554,0.6540367007255554,1.000000238418579,0.037103597337971875,0.8916256157635468,0.9359605911330049,0.8866995073891626,0.4950980392156863,0.5049019607843137,0.03431372549019608,0.9484426954054256,0.004901960784313725,0.23061822599104811,0.692345443502238
MaxLoss,manifold_orbit_fashion_mnist,1,0.1,0.0,warm_start,50,50,5000,0,54,2436,2490,0.5239453489775769,0.47550000000000003,0.4755,,,,,0.5128844149876386,0,0,51,0.3333333333333333,0.6296296296296297,0.7378141283988953,0.7378141283988953,1.0000003576278687,0.10657410745350819,0.5660377358490566,0.5849056603773585,0.4716981132075472,0.35185185185185186,0.6481481481481481,0.07407407407407407,0.9576609196148266,0.018518518518518517,0.3390678279320014,0.6652330430169997
MaxLoss,manifold_orbit_fashion_mnist,1,0.1,0.0,warm_start,100,100,5000,0,104,2232,2336,0.4930317478138022,0.44475,0.44475,,,,,1.1460339749464765,0,0,101,0.3269230769230769,0.6346153846153846,0.7140430212020874,0.7140430212020874,1.000000238418579,0.06854929623094577,0.7281553398058253,0.8252427184466019,0.6893203883495146,0.375,0.625,0.0673076923076923,0.953688178987722,0.009615384615384616,0.3041057947631067,0.6739735513092233
MaxLoss,manifold_orbit_fashion_mnist,1,0.1,0.0,warm_start,200,200,5000,0,204,2173,2377,0.5012717132340185,0.4325,0.4325,,,,,2.976023021969013,0,1,201,0.35294117647058826,0.6127450980392157,0.7105110287666321,0.7105110287666321,1.000000238418579,0.04691614115179466,0.8374384236453202,0.8916256157635468,0.8177339901477833,0.4362745098039216,0.5637254901960784,0.03431372549019608,0.9420371515229683,0.004901960784313725,0.26815974321858743,0.6829600641953532
PU-R,manifold_orbit_fashion_mnist,1,0.1,0.0,warm_start,50,50,5000,0,54,2394,2448,0.515524233749602,0.49250000000000005,0.4925,,,,,0.9922674569534138,0,0,51,0.3148148148148148,0.6481481481481481,0.7272198796272278,0.7272198796272278,1.000000238418579,0.11617355245464253,0.4339622641509434,0.4716981132075472,0.41509433962264153,0.35185185185185186,0.6481481481481481,0.1111111111111111,0.9432195105856575,0.018518518518518517,0.35009116287079145,0.6624772092823021
PU-R,manifold_orbit_fashion_mnist,1,0.1,0.0,warm_start,100,100,5000,0,104,2378,2482,0.5223418975365348,0.48,0.48,,,,,2.341610232950188,0,0,101,0.3269230769230769,0.6634615384615384,0.7235733866691589,0.7235733866691589,1.000000238418579,0.07211511054085297,0.6990291262135923,0.7961165048543689,0.6796116504854369,0.38461538461538464,0.6153846153846154,0.057692307692307696,0.9516859170304209,0.009615384615384616,0.2917421924255698,0.6770644518936075
PU-R,manifold_orbit_fashion_mnist,1,0.1,0.0,warm_start,200,200,5000,0,204,2188,2392,0.5042845710995607,0.44025000000000003,0.44025,,,,,6.449573233956471,0,1,201,0.30392156862745096,0.6127450980392157,0.6521846652030945,0.6521846652030945,1.000000238418579,0.04032042167456867,0.8866995073891626,0.9261083743842364,0.8768472906403941,0.39215686274509803,0.6078431372549019,0.03431372549019608,0.9478670150299,0.004901960784313725,0.23370856400789716,0.6915728589980257
PU-R-Manifold,manifold_orbit_fashion_mnist,1,0.1,0.0,warm_start,50,50,5000,0,54,1895,1949,0.4149023055215366,0.43775,0.43775,,,,,1.2020321229938418,0,0,51,0.3148148148148148,0.5185185185185185,0.7243503332138062,0.7243503332138062,1.000000238418579,0.10402104427229683,0.5094339622641509,0.6037735849056604,0.49056603773584906,0.2037037037037037,0.7962962962962963,0.05555555555555555,0.9829046199683005,0.018518518518518517,0.32938411506403853,0.6676539712339904
PU-R-Manifold,manifold_orbit_fashion_mnist,1,0.1,0.0,warm_start,100,100,5000,0,104,1769,1873,0.3994823058019392,0.4295,0.4295,,,,,2.8241641100030392,0,0,101,0.2980769230769231,0.49038461538461536,0.6389025449752808,0.6389025449752808,1.0000001192092896,0.06692624612919336,0.8543689320388349,0.883495145631068,0.8252427184466019,0.23076923076923078,0.7692307692307693,0.038461538461538464,0.9701065802916616,0.009615384615384616,0.2874744253205337,0.6781313936698665
PU-R-Manifold,manifold_orbit_fashion_mnist,1,0.1,0.0,warm_start,200,200,5000,0,204,1907,2111,0.44768599211238325,0.42925,0.42925,,,,,8.142827264033258,0,1,201,0.3088235294117647,0.5196078431372549,0.6174788475036621,0.6174788475036621,1.0000001192092896,0.036651374964878476,0.9507389162561576,0.9458128078817734,0.9408866995073891,0.29411764705882354,0.7058823529411765,0.03431372549019608,0.9606750532642072,0.004901960784313725,0.22556312864989717,0.6936092178375257
GREATS,manifold_orbit_fashion_mnist,1,0.1,0.0,warm_start,50,50,5000,0,54,2225,2279,,0.46025000000000005,0.46025,,,,,1.0981693369103596,0,0,51,0.3333333333333333,0.6296296296296297,0.721390426158905,0.721390426158905,1.000000238418579,0.08532684310427252,0.7358490566037735,0.7735849056603774,0.6981132075471698,0.2962962962962963,0.7037037037037037,0.05555555555555555,0.9783549982429925,0.018518518518518517,0.30983950832959734,0.6725401229176007
GREATS,manifold_orbit_fashion_mnist,1,0.1,0.0,warm_start,100,100,5000,0,104,2088,2192,,0.46099999999999997,0.461,,,,,2.306947709992528,0,0,101,0.34615384615384615,0.5865384615384616,0.7109230756759644,0.7109230756759644,1.000000238418579,0.06598975097091453,0.7281553398058253,0.8543689320388349,0.7281553398058253,0.3557692307692308,0.6442307692307693,0.0673076923076923,0.9504451373997562,0.009615384615384616,0.285991512938165,0.6785021217654588
GREATS,manifold_orbit_fashion_mnist,1,0.1,0.0,warm_start,200,200,5000,0,204,1725,1929,,0.396,0.396,,,,,5.462236282997765,0,1,201,0.3235294117647059,0.6323529411764706,0.6971434950828552,0.6971434950828552,1.000000238418579,0.04738646745681763,0.7931034482758621,0.896551724137931,0.7881773399014779,0.4362745098039216,0.5637254901960784,0.04411764705882353,0.9413370297529351,0.004901960784313725,0.2617385615449384,0.6845653596137654
MaxLoss,manifold_orbit_fashion_mnist,1,0.1,0.3,warm_start,50,50,3500,1500,54,1531,1585,0.48324537207372487,0.41074999999999995,0.41075,,,,,0.4767547600204125,0,0,51,0.3148148148148148,0.6296296296296297,0.7653467655181885,0.7653467655181885,1.000000238418579,0.09385415011981749,0.5660377358490566,0.6792452830188679,0.5471698113207547,0.3888888888888889,0.6111111111111112,0.12962962962962962,0.9300313163088435,0.018518518518518517,0.30913169723092415,0.6727170756922689
MaxLoss,manifold_orbit_fashion_mnist,1,0.1,0.3,warm_start,100,100,3500,1500,104,1508,1612,0.4910156284458935,0.395,0.395,,,,,1.0576358990510926,0,0,101,0.3269230769230769,0.6346153846153846,0.7319311499595642,0.7319311499595642,1.000000238418579,0.061007404066983933,0.8349514563106796,0.9029126213592233,0.8349514563106796,0.36538461538461536,0.6346153846153846,0.0673076923076923,0.9475489561841645,0.009615384615384616,0.2716610537001201,0.68208473657497
MaxLoss,manifold_orbit_fashion_mnist,1,0.1,0.3,warm_start,200,200,3500,1500,204,1283,1487,0.4549796255887486,0.39475000000000005,0.39475,,,,,2.7879233710700646,0,1,201,0.3284313725490196,0.6715686274509803,0.7061628103256226,0.7061628103256226,1.0000003576278687,0.04500224114638831,0.8177339901477833,0.9064039408866995,0.812807881773399,0.46078431372549017,0.5392156862745098,0.04411764705882353,0.9407485442653559,0.004901960784313725,0.2608199872408516,0.6847950031897871
PU-R,manifold_orbit_fashion_mnist,1,0.1,0.3,warm_start,50,50,3500,1500,54,1708,1762,0.5340492215473205,0.47275,0.47275,,,,,0.807247890974395,0,0,51,0.3148148148148148,0.5925925925925926,0.696293294429779,0.696293294429779,1.000000238418579,0.12379966676235199,0.4528301886792453,0.5094339622641509,0.4339622641509434,0.3333333333333333,0.6666666666666666,0.1111111111111111,0.9375606137819237,0.018518518518518517,0.37466160337535115,0.6563345991561622
PU-R,manifold_orbit_fashion_mnist,1,0.1,0.3,warm_start,100,100,3500,1500,104,1614,1718,0.5214496226981282,0.46825000000000006,0.46825,,,,,1.8937999149784446,0,0,101,0.3557692307692308,0.6057692307692307,0.6842557787895203,0.6842557787895203,1.0000003576278687,0.07218074133095231,0.7766990291262136,0.8058252427184466,0.7572815533980582,0.33653846153846156,0.6634615384615384,0.057692307692307696,0.9551699730983793,0.009615384615384616,0.31051193270149213,0.672372016824627
PU-R,manifold_orbit_fashion_mnist,1,0.1,0.3,warm_start,200,200,3500,1500,204,1368,1572,0.4795014911214821,0.4205,0.4205,,,,,5.355056410073303,0,1,201,0.3284313725490196,0.6225490196078431,0.6459901332855225,0.6459901332855225,1.000000238418579,0.04043825822217124,0.8866995073891626,0.9113300492610837,0.8866995073891626,0.37254901960784315,0.6274509803921569,0.04411764705882353,0.9519811434468928,0.004901960784313725,0.23694520149883166,0.690763699625292
PU-R-Manifold,manifold_orbit_fashion_mnist,1,0.1,0.3,warm_start,50,50,3500,1500,54,1646,1700,0.5162895985413343,0.47650000000000003,0.4765,,,,,0.9659056330565363,0,0,51,0.35185185185185186,0.6851851851851852,0.7542814016342163,0.7542814016342163,1.0000003576278687,0.0958385355067703,0.660377358490566,0.7169811320754716,0.6415094339622641,0.35185185185185186,0.6481481481481481,0.1111111111111111,0.9422639857079291,0.018518518518518517,0.32050644165517955,0.6698733895862051
PU-R-Manifold,manifold_orbit_fashion_mnist,1,0.1,0.3,warm_start,100,100,3500,1500,104,1556,1660,0.5048111488576978,0.44175,0.44175,,,,,2.3187893150607124,0,0,101,0.36538461538461536,0.6923076923076923,0.7298678755760193,0.7298678755760193,1.000000238418579,0.06983026023049957,0.7572815533980582,0.8058252427184466,0.7184466019417476,0.40384615384615385,0.5961538461538461,0.057692307692307696,0.9581104083461119,0.009615384615384616,0.2984715325571578,0.6753821168607106
PU-R-Manifold,manifold_orbit_fashion_mnist,1,0.1,0.3,warm_start,200,200,3500,1500,204,1262,1466,0.4489098057965748,0.375,0.375,,,,,6.55113092600368,0,1,201,0.35784313725490197,0.7009803921568627,0.7204281687736511,0.7204281687736511,1.000000238418579,0.04865603068192017,0.8177339901477833,0.8866995073891626,0.8029556650246306,0.4852941176470588,0.5147058823529411,0.0392156862745098,0.9386828170006678,0.004901960784313725,0.2672689244158443,0.6831827688960389
GREATS,manifold_orbit_fashion_mnist,1,0.1,0.3,warm_start,50,50,3500,1500,54,1605,1659,,0.47924999999999995,0.47925,,,,,0.8774748570285738,0,0,51,0.3148148148148148,0.6851851851851852,0.7154213190078735,0.7154213190078735,1.0000001192092896,0.08083648164317293,0.7547169811320755,0.7358490566037735,0.6792452830188679,0.2777777777777778,0.7222222222222222,0.07407407407407407,0.9626932113772239,0.018518518518518517,0.30647232973454425,0.673381917566364
GREATS,manifold_orbit_fashion_mnist,1,0.1,0.3,warm_start,100,100,3500,1500,104,1218,1322,,0.40800000000000003,0.408,,,,,1.8774188900133595,0,0,101,0.33653846153846156,0.6538461538461539,0.7012922763824463,0.7012922763824463,1.000000238418579,0.06388709383103454,0.7669902912621359,0.8543689320388349,0.7475728155339806,0.34615384615384615,0.6538461538461539,0.04807692307692308,0.9573848911023927,0.009615384615384616,0.28740529856010816,0.678148675359973
GREATS,manifold_orbit_fashion_mnist,1,0.1,0.3,warm_start,200,200,3500,1500,204,1145,1349,,0.38825,0.38825,,,,,4.535026937024668,0,1,201,0.29901960784313725,0.6813725490196079,0.7030642628669739,0.7030642628669739,1.000000238418579,0.04630068399636029,0.812807881773399,0.9064039408866995,0.812807881773399,0.46568627450980393,0.5343137254901961,0.0392156862745098,0.9408607287075591,0.004901960784313725,0.26077418291726673,0.6848064542706833
MaxLoss,manifold_orbit_fashion_mnist,1,0.1,0.6,warm_start,50,50,2000,3000,54,948,1002,0.540657737001311,0.45675,0.45675,,,,,0.4324661889113486,0,0,51,0.2962962962962963,0.7037037037037037,0.757799506187439,0.757799506187439,1.000000238418579,0.10162497803849994,0.5660377358490566,0.6415094339622641,0.5660377358490566,0.37037037037037035,0.6296296296296297,0.07407407407407407,0.962785310797515,0.018518518518518517,0.3154843070659682,0.6711289232335079
MaxLoss,manifold_orbit_fashion_mnist,1,0.1,0.6,warm_start,100,100,2000,3000,104,912,1016,0.547663958510384,0.44725000000000004,0.44725,,,,,0.9488363419659436,0,0,101,0.3269230769230769,0.7307692307692307,0.729105532169342,0.729105532169342,1.000000238418579,0.06838772315712809,0.7378640776699029,0.8252427184466019,0.7281553398058253,0.47115384615384615,0.5288461538461539,0.07692307692307693,0.9490163347305342,0.009615384615384616,0.29256336173391534,0.6768591595665212
MaxLoss,manifold_orbit_fashion_mnist,1,0.1,0.6,warm_start,200,200,2000,3000,204,614,818,0.44784063525730744,0.365,0.365,,,,,2.555837159976363,0,1,201,0.3137254901960784,0.7549019607843137,0.6862857341766357,0.6862857341766357,1.0000003576278687,0.050942352376511235,0.8029556650246306,0.8916256157635468,0.7980295566502463,0.5245098039215687,0.47549019607843135,0.0392156862745098,0.9404845201056993,0.004901960784313725,0.2824000928666251,0.6793999767833437
PU-R,manifold_orbit_fashion_mnist,1,0.1,0.6,warm_start,50,50,2000,3000,54,861,915,0.4969423572765663,0.44499999999999995,0.445,,,,,0.6574760490329936,0,0,51,0.2777777777777778,0.7037037037037037,0.7414624094963074,0.7414624094963074,1.000000238418579,0.11696742278225017,0.39622641509433965,0.5849056603773585,0.39622641509433965,0.3333333333333333,0.6666666666666666,0.07407407407407407,0.9644604058386245,0.018518518518518517,0.3439292026268277,0.6640176993432931
PU-R,manifold_orbit_fashion_mnist,1,0.1,0.6,warm_start,100,100,2000,3000,104,756,860,0.46914848434971645,0.42974999999999997,0.42975,,,,,1.527686755056493,0,0,101,0.2980769230769231,0.7211538461538461,0.7113510966300964,0.7113510966300964,1.000000238418579,0.07463545243716935,0.6699029126213593,0.8349514563106796,0.6601941747572816,0.4230769230769231,0.5769230769230769,0.07692307692307693,0.9508397687266211,0.009615384615384616,0.3020332845027505,0.6744916788743124
PU-R,manifold_orbit_fashion_mnist,1,0.1,0.6,warm_start,200,200,2000,3000,204,658,862,0.4701613308279775,0.40475000000000005,0.40475,,,,,4.435561059042811,0,1,201,0.27941176470588236,0.7058823529411765,0.6752712726593018,0.6752712726593018,1.0000004768371582,0.04379842998781081,0.8719211822660099,0.9014778325123153,0.8669950738916257,0.47549019607843135,0.5245098039215687,0.0392156862745098,0.9421502136116747,0.004901960784313725,0.24425365765338003,0.6889365855866549
PU-R-Manifold,manifold_orbit_fashion_mnist,1,0.1,0.6,warm_start,50,50,2000,3000,54,845,899,0.4888695403933525,0.45425000000000004,0.45425,,,,,0.7581427249824628,0,0,51,0.35185185185185186,0.7962962962962963,0.7543542385101318,0.7543542385101318,1.0000001192092896,0.09331847530490947,0.660377358490566,0.7169811320754716,0.6037735849056604,0.4074074074074074,0.5925925925925926,0.09259259259259259,0.9616463319928279,0.018518518518518517,0.3111634926656192,0.6722091268335952
PU-R-Manifold,manifold_orbit_fashion_mnist,1,0.1,0.6,warm_start,100,100,2000,3000,104,785,889,0.48381876217899844,0.41800000000000004,0.418,,,,,1.8175502329831943,0,0,101,0.27884615384615385,0.75,0.7286206483840942,0.7286206483840942,1.0000001192092896,0.06759401446985967,0.7475728155339806,0.8446601941747572,0.7281553398058253,0.4807692307692308,0.5192307692307693,0.057692307692307696,0.9485034960704608,0.009615384615384616,0.28729284915095177,0.6781767877122621
PU-R-Manifold,manifold_orbit_fashion_mnist,1,0.1,0.6,warm_start,200,200,2000,3000,204,666,870,0.47421107901027426,0.41900000000000004,0.419,,,,,5.368992247036658,0,1,201,0.3088235294117647,0.7254901960784313,0.7001539468765259,0.7001539468765259,1.0000004768371582,0.04792504943907261,0.8325123152709359,0.896551724137931,0.8275862068965517,0.5245098039215687,0.47549019607843135,0.0392156862745098,0.9335557295137435,0.004901960784313725,0.26587916840953985,0.6835302078976151
GREATS,manifold_orbit_fashion_mnist,1,0.1,0.6,warm_start,50,50,2000,3000,54,826,880,,0.44999999999999996,0.45,,,,,0.6916247069602832,0,0,51,0.3333333333333333,0.8888888888888888,0.7347020506858826,0.7347020506858826,1.0000001192092896,0.08612903587098392,0.6981132075471698,0.7169811320754716,0.6792452830188679,0.4444444444444444,0.5555555555555556,0.09259259259259259,0.9493250482143101,0.018518518518518517,0.31529306418530884,0.6711767339536727
GREATS,manifold_orbit_fashion_mnist,1,0.1,0.6,warm_start,100,100,2000,3000,104,645,749,,0.41325,0.41325,,,,,1.4908754860516638,0,0,101,0.25961538461538464,0.7596153846153846,0.7234898209571838,0.7234898209571838,1.000000238418579,0.060327149565937446,0.8155339805825242,0.8543689320388349,0.8058252427184466,0.36538461538461536,0.6346153846153846,0.057692307692307696,0.9618049000795571,0.009615384615384616,0.27128175065879934,0.6821795623353002
GREATS,manifold_orbit_fashion_mnist,1,0.1,0.6,warm_start,200,200,2000,3000,204,482,686,,0.36424999999999996,0.36425,,,,,3.5911007670219988,0,1,201,0.27450980392156865,0.7009803921568627,0.6890559792518616,0.6890559792518616,1.0000003576278687,0.04277460812935101,0.8620689655172413,0.916256157635468,0.8522167487684729,0.4362745098039216,0.5637254901960784,0.0392156862745098,0.94581148347142,0.004901960784313725,0.24589440835908938,0.6885263979102276
MaxLoss,manifold_orbit_fashion_mnist,2,0.1,0.0,warm_start,50,50,5000,0,54,2503,2557,0.5373637044685893,0.47524999999999995,0.47525,,,,,0.5090951320016757,0,0,51,0.37037037037037035,0.6666666666666666,0.7820433378219604,0.7820433378219604,1.000000238418579,0.09492188917016084,0.6226415094339622,0.6415094339622641,0.5849056603773585,0.37037037037037035,0.6296296296296297,0.09259259259259259,0.9551417370146604,0.018518518518518517,0.2981804168999564,0.6754548957750108
MaxLoss,manifold_orbit_fashion_mnist,2,0.1,0.0,warm_start,100,100,5000,0,104,2221,2325,0.49081982334610075,0.4575,0.4575,,,,,1.1400765409925953,0,0,101,0.34615384615384615,0.625,0.7601081132888794,0.7601081132888794,1.000000238418579,0.06571010478491922,0.7087378640776699,0.8349514563106796,0.6990291262135923,0.41346153846153844,0.5865384615384616,0.057692307692307696,0.9446106751800901,0.009615384615384616,0.27851257066706636,0.6803718573332334
MaxLoss,manifold_orbit_fashion_mnist,2,0.1,0.0,warm_start,200,200,5000,0,204,2055,2259,0.4775375740719028,0.44575,0.44575,,,,,2.9713132199831307,0,1,201,0.35294117647058826,0.5980392156862745,0.6830549836158752,0.6830549836158752,1.0000003576278687,0.05092997254409226,0.7783251231527094,0.8669950738916257,0.7733990147783252,0.4117647058823529,0.5882352941176471,0.04411764705882353,0.9476527425142851,0.004901960784313725,0.2894135302784419,0.6776466174303895
PU-R,manifold_orbit_fashion_mnist,2,0.1,0.0,warm_start,50,50,5000,0,54,2173,2227,0.4710910734720528,0.4535,0.4535,,,,,1.0110040639992803,0,0,51,0.37037037037037035,0.6296296296296297,0.7563919425010681,0.7563919425010681,1.000000238418579,0.09842362999916077,0.4528301886792453,0.6792452830188679,0.4528301886792453,0.3148148148148148,0.6851851851851852,0.09259259259259259,0.9629560208938542,0.018518518518518517,0.3116317286946502,0.6720920678263375
PU-R,manifold_orbit_fashion_mnist,2,0.1,0.0,warm_start,100,100,5000,0,104,2436,2540,0.5339608329813927,0.48575,0.48575,,,,,2.3807678599841893,0,0,101,0.38461538461538464,0.6057692307692307,0.7254621386528015,0.7254621386528015,1.000000238418579,0.05405176727517137,0.883495145631068,0.883495145631068,0.8543689320388349,0.3269230769230769,0.6730769230769231,0.04807692307692308,0.9639132546079393,0.009615384615384616,0.25028001944388684,0.6874299951390284
PU-R,manifold_orbit_fashion_mnist,2,0.1,0.0,warm_start,200,200,5000,0,204,2055,2259,0.4775375740719028,0.39825,0.39825,,,,,6.538665244006552,0,1,201,0.35294117647058826,0.6029411764705882,0.6319354176521301,0.6319354176521301,1.000000238418579,0.03184749868703006,0.9359605911330049,0.9507389162561576,0.9359605911330049,0.4019607843137255,0.5980392156862745,0.03431372549019608,0.9470207901841662,0.004901960784313725,0.21479457319078912,0.6963013567023028
PU-R-Manifold,manifold_orbit_fashion_mnist,2,0.1,0.0,warm_start,50,50,5000,0,54,2093,2147,0.4549557921709493,0.47150000000000003,0.4715,,,,,1.2572528979508206,0,0,51,0.3333333333333333,0.5185185185185185,0.7993447184562683,0.7993447184562683,1.000000238418579,0.07418056816424963,0.8301886792452831,0.7924528301886793,0.7547169811320755,0.2777777777777778,0.7222222222222222,0.09259259259259259,0.9631336173253492,0.018518518518518517,0.2577355790251532,0.6855661052437116
PU-R-Manifold,manifold_orbit_fashion_mnist,2,0.1,0.0,warm_start,100,100,5000,0,104,2350,2454,0.51672770321602,0.48424999999999996,0.48425,,,,,2.9461167289409786,0,0,101,0.36538461538461536,0.5480769230769231,0.705263614654541,0.705263614654541,1.0000003576278687,0.05345327356486645,0.9029126213592233,0.9320388349514563,0.9029126213592233,0.27884615384615385,0.7211538461538461,0.04807692307692308,0.959385959304504,0.009615384615384616,0.2512771450365422,0.6871807137408644
PU-R-Manifold,manifold_orbit_fashion_mnist,2,0.1,0.0,warm_start,200,200,5000,0,204,2108,2312,0.48820507450727746,0.44125000000000003,0.44125,,,,,8.671089932904579,0,1,201,0.3235294117647059,0.553921568627451,0.6185805797576904,0.6185805797576904,1.000000238418579,0.033688556384570495,0.9359605911330049,0.9408866995073891,0.9261083743842364,0.31862745098039214,0.6813725490196079,0.03431372549019608,0.9587723868749206,0.004901960784313725,0.2178086353792706,0.6955478411551823
GREATS,manifold_orbit_fashion_mnist,2,0.1,0.0,warm_start,50,50,5000,0,54,2106,2160,,0.47524999999999995,0.47525,,,,,1.136060593998991,0,0,51,0.37037037037037035,0.6481481481481481,0.7414989471435547,0.7414989471435547,1.000000238418579,0.08540440505405641,0.660377358490566,0.6226415094339622,0.5849056603773585,0.35185185185185186,0.6481481481481481,0.07407407407407407,0.9603863294122644,0.018518518518518517,0.313066297976522,0.6717334255058696
GREATS,manifold_orbit_fashion_mnist,2,0.1,0.0,warm_start,100,100,5000,0,104,2250,2354,,0.46799999999999997,0.468,,,,,2.3804366999538615,0,0,101,0.38461538461538464,0.6346153846153846,0.7100923657417297,0.7100923657417297,1.000000238418579,0.06757352826664749,0.7669902912621359,0.7961165048543689,0.7475728155339806,0.38461538461538464,0.6153846153846154,0.0673076923076923,0.9484137311650901,0.009615384615384616,0.2943963854543797,0.6764009036364051
GREATS,manifold_orbit_fashion_mnist,2,0.1,0.0,warm_start,200,200,5000,0,204,1985,2189,,0.43174999999999997,0.43175,,,,,5.670502483961172,0,1,201,0.35294117647058826,0.6764705882352942,0.6999742984771729,0.6999742984771729,1.0000003576278687,0.052036937968484284,0.7438423645320197,0.8620689655172413,0.7389162561576355,0.47549019607843135,0.5245098039215687,0.058823529411764705,0.9316462763408533,0.004901960784313725,0.2814548014554886,0.6796362996361278
MaxLoss,manifold_orbit_fashion_mnist,2,0.1,0.3,warm_start,50,50,3500,1500,54,1543,1597,0.48669973452342674,0.4625,0.4625,,,,,0.4797495349776,0,0,51,0.35185185185185186,0.6296296296296297,0.7654750943183899,0.7654750943183899,1.000000238418579,0.09141970524248087,0.6415094339622641,0.6792452830188679,0.6037735849056604,0.3333333333333333,0.6666666666666666,0.1111111111111111,0.9518884955313511,0.018518518518518517,0.29591220373293875,0.6760219490667654
MaxLoss,manifold_orbit_fashion_mnist,2,0.1,0.3,warm_start,100,100,3500,1500,104,1414,1518,0.46393149555660784,0.43225,0.43225,,,,,1.0597164010396227,0,0,101,0.36538461538461536,0.6634615384615384,0.7075003385543823,0.7075003385543823,1.0000003576278687,0.07178064312749696,0.6990291262135923,0.8155339805825242,0.6893203883495146,0.4230769230769231,0.5769230769230769,0.057692307692307696,0.9448582082259731,0.009615384615384616,0.3134477395064669,0.6716380651233833
MaxLoss,manifold_orbit_fashion_mnist,2,0.1,0.3,warm_start,200,200,3500,1500,204,1344,1548,0.47258517949376255,0.43025,0.43025,,,,,2.788294324069284,0,1,201,0.35784313725490197,0.6225490196078431,0.68902188539505,0.68902188539505,1.0000003576278687,0.05009956577141297,0.7980295566502463,0.896551724137931,0.7980295566502463,0.4068627450980392,0.5931372549019608,0.0392156862745098,0.9505498118602271,0.004901960784313725,0.2810411600687123,0.679739709982822
PU-R,manifold_orbit_fashion_mnist,2,0.1,0.3,warm_start,50,50,3500,1500,54,1550,1604,0.48871410288847983,0.45999999999999996,0.46,,,,,0.8300027450313792,0,0,51,0.42592592592592593,0.5925925925925926,0.734968900680542,0.734968900680542,1.000000238418579,0.11013098707738912,0.4339622641509434,0.5471698113207547,0.41509433962264153,0.2777777777777778,0.7222222222222222,0.07407407407407407,0.9714182384968394,0.018518518518518517,0.33530109180041845,0.6661747270498954
PU-R,manifold_orbit_fashion_mnist,2,0.1,0.3,warm_start,100,100,3500,1500,104,1676,1780,0.5391979551059194,0.47924999999999995,0.47925,,,,,1.9442748160799965,0,0,101,0.41346153846153844,0.6153846153846154,0.7213358879089355,0.7213358879089355,1.000000238418579,0.06299350446867712,0.8349514563106796,0.8737864077669902,0.8155339805825242,0.3269230769230769,0.6730769230769231,0.057692307692307696,0.9600066849413006,0.009615384615384616,0.27054416622095856,0.6823639584447604
PU-R,manifold_orbit_fashion_mnist,2,0.1,0.3,warm_start,200,200,3500,1500,204,1346,1550,0.4731617636862211,0.4385,0.4385,,,,,5.459772614995018,0,1,201,0.3382352941176471,0.6274509803921569,0.6514943242073059,0.6514943242073059,1.000000238418579,0.03322590806801331,0.9359605911330049,0.9458128078817734,0.9310344827586207,0.4215686274509804,0.5784313725490197,0.0392156862745098,0.9468239657399845,0.004901960784313725,0.21494978696191094,0.6962625532595222
PU-R-Manifold,manifold_orbit_fashion_mnist,2,0.1,0.3,warm_start,50,50,3500,1500,54,1721,1775,0.5377680805977434,0.50475,0.50475,,,,,1.0037862099707127,0,0,51,0.35185185185185186,0.6851851851851852,0.7143041491508484,0.7143041491508484,1.0000003576278687,0.1148350103846136,0.4528301886792453,0.5471698113207547,0.4339622641509434,0.3888888888888889,0.6111111111111112,0.12962962962962962,0.9456873554154226,0.018518518518518517,0.36137068976460085,0.6596573275588498
PU-R-Manifold,manifold_orbit_fashion_mnist,2,0.1,0.3,warm_start,100,100,3500,1500,104,1404,1508,0.4610448788735084,0.4435,0.4435,,,,,2.3566592179704458,0,0,101,0.3557692307692308,0.625,0.7260883450508118,0.7260883450508118,1.000000238418579,0.07004040132448511,0.6796116504854369,0.7961165048543689,0.6407766990291263,0.34615384615384615,0.6538461538461539,0.0673076923076923,0.9517749706097578,0.009615384615384616,0.2920540941727724,0.6769864764568069
PU-R-Manifold,manifold_orbit_fashion_mnist,2,0.1,0.3,warm_start,200,200,3500,1500,204,1448,1652,0.5025135165196843,0.45975,0.45975,,,,,6.910698093939573,0,1,201,0.35784313725490197,0.6764705882352942,0.6940798163414001,0.6940798163414001,1.000000238418579,0.04228050177320471,0.8817733990147784,0.896551724137931,0.8669950738916257,0.4362745098039216,0.5637254901960784,0.0392156862745098,0.9484378454976145,0.004901960784313725,0.24113603843029563,0.6897159903924261
GREATS,manifold_orbit_fashion_mnist,2,0.1,0.3,warm_start,50,50,3500,1500,54,1507,1561,,0.43225,0.43225,,,,,0.895923133008182,0,0,51,0.3333333333333333,0.6851851851851852,0.7629165649414062,0.7629165649414062,1.000000238418579,0.07808604667771538,0.6792452830188679,0.7358490566037735,0.6226415094339622,0.4074074074074074,0.5925925925925926,0.1111111111111111,0.9384438782650857,0.018518518518518517,0.291834717322376,0.677041320669406
GREATS,manifold_orbit_fashion_mnist,2,0.1,0.3,warm_start,100,100,3500,1500,104,1382,1486,,0.44199999999999995,0.442,,,,,1.8829953380627558,0,0,101,0.3557692307692308,0.6538461538461539,0.7387319803237915,0.7387319803237915,1.0000003576278687,0.06453044495536285,0.7766990291262136,0.8155339805825242,0.7572815533980582,0.3942307692307692,0.6057692307692307,0.08653846153846154,0.938951687217311,0.009615384615384616,0.2778075853000896,0.6805481036749776
GREATS,manifold_orbit_fashion_mnist,2,0.1,0.3,warm_start,200,200,3500,1500,204,1442,1646,,0.42625,0.42625,,,,,4.586666852002963,0,1,201,0.3480392156862745,0.6715686274509803,0.7109776139259338,0.7109776139259338,1.0000003576278687,0.04953274600611532,0.7931034482758621,0.8817733990147784,0.7881773399014779,0.46078431372549017,0.5392156862745098,0.049019607843137254,0.9368146785894897,0.004901960784313725,0.26430977106796916,0.6839225572330077
MaxLoss,manifold_orbit_fashion_mnist,2,0.1,0.6,warm_start,50,50,2000,3000,54,864,918,0.4984548579668626,0.47375,0.47375,,,,,0.4357669340679422,0,0,51,0.4444444444444444,0.8333333333333334,0.7861427664756775,0.7861427664756775,1.000000238418579,0.08193798841170545,0.660377358490566,0.7547169811320755,0.6037735849056604,0.3888888888888889,0.6111111111111112,0.07407407407407407,0.963663294486041,0.018518518518518517,0.2890475783699766,0.6777381054075058
MaxLoss,manifold_orbit_fashion_mnist,2,0.1,0.6,warm_start,100,100,2000,3000,104,656,760,0.4182941162143834,0.41300000000000003,0.413,,,,,0.9508591640042141,0,0,101,0.34615384615384615,0.7788461538461539,0.725237250328064,0.725237250328064,1.0000003576278687,0.07251017737808158,0.6990291262135923,0.7669902912621359,0.6601941747572816,0.4230769230769231,0.5769230769230769,0.057692307692307696,0.9635941085633556,0.009615384615384616,0.3077761223477112,0.6730559694130722
MaxLoss,manifold_orbit_fashion_mnist,2,0.1,0.6,warm_start,200,200,2000,3000,204,670,874,0.4762349720695056,0.41225,0.41225,,,,,2.5501467139692977,0,1,201,0.3382352941176471,0.7598039215686274,0.7099953889846802,0.7099953889846802,1.0000004768371582,0.04789087780994441,0.8177339901477833,0.8719211822660099,0.7931034482758621,0.5049019607843137,0.4950980392156863,0.03431372549019608,0.9511232794384871,0.004901960784313725,0.26757367223522094,0.6831065819411948
PU-R,manifold_orbit_fashion_mnist,2,0.1,0.6,warm_start,50,50,2000,3000,54,671,725,0.40039440093096346,0.4165,0.4165,,,,,0.6486238340148702,0,0,51,0.3333333333333333,0.7222222222222222,0.7215306758880615,0.7215306758880615,1.000000238418579,0.1091006634370336,0.5094339622641509,0.49056603773584906,0.37735849056603776,0.3888888888888889,0.6111111111111112,0.07407407407407407,0.9581207465179652,0.018518518518518517,0.3487488821845706,0.6628127794538574
PU-R,manifold_orbit_fashion_mnist,2,0.1,0.6,warm_start,100,100,2000,3000,104,841,945,0.5120510281412862,0.45725000000000005,0.45725,,,,,1.5120630760211498,0,0,101,0.33653846153846156,0.7307692307692307,0.6888017654418945,0.6888017654418945,1.000000238418579,0.07383255660533905,0.7475728155339806,0.7864077669902912,0.6990291262135923,0.4230769230769231,0.5769230769230769,0.057692307692307696,0.9483821191198906,0.009615384615384616,0.3164211508855614,0.6708947122786096
PU-R,manifold_orbit_fashion_mnist,2,0.1,0.6,warm_start,200,200,2000,3000,204,613,817,0.4473324140999466,0.40774999999999995,0.40775,,,,,4.3528849489521235,0,1,201,0.3088235294117647,0.7205882352941176,0.6784799098968506,0.6784799098968506,1.0000003576278687,0.05231741062489343,0.7832512315270936,0.8669950738916257,0.7635467980295566,0.47058823529411764,0.5294117647058824,0.03431372549019608,0.9487407455468924,0.004901960784313725,0.2870649065364488,0.6782337733658879
PU-R-Manifold,manifold_orbit_fashion_mnist,2,0.1,0.6,warm_start,50,50,2000,3000,54,943,997,0.53815360320732,0.50325,0.50325,,,,,0.7771362520288676,0,0,51,0.35185185185185186,0.7592592592592593,0.7452116012573242,0.7452116012573242,1.000000238418579,0.09595010528024638,0.5849056603773585,0.660377358490566,0.5471698113207547,0.35185185185185186,0.6481481481481481,0.07407407407407407,0.9621562143319737,0.018518518518518517,0.3112747727381046,0.6721813068154738
PU-R-Manifold,manifold_orbit_fashion_mnist,2,0.1,0.6,warm_start,100,100,2000,3000,104,806,910,0.4944207146181725,0.45325000000000004,0.45325,,,,,1.825687122065574,0,0,101,0.34615384615384615,0.7788461538461539,0.7289822101593018,0.7289822101593018,1.000000238418579,0.06251950460730248,0.7961165048543689,0.8349514563106796,0.7669902912621359,0.4326923076923077,0.5673076923076923,0.057692307692307696,0.9483201999083587,0.009615384615384616,0.2768221201673654,0.6807944699581586
PU-R-Manifold,manifold_orbit_fashion_mnist,2,0.1,0.6,warm_start,200,200,2000,3000,204,630,834,0.455966514069587,0.40874999999999995,0.40875,,,,,5.354304198059253,0,1,201,0.3431372549019608,0.7647058823529411,0.7156811356544495,0.7156811356544495,1.0000003576278687,0.04406499129541108,0.8472906403940886,0.9014778325123153,0.8325123152709359,0.5147058823529411,0.4852941176470588,0.0392156862745098,0.9441360569642877,0.004901960784313725,0.2590063318115559,0.685248417047111
GREATS,manifold_orbit_fashion_mnist,2,0.1,0.6,warm_start,50,50,2000,3000,54,740,794,,0.40549999999999997,0.4055,,,,,0.6775318549480289,0,0,51,0.3333333333333333,0.7777777777777778,0.7134121060371399,0.7134121060371399,1.0000004768371582,0.07134920471119431,0.7547169811320755,0.8113207547169812,0.6981132075471698,0.37037037037037035,0.6296296296296297,0.07407407407407407,0.9582530636699551,0.018518518518518517,0.29198662026975514,0.6770033449325612
GREATS,manifold_orbit_fashion_mnist,2,0.1,0.6,warm_start,100,100,2000,3000,104,834,938,,0.4465,0.4465,,,,,1.457829219987616,0,0,101,0.3173076923076923,0.7788461538461539,0.7066407203674316,0.7066407203674316,1.0000001192092896,0.06497955749046455,0.7378640776699029,0.8446601941747572,0.7281553398058253,0.46153846153846156,0.5384615384615384,0.057692307692307696,0.9418303133447119,0.009615384615384616,0.2867233024972117,0.6783191743756971
GREATS,manifold_orbit_fashion_mnist,2,0.1,0.6,warm_start,200,200,2000,3000,204,654,858,,0.41600000000000004,0.416,,,,,3.652672481024638,0,1,201,0.29901960784313725,0.7892156862745098,0.7080242037773132,0.7080242037773132,1.0000003576278687,0.044265290859884815,0.8423645320197044,0.9113300492610837,0.8374384236453202,0.5343137254901961,0.46568627450980393,0.049019607843137254,0.9367054361696059,0.004901960784313725,0.25161288337410914,0.6870967791564727
MaxLoss,manifold_orbit_fashion_mnist,3,0.1,0.0,warm_start,50,50,5000,0,54,2255,2309,0.4876015699119307,0.45499999999999996,0.455,,,,,0.5115192930679768,0,0,51,0.35185185185185186,0.6666666666666666,0.7923797965049744,0.7923797965049744,1.000000238418579,0.08743827972771986,0.660377358490566,0.7358490566037735,0.6226415094339622,0.35185185185185186,0.6481481481481481,0.09259259259259259,0.9563448452116616,0.018518518518518517,0.28427061002809884,0.6789323474929753
MaxLoss,manifold_orbit_fashion_mnist,3,0.1,0.0,warm_start,100,100,5000,0,104,2371,2475,0.520938657282386,0.49075,0.49075,,,,,1.1447314280085266,0,0,101,0.3557692307692308,0.7019230769230769,0.7299588322639465,0.7299588322639465,1.000000238418579,0.06584962826330686,0.7572815533980582,0.8155339805825242,0.7378640776699029,0.4423076923076923,0.5576923076923077,0.04807692307692308,0.9509737946093065,0.009615384615384616,0.29224369881645135,0.6769390752958871
MaxLoss,manifold_orbit_fashion_mnist,3,0.1,0.0,warm_start,200,200,5000,0,204,2048,2252,0.47612777235917747,0.42474999999999996,0.42475,,,,,2.982972273021005,0,1,201,0.3382352941176471,0.6715686274509803,0.6898303627967834,0.6898303627967834,1.0000003576278687,0.05184225804112815,0.7783251231527094,0.8522167487684729,0.7487684729064039,0.47549019607843135,0.5245098039215687,0.0392156862745098,0.9348315233109106,0.004901960784313725,0.2875996757714178,0.6781000810571456
PU-R,manifold_orbit_fashion_mnist,3,0.1,0.0,warm_start,50,50,5000,0,54,2453,2507,0.5273517914465629,0.494,0.494,,,,,1.0474384960252792,0,0,51,0.3888888888888889,0.7222222222222222,0.7711573243141174,0.7711573243141174,1.000000238418579,0.09546810782180642,0.5471698113207547,0.660377358490566,0.5283018867924528,0.3888888888888889,0.6111111111111112,0.09259259259259259,0.9632966775021514,0.018518518518518517,0.3127642414074566,0.6718089396481358
PU-R,manifold_orbit_fashion_mnist,3,0.1,0.0,warm_start,100,100,5000,0,104,2263,2367,0.49926261662039906,0.42874999999999996,0.42875,,,,,2.406629376928322,0,0,101,0.375,0.7115384615384616,0.7625163197517395,0.7625163197517395,1.000000238418579,0.0681542077110809,0.7475728155339806,0.7961165048543689,0.6893203883495146,0.46153846153846156,0.5384615384615384,0.0673076923076923,0.9430109175622003,0.009615384615384616,0.27987612989633387,0.6800309675259165
PU-R,manifold_orbit_fashion_mnist,3,0.1,0.0,warm_start,200,200,5000,0,204,2016,2220,0.46968032320728526,0.40625,0.40625,,,,,6.414705669041723,0,1,201,0.3431372549019608,0.6568627450980392,0.7199583649635315,0.7199583649635315,1.0000003576278687,0.049587071529162925,0.8226600985221675,0.8522167487684729,0.8078817733990148,0.46568627450980393,0.5343137254901961,0.05392156862745098,0.9358334279695623,0.004901960784313725,0.26616809200419067,0.6834579769989524
PU-R-Manifold,manifold_orbit_fashion_mnist,3,0.1,0.0,warm_start,50,50,5000,0,54,2429,2483,0.5225423436495475,0.48350000000000004,0.4835,,,,,1.3116511380067095,0,0,51,0.37037037037037035,0.5925925925925926,0.7729395627975464,0.7729395627975464,1.000000238418579,0.09979356572313129,0.5094339622641509,0.6037735849056604,0.49056603773584906,0.37037037037037035,0.6296296296296297,0.14814814814814814,0.9260214952023904,0.018518518518518517,0.3114542544986721,0.6721364363753319
PU-R-Manifold,manifold_orbit_fashion_mnist,3,0.1,0.0,warm_start,100,100,5000,0,104,2082,2186,0.46282514731865376,0.43274999999999997,0.43275,,,,,3.174869938986376,0,0,101,0.36538461538461536,0.6538461538461539,0.7109497785568237,0.7109497785568237,1.000000238418579,0.06962818486019245,0.7281553398058253,0.8058252427184466,0.6893203883495146,0.375,0.625,0.08653846153846154,0.931922002007068,0.009615384615384616,0.29681483350950033,0.6757962916226249
PU-R-Manifold,manifold_orbit_fashion_mnist,3,0.1,0.0,warm_start,200,200,5000,0,204,1910,2114,0.4482920214650221,0.40800000000000003,0.408,,,,,8.533268181956373,0,1,201,0.3480392156862745,0.6323529411764706,0.6590419411659241,0.6590419411659241,1.000000238418579,0.03712975303527757,0.9211822660098522,0.916256157635468,0.9064039408866995,0.39705882352941174,0.6029411764705882,0.04411764705882353,0.9439153079634817,0.004901960784313725,0.2304833244156315,0.6923791688960921
GREATS,manifold_orbit_fashion_mnist,3,0.1,0.0,warm_start,50,50,5000,0,54,2433,2487,,0.44699999999999995,0.447,,,,,1.1536022099899128,0,0,51,0.4444444444444444,0.8333333333333334,0.7490444183349609,0.7490444183349609,1.000000238418579,0.08477939637202137,0.6226415094339622,0.6415094339622641,0.5849056603773585,0.48148148148148145,0.5185185185185185,0.1111111111111111,0.9524531955462785,0.018518518518518517,0.3183189832223981,0.6704202541944004
GREATS,manifold_orbit_fashion_mnist,3,0.1,0.0,warm_start,100,100,5000,0,104,2216,2320,,0.43225,0.43225,,,,,2.4218326159752905,0,0,101,0.34615384615384615,0.7211538461538461,0.7587690949440002,0.7587690949440002,1.0000003576278687,0.06321251565970264,0.8349514563106796,0.8058252427184466,0.7475728155339806,0.41346153846153844,0.5865384615384616,0.0673076923076923,0.9443390443434985,0.009615384615384616,0.2701641985910682,0.6824589503522329
GREATS,manifold_orbit_fashion_mnist,3,0.1,0.0,warm_start,200,200,5000,0,204,1997,2201,,0.42025,0.42025,,,,,5.778342682984658,0,1,201,0.35784313725490197,0.6862745098039216,0.7301871180534363,0.7301871180534363,1.0000004768371582,0.046830447436553506,0.812807881773399,0.8669950738916257,0.7881773399014779,0.47549019607843135,0.5245098039215687,0.04411764705882353,0.933703405911996,0.004901960784313725,0.2573537989385274,0.6856615502653681
MaxLoss,manifold_orbit_fashion_mnist,3,0.1,0.3,warm_start,50,50,3500,1500,54,1593,1647,0.501077167224139,0.46299999999999997,0.463,,,,,0.4794923779554665,0,0,51,0.3888888888888889,0.7962962962962963,0.7530840635299683,0.7530840635299683,1.000000238418579,0.09419170303164788,0.660377358490566,0.6415094339622641,0.6226415094339622,0.4444444444444444,0.5555555555555556,0.07407407407407407,0.9604757260772726,0.018518518518518517,0.3318480782124019,0.6670379804468995
MaxLoss,manifold_orbit_fashion_mnist,3,0.1,0.3,warm_start,100,100,3500,1500,104,1552,1656,0.5036624136846513,0.42525,0.42525,,,,,1.0539469189243391,0,0,101,0.34615384615384615,0.7788461538461539,0.7702513933181763,0.7702513933181763,1.000000238418579,0.06559031507343922,0.6893203883495146,0.8155339805825242,0.6893203883495146,0.49038461538461536,0.5096153846153846,0.057692307692307696,0.9449870831997849,0.009615384615384616,0.2858804056494608,0.6785298985876348
MaxLoss,manifold_orbit_fashion_mnist,3,0.1,0.3,warm_start,200,200,3500,1500,204,1428,1632,0.4967666000011377,0.4085,0.4085,,,,,2.761360171949491,0,1,201,0.36764705882352944,0.7205882352941176,0.7034060955047607,0.7034060955047607,1.000000238418579,0.05163290773706483,0.7931034482758621,0.8866995073891626,0.7832512315270936,0.5,0.5,0.049019607843137254,0.9344347104661985,0.004901960784313725,0.2962968555214158,0.675925786119646
PU-R,manifold_orbit_fashion_mnist,3,0.1,0.3,warm_start,50,50,3500,1500,54,1578,1632,0.4967666000011377,0.47275,0.47275,,,,,0.8086437990423292,0,0,51,0.3333333333333333,0.7407407407407407,0.765462338924408,0.765462338924408,1.000000238418579,0.09036243524191515,0.5283018867924528,0.6415094339622641,0.5094339622641509,0.4074074074074074,0.5925925925925926,0.07407407407407407,0.9648120837419885,0.018518518518518517,0.3071009027685957,0.6732247743078511
PU-R,manifold_orbit_fashion_mnist,3,0.1,0.3,warm_start,100,100,3500,1500,104,1489,1593,0.48554844316095114,0.4265,0.4265,,,,,1.8772077800240368,0,0,101,0.33653846153846156,0.6730769230769231,0.7209340333938599,0.7209340333938599,1.000000238418579,0.07295132319904069,0.6699029126213593,0.7669902912621359,0.6407766990291263,0.4230769230769231,0.5769230769230769,0.057692307692307696,0.9536645946087863,0.009615384615384616,0.3002380034167009,0.6749404991458248
PU-R,manifold_orbit_fashion_mnist,3,0.1,0.3,warm_start,200,200,3500,1500,204,1517,1721,0.5223093082895502,0.4175,0.4175,,,,,5.3037948129931465,0,1,201,0.3284313725490196,0.6078431372549019,0.66340172290802,0.66340172290802,1.000000238418579,0.043606061653550625,0.8719211822660099,0.8916256157635468,0.8620689655172413,0.37254901960784315,0.6274509803921569,0.03431372549019608,0.9557988980086458,0.004901960784313725,0.24866151768445338,0.6878346205788867
PU-R-Manifold,manifold_orbit_fashion_mnist,3,0.1,0.3,warm_start,50,50,3500,1500,54,1468,1522,0.46508585405535996,0.4145,0.4145,,,,,0.9875447290251032,0,0,51,0.3148148148148148,0.6111111111111112,0.7508020401000977,0.7508020401000977,1.0000001192092896,0.10460255393442118,0.4528301886792453,0.6226415094339622,0.41509433962264153,0.3333333333333333,0.6666666666666666,0.09259259259259259,0.9586947212444186,0.018518518518518517,0.3236988829235131,0.6690752792691217
PU-R-Manifold,manifold_orbit_fashion_mnist,3,0.1,0.3,warm_start,100,100,3500,1500,104,1643,1747,0.5297561041079462,0.46475,0.46475,,,,,2.3726333250524476,0,0,101,0.34615384615384615,0.6153846153846154,0.7263632416725159,0.7263632416725159,1.0000001192092896,0.06193498037393811,0.8155339805825242,0.8446601941747572,0.7669902912621359,0.34615384615384615,0.6538461538461539,0.057692307692307696,0.9569668463669186,0.009615384615384616,0.27680353501680977,0.6807991162457976
PU-R-Manifold,manifold_orbit_fashion_mnist,3,0.1,0.3,warm_start,200,200,3500,1500,204,1407,1611,0.4907279732869938,0.40475000000000005,0.40475,,,,,7.020408496027812,0,1,201,0.31862745098039214,0.6372549019607843,0.6547086238861084,0.6547086238861084,1.000000238418579,0.036683004771547366,0.9064039408866995,0.9359605911330049,0.9064039408866995,0.4019607843137255,0.5980392156862745,0.029411764705882353,0.9553618614477175,0.004901960784313725,0.23151768120143443,0.6921205796996414
GREATS,manifold_orbit_fashion_mnist,3,0.1,0.3,warm_start,50,50,3500,1500,54,1497,1551,,0.43999999999999995,0.44,,,,,0.8830303739523515,0,0,51,0.2962962962962963,0.7037037037037037,0.7563916444778442,0.7563916444778442,1.0000003576278687,0.07344413703342653,0.7924528301886793,0.7358490566037735,0.6981132075471698,0.3148148148148148,0.6851851851851852,0.07407407407407407,0.9713614239273337,0.018518518518518517,0.2884501486783972,0.6778874628304007
GREATS,manifold_orbit_fashion_mnist,3,0.1,0.3,warm_start,100,100,3500,1500,104,1489,1593,,0.43799999999999994,0.438,,,,,1.9024848140543327,0,0,101,0.3173076923076923,0.7403846153846154,0.7522531151771545,0.7522531151771545,1.0000003576278687,0.052857742147538266,0.8737864077669902,0.8640776699029126,0.8252427184466019,0.41346153846153844,0.5865384615384616,0.057692307692307696,0.9583338252529449,0.009615384615384616,0.25917029163386884,0.6852074270915328
GREATS,manifold_orbit_fashion_mnist,3,0.1,0.3,warm_start,200,200,3500,1500,204,1284,1488,,0.4275,0.4275,,,,,4.633954755961895,0,1,201,0.35294117647058826,0.7892156862745098,0.7473456859588623,0.7473456859588623,1.0000003576278687,0.0438794205928671,0.8275862068965517,0.9211822660098522,0.812807881773399,0.5294117647058824,0.47058823529411764,0.04411764705882353,0.9423172633176439,0.004901960784313725,0.2483797035497673,0.6879050741125582
MaxLoss,manifold_orbit_fashion_mnist,3,0.1,0.6,warm_start,50,50,2000,3000,54,938,992,0.535648463817779,0.474,0.474,,,,,0.43256978690624237,0,0,51,0.2962962962962963,0.5,0.7326105833053589,0.7326105833053589,1.0000001192092896,0.09423893633878457,0.5849056603773585,0.6792452830188679,0.5471698113207547,0.2222222222222222,0.7777777777777778,0.1111111111111111,0.9590261004268892,0.018518518518518517,0.3163111960706923,0.6709222009823269
MaxLoss,manifold_orbit_fashion_mnist,3,0.1,0.6,warm_start,100,100,2000,3000,104,816,920,0.4994629898574203,0.44875,0.44875,,,,,0.9549951659282669,0,0,101,0.27884615384615385,0.5961538461538461,0.6632476449012756,0.6632476449012756,1.0000001192092896,0.07368524936796392,0.7669902912621359,0.8349514563106796,0.7378640776699029,0.3076923076923077,0.6923076923076923,0.0673076923076923,0.9565790260253271,0.009615384615384616,0.31483743693198224,0.6712906407670045
MaxLoss,manifold_orbit_fashion_mnist,3,0.1,0.6,warm_start,200,200,2000,3000,204,743,947,0.5130569837638177,0.42125,0.42125,,,,,2.5678741208976135,0,1,201,0.29901960784313725,0.6666666666666666,0.6580830216407776,0.6580830216407776,1.0000003576278687,0.049242594045371256,0.8177339901477833,0.8866995073891626,0.7931034482758621,0.43137254901960786,0.5686274509803921,0.04411764705882353,0.9416630293181649,0.004901960784313725,0.2823900971608119,0.679402475709797
PU-R,manifold_orbit_fashion_mnist,3,0.1,0.6,warm_start,50,50,2000,3000,54,756,810,0.4437736958498135,0.42874999999999996,0.42875,,,,,0.6570714439731091,0,0,51,0.2037037037037037,0.5925925925925926,0.7149884104728699,0.7149884104728699,1.000000238418579,0.094367578906833,0.6415094339622641,0.7547169811320755,0.5660377358490566,0.2037037037037037,0.7962962962962963,0.05555555555555555,0.9803283729880737,0.018518518518518517,0.3135018172372547,0.6716245456906863
PU-R,manifold_orbit_fashion_mnist,3,0.1,0.6,warm_start,100,100,2000,3000,104,867,971,0.525115902943071,0.47775,0.47775,,,,,1.5464647799963132,0,0,101,0.23076923076923078,0.6538461538461539,0.6550265550613403,0.6550265550613403,1.000000238418579,0.05595290747661035,0.883495145631068,0.9223300970873787,0.8737864077669902,0.3173076923076923,0.6826923076923077,0.057692307692307696,0.9618860027902546,0.009615384615384616,0.25969243487119104,0.6850768912822023
PU-R,manifold_orbit_fashion_mnist,3,0.1,0.6,warm_start,200,200,2000,3000,204,722,926,0.5024864167207852,0.4155,0.4155,,,,,4.558767442009412,0,1,201,0.24019607843137256,0.7107843137254902,0.5998877286911011,0.5998877286911011,1.0000001192092896,0.03101387561248441,0.9605911330049262,0.9605911330049262,0.9556650246305419,0.44607843137254904,0.553921568627451,0.029411764705882353,0.9516188285470747,0.004901960784313725,0.21176749522929567,0.697058126192676
PU-R-Manifold,manifold_orbit_fashion_mnist,3,0.1,0.6,warm_start,50,50,2000,3000,54,942,996,0.5376526557374746,0.46499999999999997,0.465,,,,,0.7680767279816791,0,0,51,0.3333333333333333,0.5740740740740741,0.7207785248756409,0.7207785248756409,1.000000238418579,0.11001109008519154,0.5283018867924528,0.6226415094339622,0.5283018867924528,0.25925925925925924,0.7407407407407407,0.1111111111111111,0.9551650430701261,0.018518518518518517,0.3408843917582281,0.664778902060443
PU-R-Manifold,manifold_orbit_fashion_mnist,3,0.1,0.6,warm_start,100,100,2000,3000,104,860,964,0.5216011103475466,0.45075,0.45075,,,,,1.8505871969973668,0,0,101,0.2980769230769231,0.6057692307692307,0.6520466208457947,0.6520466208457947,1.000000238418579,0.07066309770334114,0.8058252427184466,0.8737864077669902,0.7961165048543689,0.28846153846153844,0.7115384615384616,0.057692307692307696,0.961928149055121,0.009615384615384616,0.2956439911691727,0.6760890022077068
PU-R-Manifold,manifold_orbit_fashion_mnist,3,0.1,0.6,warm_start,200,200,2000,3000,204,754,958,0.5185868632397614,0.4265,0.4265,,,,,5.615285171079449,0,1,201,0.27450980392156865,0.6764705882352942,0.6213600635528564,0.6213600635528564,1.000000238418579,0.03336145813241968,0.9359605911330049,0.9458128078817734,0.9310344827586207,0.4068627450980392,0.5931372549019608,0.03431372549019608,0.9566244794532649,0.004901960784313725,0.2178350786871423,0.6955412303282145
GREATS,manifold_orbit_fashion_mnist,3,0.1,0.6,warm_start,50,50,2000,3000,54,861,915,,0.45175,0.45175,,,,,0.6916203530272469,0,0,51,0.24074074074074073,0.7962962962962963,0.7443768978118896,0.7443768978118896,1.000000238418579,0.06638808520335071,0.7358490566037735,0.8113207547169812,0.7169811320754716,0.35185185185185186,0.6481481481481481,0.14814814814814814,0.945944920383095,0.018518518518518517,0.2805161970492109,0.6798709507376972
GREATS,manifold_orbit_fashion_mnist,3,0.1,0.6,warm_start,100,100,2000,3000,104,829,933,,0.44675,0.44675,,,,,1.485001530032605,0,0,101,0.3173076923076923,0.75,0.7391600608825684,0.7391600608825684,1.000000238418579,0.0544191882448289,0.8155339805825242,0.8932038834951457,0.8155339805825242,0.38461538461538464,0.6153846153846154,0.08653846153846154,0.9546269474208368,0.009615384615384616,0.2575656576014861,0.6856085855996285
GREATS,manifold_orbit_fashion_mnist,3,0.1,0.6,warm_start,200,200,2000,3000,204,582,786,,0.40275000000000005,0.40275,,,,,3.693501571076922,0,1,201,0.28431372549019607,0.7696078431372549,0.7172834277153015,0.7172834277153015,1.0000003576278687,0.0434720944888486,0.8423645320197044,0.9064039408866995,0.8325123152709359,0.5294117647058824,0.47058823529411764,0.04411764705882353,0.9365609860047329,0.004901960784313725,0.2468458630203766,0.6882885342449059
MaxLoss,manifold_orbit_fashion_mnist,4,0.1,0.0,warm_start,50,50,5000,0,54,2452,2506,0.5271514460328035,0.48075,0.48075,,,,,0.5107689839787781,0,0,51,0.4074074074074074,0.7777777777777778,0.7652957439422607,0.7652957439422607,1.000000238418579,0.10248254380136165,0.6037735849056604,0.660377358490566,0.5660377358490566,0.4444444444444444,0.5555555555555556,0.16666666666666666,0.9217370709128583,0.018518518518518517,0.32195762330712585,0.6695105941732186
MaxLoss,manifold_orbit_fashion_mnist,4,0.1,0.0,warm_start,100,100,5000,0,104,2180,2284,0.4825708902790211,0.4285,0.4285,,,,,1.14081435801927,0,0,101,0.375,0.7115384615384616,0.766102135181427,0.766102135181427,1.000000238418579,0.07174521511040845,0.6601941747572816,0.8155339805825242,0.6504854368932039,0.46153846153846156,0.5384615384615384,0.08653846153846154,0.9393305406350814,0.009615384615384616,0.28655355632583185,0.678361610918542
MaxLoss,manifold_orbit_fashion_mnist,4,0.1,0.0,warm_start,200,200,5000,0,204,2200,2404,0.5066941776312888,0.4665,0.4665,,,,,2.9586439919658005,0,1,201,0.3627450980392157,0.6862745098039216,0.706645667552948,0.706645667552948,1.0000004768371582,0.0553580183407356,0.7881773399014779,0.8817733990147784,0.7832512315270936,0.49019607843137253,0.5098039215686274,0.04411764705882353,0.9342614496165982,0.004901960784313725,0.28915799363010336,0.6777105015924741
PU-R,manifold_orbit_fashion_mnist,4,0.1,0.0,warm_start,50,50,5000,0,54,2385,2439,0.5137187464861199,0.46725000000000005,0.46725,,,,,0.9939915550639853,0,0,51,0.37037037037037035,0.8518518518518519,0.7253289222717285,0.7253289222717285,1.0000004768371582,0.1189253105307525,0.4528301886792453,0.49056603773584906,0.41509433962264153,0.46296296296296297,0.5370370370370371,0.09259259259259259,0.9516394731506256,0.018518518518518517,0.36378018345805935,0.6590549541354851
PU-R,manifold_orbit_fashion_mnist,4,0.1,0.0,warm_start,100,100,5000,0,104,1926,2030,0.43130848719738424,0.4315,0.4315,,,,,2.3184100610669702,0,0,101,0.36538461538461536,0.6923076923076923,0.7215600609779358,0.7215600609779358,1.0000004768371582,0.08074999434276692,0.6116504854368932,0.7281553398058253,0.5728155339805825,0.40384615384615385,0.5961538461538461,0.04807692307692308,0.9563658154361124,0.009615384615384616,0.3127705029048721,0.671807374273782
PU-R,manifold_orbit_fashion_mnist,4,0.1,0.0,warm_start,200,200,5000,0,204,1954,2158,0.45717601175419986,0.43500000000000005,0.435,,,,,6.252478296984918,0,1,201,0.3333333333333333,0.6421568627450981,0.670407772064209,0.670407772064209,1.000000238418579,0.05415844961340204,0.8226600985221675,0.8620689655172413,0.8029556650246306,0.4215686274509804,0.5784313725490197,0.0392156862745098,0.9520944632451888,0.004901960784313725,0.2787690677325915,0.6803077330668521
PU-R-Manifold,manifold_orbit_fashion_mnist,4,0.1,0.0,warm_start,50,50,5000,0,54,2545,2599,0.5457655825885013,0.51075,0.51075,,,,,1.2561378460377455,0,0,51,0.24074074074074073,0.6481481481481481,0.7302954196929932,0.7302954196929932,1.000000238418579,0.09866857809840508,0.660377358490566,0.6981132075471698,0.5471698113207547,0.2962962962962963,0.7037037037037037,0.09259259259259259,0.9629537580482268,0.018518518518518517,0.3145721044959916,0.6713569738760021
PU-R-Manifold,manifold_orbit_fashion_mnist,4,0.1,0.0,warm_start,100,100,5000,0,104,2427,2531,0.5321588208316825,0.46475,0.46475,,,,,3.1008761239936575,0,0,101,0.3076923076923077,0.6057692307692307,0.6446001529693604,0.6446001529693604,1.0000001192092896,0.062121882600691715,0.8543689320388349,0.9029126213592233,0.8349514563106796,0.2980769230769231,0.7019230769230769,0.0673076923076923,0.9626289847730427,0.009615384615384616,0.27517831526769004,0.6812054211830775
PU-R-Manifold,manifold_orbit_fashion_mnist,4,0.1,0.0,warm_start,200,200,5000,0,204,2046,2250,0.4757249337853864,0.41274999999999995,0.41275,,,,,8.866714484989643,0,1,201,0.3088235294117647,0.5833333333333334,0.613497257232666,0.613497257232666,1.000000238418579,0.033947736465284976,0.9458128078817734,0.9605911330049262,0.9458128078817734,0.3333333333333333,0.6666666666666666,0.0392156862745098,0.9634947881765766,0.004901960784313725,0.21858077447627378,0.6953548063809316
GREATS,manifold_orbit_fashion_mnist,4,0.1,0.0,warm_start,50,50,5000,0,54,2431,2485,,0.47375,0.47375,,,,,1.1018586150603369,0,0,51,0.42592592592592593,0.7962962962962963,0.728785514831543,0.728785514831543,1.000000238418579,0.0803664506606336,0.660377358490566,0.6981132075471698,0.5849056603773585,0.3333333333333333,0.6666666666666666,0.1111111111111111,0.9488267956534252,0.018518518518518517,0.30750859805715836,0.6731228504857104
GREATS,manifold_orbit_fashion_mnist,4,0.1,0.0,warm_start,100,100,5000,0,104,2179,2283,,0.43274999999999997,0.43275,,,,,2.409114865004085,0,0,101,0.38461538461538464,0.7211538461538461,0.7179664969444275,0.7179664969444275,1.000000238418579,0.0694015136042845,0.7378640776699029,0.8252427184466019,0.7087378640776699,0.41346153846153844,0.5865384615384616,0.08653846153846154,0.9359597278594988,0.009615384615384616,0.3014821034617324,0.6746294741345669
GREATS,manifold_orbit_fashion_mnist,4,0.1,0.0,warm_start,200,200,5000,0,204,2018,2222,,0.40275000000000005,0.40275,,,,,5.680629478069022,0,1,201,0.37254901960784315,0.6666666666666666,0.7161772847175598,0.7161772847175598,1.000000238418579,0.05021969761167254,0.812807881773399,0.8817733990147784,0.7881773399014779,0.47549019607843135,0.5245098039215687,0.06862745098039216,0.9267356693371765,0.004901960784313725,0.2707230925272061,0.6823192268681985
MaxLoss,manifold_orbit_fashion_mnist,4,0.1,0.3,warm_start,50,50,3500,1500,54,1474,1528,0.46681708336109295,0.485,0.485,,,,,0.4759775360580534,0,0,51,0.4074074074074074,0.8518518518518519,0.8040060997009277,0.8040060997009277,1.000000238418579,0.08619552963184861,0.7169811320754716,0.6792452830188679,0.6415094339622641,0.4444444444444444,0.5555555555555556,0.07407407407407407,0.9633246581893361,0.018518518518518517,0.28121380461410184,0.6796965488464746
MaxLoss,manifold_orbit_fashion_mnist,4,0.1,0.3,warm_start,100,100,3500,1500,104,1641,1745,0.5291835163952783,0.44099999999999995,0.441,,,,,1.0520937710534781,0,0,101,0.36538461538461536,0.7211538461538461,0.7534608244895935,0.7534608244895935,1.0000003576278687,0.06853199005126953,0.7475728155339806,0.8252427184466019,0.7184466019417476,0.46153846153846156,0.5384615384615384,0.07692307692307693,0.946183530611665,0.009615384615384616,0.2847962302545935,0.6788009424363517
MaxLoss,manifold_orbit_fashion_mnist,4,0.1,0.3,warm_start,200,200,3500,1500,204,1356,1560,0.4760440709651448,0.4245,0.4245,,,,,2.7704439470544457,0,1,201,0.3284313725490196,0.7156862745098039,0.7207733988761902,0.7207733988761902,1.0000003576278687,0.05079643053961505,0.8325123152709359,0.8866995073891626,0.8226600985221675,0.5,0.5,0.04411764705882353,0.9331480645751502,0.004901960784313725,0.2708928792145463,0.6822767801963634
PU-R,manifold_orbit_fashion_mnist,4,0.1,0.3,warm_start,50,50,3500,1500,54,1295,1349,0.415007496078033,0.391,0.391,,,,,0.7815300120273605,0,0,51,0.4074074074074074,0.7222222222222222,0.7906986474990845,0.7906986474990845,1.0000003576278687,0.08698665252271688,0.6981132075471698,0.6792452830188679,0.6226415094339622,0.3333333333333333,0.6666666666666666,0.07407407407407407,0.9644604058386245,0.018518518518518517,0.28361569036332246,0.6790960774091694
PU-R,manifold_orbit_fashion_mnist,4,0.1,0.3,warm_start,100,100,3500,1500,104,1435,1539,0.46999004372628406,0.4415,0.4415,,,,,1.8405443700030446,0,0,101,0.375,0.6923076923076923,0.7413906455039978,0.7413906455039978,1.0000003576278687,0.06326979688070353,0.7864077669902912,0.8543689320388349,0.7669902912621359,0.41346153846153844,0.5865384615384616,0.057692307692307696,0.956315149517587,0.009615384615384616,0.2776973775203179,0.6805756556199205
PU-R,manifold_orbit_fashion_mnist,4,0.1,0.3,warm_start,200,200,3500,1500,204,1463,1667,0.5068210458266549,0.46525000000000005,0.46525,,,,,5.2309224139899015,0,1,201,0.31862745098039214,0.6274509803921569,0.6774423122406006,0.6774423122406006,1.0000004768371582,0.0434865682876756,0.8571428571428571,0.916256157635468,0.8522167487684729,0.4019607843137255,0.5980392156862745,0.04411764705882353,0.9536598865511028,0.004901960784313725,0.24792805464539003,0.6880179863386525
PU-R-Manifold,manifold_orbit_fashion_mnist,4,0.1,0.3,warm_start,50,50,3500,1500,54,1302,1356,0.4170399334980175,0.41074999999999995,0.41075,,,,,0.9388904829975218,0,0,51,0.3148148148148148,0.6666666666666666,0.7455407977104187,0.7455407977104187,1.000000238418579,0.10754737539111443,0.49056603773584906,0.6226415094339622,0.49056603773584906,0.2962962962962963,0.7037037037037037,0.09259259259259259,0.9629537580482268,0.018518518518518517,0.3213447009856824,0.6696638247535793
PU-R-Manifold,manifold_orbit_fashion_mnist,4,0.1,0.3,warm_start,100,100,3500,1500,104,1396,1500,0.4587348432978615,0.41274999999999995,0.41275,,,,,2.2739693589974195,0,0,101,0.33653846153846156,0.6346153846153846,0.7212663292884827,0.7212663292884827,1.000000238418579,0.06433671249926669,0.8446601941747572,0.8737864077669902,0.8155339805825242,0.36538461538461536,0.6346153846153846,0.057692307692307696,0.9551795668271216,0.009615384615384616,0.27458058742734487,0.6813548531431638
PU-R-Manifold,manifold_orbit_fashion_mnist,4,0.1,0.3,warm_start,200,200,3500,1500,204,1456,1660,0.5048111488576978,0.44525000000000003,0.44525,,,,,6.804254719056189,0,1,201,0.3235294117647059,0.6274509803921569,0.6393491625785828,0.6393491625785828,1.000000238418579,0.049422740202231946,0.8669950738916257,0.896551724137931,0.8571428571428571,0.4019607843137255,0.5980392156862745,0.03431372549019608,0.9505892795573377,0.004901960784313725,0.25077763336083936,0.6873055916597901
GREATS,manifold_orbit_fashion_mnist,4,0.1,0.3,warm_start,50,50,3500,1500,54,1484,1538,,0.47850000000000004,0.4785,,,,,0.8198589460225776,0,0,51,0.3888888888888889,0.7592592592592593,0.7381749749183655,0.7381749749183655,1.0000001192092896,0.0820522370203486,0.5660377358490566,0.6981132075471698,0.5660377358490566,0.4444444444444444,0.5555555555555556,0.09259259259259259,0.9417770835072542,0.018518518518518517,0.31805579594939315,0.6704860510126517
GREATS,manifold_orbit_fashion_mnist,4,0.1,0.3,warm_start,100,100,3500,1500,104,1653,1757,,0.49224999999999997,0.49225,,,,,1.8151973390486091,0,0,101,0.41346153846153844,0.7115384615384616,0.7402287125587463,0.7402287125587463,1.000000238418579,0.06253308636470906,0.7475728155339806,0.8446601941747572,0.7087378640776699,0.47115384615384615,0.5288461538461539,0.0673076923076923,0.9397830480268589,0.009615384615384616,0.2844701733499532,0.6788824566625117
GREATS,manifold_orbit_fashion_mnist,4,0.1,0.3,warm_start,200,200,3500,1500,204,1203,1407,,0.385,0.385,,,,,4.4761453829705715,0,1,201,0.3627450980392157,0.6813725490196079,0.715621829032898,0.715621829032898,1.0000003576278687,0.04922865984475084,0.7931034482758621,0.8817733990147784,0.7684729064039408,0.5,0.5,0.049019607843137254,0.9309891896998153,0.004901960784313725,0.2635078921529576,0.6841230269617606
MaxLoss,manifold_orbit_fashion_mnist,4,0.1,0.6,warm_start,50,50,2000,3000,54,896,950,0.5145656153908931,0.49350000000000005,0.4935,,,,,0.43058792396914214,0,0,51,0.3148148148148148,0.8518518518518519,0.7153847217559814,0.7153847217559814,1.000000238418579,0.12774748351635798,0.5094339622641509,0.49056603773584906,0.4716981132075472,0.4444444444444444,0.5555555555555556,0.09259259259259259,0.9562510718141523,0.018518518518518517,0.36695175637805466,0.6582620609054863
MaxLoss,manifold_orbit_fashion_mnist,4,0.1,0.6,warm_start,100,100,2000,3000,104,697,801,0.43919518415350467,0.4145,0.4145,,,,,0.9458224750123918,0,0,101,0.2980769230769231,0.75,0.7317736148834229,0.7317736148834229,1.0000003576278687,0.0688445559585268,0.7961165048543689,0.8446601941747572,0.7669902912621359,0.46153846153846156,0.5384615384615384,0.04807692307692308,0.9454573925710097,0.009615384615384616,0.2836190302731172,0.6790952424317207
MaxLoss,manifold_orbit_fashion_mnist,4,0.1,0.6,warm_start,200,200,2000,3000,204,540,744,0.41011802869616076,0.387,0.387,,,,,2.5427136019570753,0,1,201,0.3088235294117647,0.7745098039215687,0.7019087672233582,0.7019087672233582,1.0000003576278687,0.05094037138457809,0.8029556650246306,0.8866995073891626,0.7980295566502463,0.5490196078431373,0.45098039215686275,0.049019607843137254,0.9373433208553049,0.004901960784313725,0.27272982181967875,0.6818175445450803
PU-R,manifold_orbit_fashion_mnist,4,0.1,0.6,warm_start,50,50,2000,3000,54,910,964,0.5216011103475466,0.5005,0.5005,,,,,0.6420939910458401,0,0,51,0.3148148148148148,0.7962962962962963,0.7160175442695618,0.7160175442695618,1.000000238418579,0.1285756416618824,0.4339622641509434,0.5094339622641509,0.41509433962264153,0.4074074074074074,0.5925925925925926,0.07407407407407407,0.9546087966969385,0.018518518518518517,0.37327781675125365,0.6566805458121866
PU-R,manifold_orbit_fashion_mnist,4,0.1,0.6,warm_start,100,100,2000,3000,104,734,838,0.4579963242285885,0.42625,0.42625,,,,,1.5080871090758592,0,0,101,0.3269230769230769,0.7884615384615384,0.7319821119308472,0.7319821119308472,1.0000004768371582,0.07252216708023572,0.7572815533980582,0.7961165048543689,0.7184466019417476,0.4807692307692308,0.5192307692307693,0.057692307692307696,0.949597920378039,0.009615384615384616,0.28867699408677533,0.6778307514783062
PU-R,manifold_orbit_fashion_mnist,4,0.1,0.6,warm_start,200,200,2000,3000,204,606,810,0.4437736958498135,0.42800000000000005,0.428,,,,,4.3289133150829,0,1,201,0.3284313725490196,0.7745098039215687,0.7284622192382812,0.7284622192382812,1.000000238418579,0.04593443129156611,0.8522167487684729,0.9064039408866995,0.8374384236453202,0.5490196078431373,0.45098039215686275,0.03431372549019608,0.9410784960541321,0.004901960784313725,0.2482542019756524,0.6879364495060869
PU-R-Manifold,manifold_orbit_fashion_mnist,4,0.1,0.6,warm_start,50,50,2000,3000,54,890,944,0.5115479899686761,0.5005,0.5005,,,,,0.732844206970185,0,0,51,0.37037037037037035,0.7962962962962963,0.7726049423217773,0.7726049423217773,1.0000001192092896,0.10747066758713632,0.5849056603773585,0.6037735849056604,0.5660377358490566,0.3888888888888889,0.6111111111111112,0.09259259259259259,0.9531831863636482,0.018518518518518517,0.3119139029465079,0.672021524263373
PU-R-Manifold,manifold_orbit_fashion_mnist,4,0.1,0.6,warm_start,100,100,2000,3000,104,758,862,0.4701613308279775,0.43975,0.43975,,,,,1.7767403029138222,0,0,101,0.34615384615384615,0.7788461538461539,0.732291579246521,0.732291579246521,1.000000238418579,0.07369687171309318,0.7864077669902912,0.8446601941747572,0.7669902912621359,0.4326923076923077,0.5673076923076923,0.07692307692307693,0.9526177031751544,0.009615384615384616,0.28609591502971693,0.6784760212425708
PU-R-Manifold,manifold_orbit_fashion_mnist,4,0.1,0.6,warm_start,200,200,2000,3000,204,554,758,0.4172727119293995,0.40674999999999994,0.40675,,,,,5.279654191923328,0,1,201,0.30392156862745096,0.7549019607843137,0.7163697481155396,0.7163697481155396,1.0000003576278687,0.04641011752546054,0.8669950738916257,0.9064039408866995,0.8571428571428571,0.5196078431372549,0.4803921568627451,0.04411764705882353,0.9454109672525602,0.004901960784313725,0.24646212324611796,0.6883844691884705
GREATS,manifold_orbit_fashion_mnist,4,0.1,0.6,warm_start,50,50,2000,3000,54,825,879,,0.41800000000000004,0.418,,,,,0.6733668700326234,0,0,51,0.3333333333333333,0.8518518518518519,0.7626397609710693,0.7626397609710693,1.000000238418579,0.08176113032507447,0.7735849056603774,0.7735849056603774,0.7358490566037735,0.48148148148148145,0.5185185185185185,0.09259259259259259,0.9433447448842904,0.018518518518518517,0.2851535518433011,0.6787116120391747
GREATS,manifold_orbit_fashion_mnist,4,0.1,0.6,warm_start,100,100,2000,3000,104,655,759,,0.40549999999999997,0.4055,,,,,1.4609585800208151,0,0,101,0.28846153846153844,0.7403846153846154,0.7463825345039368,0.7463825345039368,1.000000238418579,0.0613594532953304,0.7961165048543689,0.8640776699029126,0.7864077669902912,0.4807692307692308,0.5192307692307693,0.057692307692307696,0.9408774382278141,0.009615384615384616,0.2657812611081122,0.683554684722972
GREATS,manifold_orbit_fashion_mnist,4,0.1,0.6,warm_start,200,200,2000,3000,204,646,850,,0.403,0.403,,,,,3.621330269961618,0,1,201,0.29901960784313725,0.6911764705882353,0.7201976180076599,0.7201976180076599,1.000000238418579,0.041952927023392594,0.8620689655172413,0.9113300492610837,0.8571428571428571,0.47549019607843135,0.5245098039215687,0.049019607843137254,0.9361593461112486,0.004901960784313725,0.2358450474103804,0.6910387381474049
