method,seed,noise_rate,pretrain_fraction,n_cert,n_pretrain,compression_size,remaining_bad,effective_compression_size,certified_bound,test_error,runtime_sec,stop_reached,train_calls
MaxLoss,0,0.0,0.0,3000,0,69,0,69,0.03264173452043906,0.011299999999999977,0.9124178329948336,1,66
PU-C,0,0.0,0.0,3000,0,112,0,112,0.04944029700709507,0.017800000000000038,0.16897312499349937,1,109
PU-F,0,0.0,0.0,3000,0,102,0,102,0.0455846541444771,0.015199999999999991,0.44400062499335036,1,99
PU-G,0,0.0,0.0,3000,0,128,0,128,0.05556067515863106,0.012199999999999989,0.30084391694981605,1,125
GREATS,0,0.0,0.0,3000,0,125,0,125,,0.0043999999999999595,0.45051537500694394,1,122
MaxLoss,0,0.0,0.1,2700,300,49,0,49,0.027275555534288287,0.009800000000000031,0.09326808404875919,1,46
PU-C,0,0.0,0.1,2700,300,29,0,29,0.01794182026060298,0.006299999999999972,0.07674362504621968,1,26
PU-F,0,0.0,0.1,2700,300,47,0,47,0.02636197186075151,0.007800000000000029,0.108493790961802,1,44
PU-G,0,0.0,0.1,2700,300,59,0,59,0.03179569693747908,0.008099999999999996,0.11903379199793562,1,56
GREATS,0,0.0,0.1,2700,300,69,0,69,,0.008399999999999963,0.1285312079708092,1,66
MaxLoss,0,0.0,0.2,2400,600,29,0,29,0.02017558040097356,0.0042999999999999705,0.08090179099235684,1,26
PU-C,0,0.0,0.2,2400,600,34,0,34,0.022852967551443726,0.007199999999999984,0.09463708399562165,1,31
PU-F,0,0.0,0.2,2400,600,27,0,27,0.019091045192908496,0.0047000000000000375,0.09261116600828245,1,24
PU-G,0,0.0,0.2,2400,600,38,0,38,0.02496518089901656,0.007099999999999995,0.10475233301986009,1,35
GREATS,0,0.0,0.2,2400,600,53,0,53,,0.007800000000000029,0.12472712498856708,1,50
MaxLoss,0,0.0,0.3,2100,900,26,0,26,0.02118325181072578,0.0049000000000000155,0.1052182920393534,1,23
PU-C,0,0.0,0.3,2100,900,26,0,26,0.02118325181072578,0.0044999999999999485,0.11224962503183633,1,23
PU-F,0,0.0,0.3,2100,900,35,0,35,0.02670720242895186,0.0044999999999999485,0.1270672499667853,1,32
PU-G,0,0.0,0.3,2100,900,31,0,31,0.02427371428348124,0.0037000000000000366,0.12243870802922174,1,28
GREATS,0,0.0,0.3,2100,900,30,0,30,,0.006000000000000005,0.11966541700530797,1,27
MaxLoss,0,0.0,0.4,1800,1200,30,0,30,0.027582303388044238,0.006199999999999983,0.13091195799643174,1,27
PU-C,0,0.0,0.4,1800,1200,35,0,35,0.03113263612613082,0.00660000000000005,0.15392541699111462,1,32
PU-F,0,0.0,0.4,1800,1200,30,0,30,0.027582303388044238,0.005600000000000049,0.14318670803913847,1,27
PU-G,0,0.0,0.4,1800,1200,29,0,29,0.026864898565690964,0.0037000000000000366,0.14127570897107944,1,26
GREATS,0,0.0,0.4,1800,1200,35,0,35,,0.007399999999999962,0.1474102910142392,1,32
MaxLoss,0,0.0,0.5,1500,1500,13,0,13,0.017839504580479115,0.0040000000000000036,0.13939329201821238,1,10
PU-C,0,0.0,0.5,1500,1500,11,0,11,0.015915791620500386,0.0032999999999999696,0.13811816700035706,1,8
PU-F,0,0.0,0.5,1500,1500,18,0,18,0.022487208247184753,0.006000000000000005,0.1492282499675639,1,15
PU-G,0,0.0,0.5,1500,1500,22,0,22,0.02608497691107914,0.0048000000000000265,0.15135170804569498,1,19
GREATS,0,0.0,0.5,1500,1500,21,0,21,,0.005299999999999971,0.15056366700446233,1,18
MaxLoss,0,0.0,0.6,1200,1800,16,0,16,0.025781950331293046,0.005499999999999949,0.16796241700649261,1,13
PU-C,0,0.0,0.6,1200,1800,21,0,21,0.03144788567442447,0.006000000000000005,0.17563054198399186,1,18
PU-F,0,0.0,0.6,1200,1800,13,0,13,0.022273400623816997,0.005299999999999971,0.16851608298020437,1,10
PU-G,0,0.0,0.6,1200,1800,10,0,10,0.018649740784894675,0.0023999999999999577,0.16698949999408796,1,7
GREATS,0,0.0,0.6,1200,1800,19,0,19,,0.0047000000000000375,0.1758374169585295,1,16
MaxLoss,0,0.0,0.7,900,2100,9,0,9,0.023171695414930582,0.0039000000000000146,0.18394087499473244,1,6
PU-C,0,0.0,0.7,900,2100,11,0,11,0.02644878235878423,0.0040999999999999925,0.18610633397474885,1,8
PU-F,0,0.0,0.7,900,2100,13,0,13,0.029640178836416453,0.00649999999999995,0.18938870797865093,1,10
PU-G,0,0.0,0.7,900,2100,10,0,10,0.024822357401717454,0.0016000000000000458,0.18730583402793854,1,7
GREATS,0,0.0,0.7,900,2100,12,0,12,,0.0036000000000000476,0.18955020903376862,1,9
MaxLoss,0,0.0,0.8,600,2400,4,0,4,0.021501237817574292,0.005600000000000049,0.2011243750457652,1,1
PU-C,0,0.0,0.8,600,2400,6,0,6,0.026965588273014873,0.0016000000000000458,0.20325170800788328,1,3
PU-F,0,0.0,0.8,600,2400,5,0,5,0.024279373232275248,0.0044999999999999485,0.20220875000813976,1,2
PU-G,0,0.0,0.8,600,2400,6,0,6,0.026965588273014873,0.0023999999999999577,0.2027650410309434,1,3
GREATS,0,0.0,0.8,600,2400,5,0,5,,0.0044999999999999485,0.20102654199581593,1,2
MaxLoss,0,0.4,0.0,3000,0,451,0,451,0.17326421377947554,0.023399999999999976,0.672634249960538,1,448
PU-C,0,0.4,0.0,3000,0,430,0,430,0.16580204077763483,0.008299999999999974,2.1678939589764923,1,427
PU-F,0,0.4,0.0,3000,0,446,0,446,0.17148905905196443,0.025000000000000022,4.199734875001013,1,443
PU-G,0,0.4,0.0,3000,0,495,0,495,0.18884600239107385,0.026699999999999946,4.70310762495501,1,492
GREATS,0,0.4,0.0,3000,0,496,0,496,,0.012599999999999945,3.0380092909908853,1,493
MaxLoss,0,0.4,0.1,2700,300,420,0,420,0.18002453196095303,0.021599999999999953,0.6621099580079317,1,417
PU-C,0,0.4,0.1,2700,300,437,0,437,0.18673023959854618,0.0232,2.2789214169606566,1,434
PU-F,0,0.4,0.1,2700,300,409,0,409,0.1756783106829971,0.01770000000000005,4.317687958013266,1,406
PU-G,0,0.4,0.1,2700,300,460,0,460,0.1957820297102444,0.030299999999999994,4.130322624987457,1,457
GREATS,0,0.4,0.1,2700,300,503,0,503,,0.01870000000000005,2.6730560419964604,1,500
MaxLoss,0,0.4,0.2,2400,600,379,0,379,0.18397163227200508,0.02429999999999999,0.5886400830349885,1,376
PU-C,0,0.4,0.2,2400,600,393,0,393,0.190200247510802,0.016900000000000026,1.7192012089653872,1,390
PU-F,0,0.4,0.2,2400,600,377,0,377,0.1830808500526473,0.012499999999999956,2.7375290420022793,1,374
PU-G,0,0.4,0.2,2400,600,455,0,455,0.21765006688656285,0.01429999999999998,3.8235772499465384,1,452
GREATS,0,0.4,0.2,2400,600,462,0,462,,0.01090000000000002,2.369667374994606,1,459
MaxLoss,0,0.4,0.3,2100,900,354,0,354,0.19710935821058229,0.027599999999999958,0.6205053750309162,1,351
PU-C,0,0.4,0.3,2100,900,372,0,372,0.20626018091570586,0.023599999999999954,1.489270917023532,1,369
PU-F,0,0.4,0.3,2100,900,340,0,340,0.18997423280961812,0.023499999999999965,2.276253500021994,1,337
PU-G,0,0.4,0.3,2100,900,371,0,371,0.20575245609506965,0.021199999999999997,2.44342670799233,1,368
GREATS,0,0.4,0.3,2100,900,414,0,414,,0.009499999999999953,2.1078733750036918,1,411
MaxLoss,0,0.4,0.4,1800,1200,303,0,303,0.19904772489098832,0.023499999999999965,0.5538916250225157,1,300
PU-C,0,0.4,0.4,1800,1200,301,0,301,0.19785415864316747,0.022199999999999998,1.410523458966054,1,298
PU-F,0,0.4,0.4,1800,1200,297,0,297,0.19546560902381316,0.02300000000000002,1.7218560829642229,1,294
PU-G,0,0.4,0.4,1800,1200,328,0,328,0.21392894187010825,0.012399999999999967,1.7317479160265066,1,325
GREATS,0,0.4,0.4,1800,1200,354,0,354,,0.014599999999999946,1.2746288750204258,1,351
MaxLoss,0,0.4,0.5,1500,1500,220,0,220,0.17836390651063994,0.01649999999999996,0.45346629101550207,1,217
PU-C,0,0.4,0.5,1500,1500,225,0,225,0.18199383554747328,0.008900000000000019,0.7001263750134967,1,222
PU-F,0,0.4,0.5,1500,1500,234,0,234,0.18851460044970736,0.026800000000000046,0.7390798330307007,1,231
PU-G,0,0.4,0.5,1500,1500,284,0,284,0.22446389746619388,0.03510000000000002,0.9228873749962077,1,281
GREATS,0,0.4,0.5,1500,1500,283,0,283,,0.017100000000000004,0.6113805829663761,1,280
MaxLoss,0,0.4,0.6,1200,1800,243,0,243,0.24262274953071028,0.023800000000000043,0.398158208001405,1,240
PU-C,0,0.4,0.6,1200,1800,197,0,197,0.20115190133219585,0.015800000000000036,0.43366220901953056,1,194
PU-F,0,0.4,0.6,1200,1800,247,0,247,0.246201274683699,0.03500000000000003,0.719715666025877,1,244
PU-G,0,0.4,0.6,1200,1800,246,0,246,0.24530702689662576,0.027800000000000047,0.8532710840227082,1,243
GREATS,0,0.4,0.6,1200,1800,235,0,235,,0.015900000000000025,0.5691853330354206,1,232
MaxLoss,0,0.4,0.7,900,2100,134,0,134,0.1898119124234654,0.020199999999999996,0.29738250002264977,1,131
PU-C,0,0.4,0.7,900,2100,140,0,140,0.1972026217263192,0.01990000000000003,0.3383193330373615,1,137
PU-F,0,0.4,0.7,900,2100,154,0,154,0.21435099828522652,0.026900000000000035,0.4425027499673888,1,151
PU-G,0,0.4,0.7,900,2100,173,0,173,0.23742782464250922,0.014599999999999946,0.6046512500033714,1,170
GREATS,0,0.4,0.7,900,2100,171,0,171,,0.00880000000000003,0.7116507919854484,1,168
MaxLoss,0,0.4,0.8,600,2400,90,0,90,0.2001374858082272,0.049900000000000055,0.2726568329962902,1,87
PU-C,0,0.4,0.8,600,2400,113,0,113,0.24298511043889448,0.06240000000000001,0.3161967499763705,1,110
PU-F,0,0.4,0.8,600,2400,111,0,111,0.23929446149850264,0.01319999999999999,0.3444839579751715,1,108
PU-G,0,0.4,0.8,600,2400,112,0,112,0.24114056106191128,0.019399999999999973,0.3639203750062734,1,109
GREATS,0,0.4,0.8,600,2400,101,0,101,,0.023499999999999965,0.3225113750086166,1,98
MaxLoss,1,0.0,0.0,3000,0,118,0,118,0.05174200655892491,0.018900000000000028,0.22293470799922943,1,115
PU-C,1,0.0,0.0,3000,0,107,0,107,0.04751565994229168,0.018100000000000005,0.17034274997422472,1,104
PU-F,1,0.0,0.0,3000,0,132,0,132,0.057082461076788604,0.009000000000000008,0.426340333011467,1,129
PU-G,1,0.0,0.0,3000,0,171,0,171,0.07177707378286868,0.0031999999999999806,0.46594866702798754,1,168
GREATS,1,0.0,0.0,3000,0,145,0,145,,0.0043999999999999595,0.4295132920378819,1,142
MaxLoss,1,0.0,0.1,2700,300,47,0,47,0.02636197186075151,0.006800000000000028,0.07890887500252575,1,44
PU-C,1,0.0,0.1,2700,300,65,0,65,0.034475019783712924,0.009600000000000053,0.1134246249566786,1,62
PU-F,1,0.0,0.1,2700,300,74,0,74,0.038456011563539505,0.008900000000000019,0.145895958004985,1,71
PU-G,1,0.0,0.1,2700,300,74,0,74,0.038456011563539505,0.00880000000000003,0.14472920802654698,1,71
GREATS,1,0.0,0.1,2700,300,61,0,61,,0.006000000000000005,0.11872741597471759,1,58
MaxLoss,1,0.0,0.2,2400,600,62,0,62,0.0372571304324083,0.008299999999999974,0.11154820799129084,1,59
PU-C,1,0.0,0.2,2400,600,47,0,47,0.029640937224030495,0.005900000000000016,0.11014187498949468,1,44
PU-F,1,0.0,0.2,2400,600,63,0,63,0.037758647406008095,0.007600000000000051,0.14303766697412357,1,60
PU-G,1,0.0,0.2,2400,600,73,0,73,0.04273886897135526,0.008199999999999985,0.15880912501597777,1,70
GREATS,1,0.0,0.2,2400,600,70,0,70,,0.007900000000000018,0.14921045798109844,1,67
MaxLoss,1,0.0,0.3,2100,900,49,0,49,0.0350237141828984,0.008600000000000052,0.12794862501323223,1,46
PU-C,1,0.0,0.3,2100,900,52,0,52,0.036773915810044855,0.006099999999999994,0.15054479200625792,1,49
PU-F,1,0.0,0.3,2100,900,48,0,48,0.03443813865305856,0.010099999999999998,0.14685162500245497,1,45
PU-G,1,0.0,0.3,2100,900,52,0,52,0.036773915810044855,0.008700000000000041,0.15162720798980445,1,49
GREATS,1,0.0,0.3,2100,900,62,0,62,,0.005600000000000049,0.1636154589941725,1,59
MaxLoss,1,0.0,0.4,1800,1200,38,0,38,0.033237001043744385,0.008600000000000052,0.13951224996708333,1,35
PU-C,1,0.0,0.4,1800,1200,32,0,32,0.029009448655415326,0.007800000000000029,0.14377041696570814,1,29
PU-F,1,0.0,0.4,1800,1200,39,0,39,0.033934641047380865,0.007900000000000018,0.15332566597498953,1,36
PU-G,1,0.0,0.4,1800,1200,38,0,38,0.033237001043744385,0.0049000000000000155,0.1564410420251079,1,35
GREATS,1,0.0,0.4,1800,1200,41,0,41,,0.0041999999999999815,0.15678324998589233,1,38
MaxLoss,1,0.0,0.5,1500,1500,25,0,25,0.028731088212225586,0.005800000000000027,0.14811924996320158,1,22
PU-C,1,0.0,0.5,1500,1500,31,0,31,0.03391920035937801,0.006800000000000028,0.15917391702532768,1,28
PU-F,1,0.0,0.5,1500,1500,33,0,33,0.03562300780322403,0.007099999999999995,0.16601508297026157,1,30
PU-G,1,0.0,0.5,1500,1500,29,0,29,0.03220343025168404,0.006399999999999961,0.16777950001414865,1,26
GREATS,1,0.0,0.5,1500,1500,34,0,34,,0.00649999999999995,0.1686277079861611,1,31
MaxLoss,1,0.0,0.6,1200,1800,25,0,25,0.03585972939617932,0.0050000000000000044,0.18077270803041756,1,22
PU-C,1,0.0,0.6,1200,1800,22,0,22,0.03255960560636595,0.007299999999999973,0.18150016601430252,1,19
PU-F,1,0.0,0.6,1200,1800,22,0,22,0.03255960560636595,0.008900000000000019,0.18055537500185892,1,19
PU-G,1,0.0,0.6,1200,1800,22,0,22,0.03255960560636595,0.008600000000000052,0.1815055829938501,1,19
GREATS,1,0.0,0.6,1200,1800,26,0,26,,0.0046000000000000485,0.18724220799049363,1,23
MaxLoss,1,0.0,0.7,900,2100,16,0,16,0.034303702879697084,0.006199999999999983,0.19117666699457914,1,13
PU-C,1,0.0,0.7,900,2100,18,0,18,0.03734689118573442,0.010299999999999976,0.1968145000282675,1,15
PU-F,1,0.0,0.7,900,2100,16,0,16,0.034303702879697084,0.007199999999999984,0.19613454199861735,1,13
PU-G,1,0.0,0.7,900,2100,21,0,21,0.041832362359855324,0.005800000000000027,0.2024957500398159,1,18
GREATS,1,0.0,0.7,900,2100,14,0,14,,0.006800000000000028,0.19348470802651718,1,11
MaxLoss,1,0.0,0.8,600,2400,10,0,10,0.037101879774127156,0.0043999999999999595,0.21005437499843538,1,7
PU-C,1,0.0,0.8,600,2400,15,0,15,0.04894368466921151,0.008399999999999963,0.21588874998269603,1,12
PU-F,1,0.0,0.8,600,2400,8,0,8,0.03213391738245264,0.0027000000000000357,0.2482239580131136,1,5
PU-G,1,0.0,0.8,600,2400,13,0,13,0.044287452939897776,0.0049000000000000155,0.21386745799100026,1,10
GREATS,1,0.0,0.8,600,2400,9,0,9,,0.00649999999999995,0.21077129198238254,1,6
MaxLoss,1,0.4,0.0,3000,0,508,0,508,0.19343678752193227,0.012499999999999956,0.8061815420514904,1,505
PU-C,1,0.4,0.0,3000,0,530,0,530,0.2011931817396544,0.00990000000000002,3.2173581249662675,1,527
PU-F,1,0.4,0.0,3000,0,577,0,577,0.21771349920891225,0.024499999999999966,6.843819666013587,1,574
PU-G,1,0.4,0.0,3000,0,600,34,634,0.2376643437310122,0.04190000000000005,7.107623166986741,0,597
GREATS,1,0.4,0.0,3000,0,557,0,557,,0.01649999999999996,3.5140301670180634,1,554
MaxLoss,1,0.4,0.1,2700,300,499,0,499,0.21107996569480747,0.011700000000000044,0.9004300000378862,1,496
PU-C,1,0.4,0.1,2700,300,575,0,575,0.24072597094345838,0.007600000000000051,3.869783667032607,1,572
PU-F,1,0.4,0.1,2700,300,538,0,538,0.22631886368617415,0.012700000000000045,5.190013125014957,1,535
PU-G,1,0.4,0.1,2700,300,595,0,595,0.24849442986305803,0.010499999999999954,6.267169583996292,1,592
GREATS,1,0.4,0.1,2700,300,600,13,613,,0.03539999999999999,3.75423541595228,0,597
MaxLoss,1,0.4,0.2,2400,600,429,0,429,0.20616427244385704,0.016199999999999992,0.70361279201461,1,426
PU-C,1,0.4,0.2,2400,600,473,0,473,0.22558168601244688,0.00880000000000003,2.405929667002056,1,470
PU-F,1,0.4,0.2,2400,600,435,0,435,0.20881797990296036,0.021199999999999997,3.6268063749885187,1,432
PU-G,1,0.4,0.2,2400,600,548,0,548,0.25846835447009653,0.009800000000000031,5.787323332973756,1,545
GREATS,1,0.4,0.2,2400,600,537,0,537,,0.011800000000000033,3.314666165970266,1,534
MaxLoss,1,0.4,0.3,2100,900,434,0,434,0.23759997606975958,0.015700000000000047,0.7671264999662526,1,431
PU-C,1,0.4,0.3,2100,900,431,0,431,0.23608950397465378,0.018299999999999983,2.122425250010565,1,428
PU-F,1,0.4,0.3,2100,900,436,0,436,0.23860663844970986,0.022499999999999964,3.0097724170191213,1,433
PU-G,1,0.4,0.3,2100,900,413,0,413,0.22701438126387075,0.020199999999999996,2.4773230829741806,1,410
GREATS,1,0.4,0.3,2100,900,466,0,466,,0.013399999999999967,3.5348855839692988,1,463
MaxLoss,1,0.4,0.4,1800,1200,310,0,310,0.20322154753375798,0.028800000000000048,0.5503233749768697,1,307
PU-C,1,0.4,0.4,1800,1200,344,0,344,0.2234174768673256,0.013900000000000023,1.9053674160386436,1,341
PU-F,1,0.4,0.4,1800,1200,303,0,303,0.19904772489098832,0.01319999999999999,2.6624555409653112,1,300
PU-G,1,0.4,0.4,1800,1200,352,0,352,0.22815192653797567,0.031399999999999983,3.690525291953236,1,349
GREATS,1,0.4,0.4,1800,1200,401,0,401,,0.011099999999999999,1.8256056250538677,1,398
MaxLoss,1,0.4,0.5,1500,1500,294,0,294,0.23160282074240968,0.04500000000000004,0.4884716249653138,1,291
PU-C,1,0.4,0.5,1500,1500,285,0,285,0.2251785016269423,0.022199999999999998,1.303921166982036,1,282
PU-F,1,0.4,0.5,1500,1500,272,0,272,0.2158759519807063,0.026699999999999946,1.627148124971427,1,269
PU-G,1,0.4,0.5,1500,1500,323,0,323,0.2522202433901839,0.03280000000000005,2.2583086250233464,1,320
GREATS,1,0.4,0.5,1500,1500,340,0,340,,0.02290000000000003,1.1662214579991996,1,337
MaxLoss,1,0.4,0.6,1200,1800,228,0,228,0.22916585637722164,0.026900000000000035,0.4055359159829095,1,225
PU-C,1,0.4,0.6,1200,1800,222,0,222,0.2237659049569629,0.023399999999999976,0.7452597910305485,1,219
PU-F,1,0.4,0.6,1200,1800,254,0,254,0.252453961817082,0.030399999999999983,0.7793906250153668,1,251
PU-G,1,0.4,0.6,1200,1800,249,0,249,0.24798900983296335,0.025000000000000022,0.7648343750042841,1,246
GREATS,1,0.4,0.6,1200,1800,246,0,246,,0.026499999999999968,0.5716994170215912,1,243
MaxLoss,1,0.4,0.7,900,2100,163,0,163,0.22530872625065967,0.03920000000000001,0.3330337920342572,1,160
PU-C,1,0.4,0.7,900,2100,167,0,167,0.2301632518065162,0.0464,0.4028791669989005,1,164
PU-F,1,0.4,0.7,900,2100,171,0,171,0.23500855593010783,0.03920000000000001,0.4963555419817567,1,168
PU-G,1,0.4,0.7,900,2100,176,0,176,0.2410525784944184,0.052100000000000035,0.47777466697152704,1,173
GREATS,1,0.4,0.7,900,2100,186,0,186,,0.04269999999999996,0.4528839169652201,1,183
MaxLoss,1,0.4,0.8,600,2400,88,0,88,0.19636580476071686,0.05559999999999998,0.27131895802449435,1,85
PU-C,1,0.4,0.8,600,2400,101,0,101,0.22074463200988248,0.06810000000000005,0.30215704103466123,1,98
PU-F,1,0.4,0.8,600,2400,87,0,87,0.19447691208915785,0.045599999999999974,0.31806962500559166,1,84
PU-G,1,0.4,0.8,600,2400,105,0,105,0.2281844211393036,0.027800000000000047,0.3364243329851888,1,102
GREATS,1,0.4,0.8,600,2400,92,0,92,,0.02180000000000004,0.3047832500305958,1,89
MaxLoss,2,0.0,0.0,3000,0,120,0,120,0.05250743729993701,0.01529999999999998,0.13275883300229907,1,117
PU-C,2,0.0,0.0,3000,0,116,0,116,0.050975687336176634,0.01629999999999998,0.21294516703346744,1,113
PU-F,2,0.0,0.0,3000,0,123,0,123,0.053653962444514036,0.0131,0.31836616597138345,1,120
PU-G,2,0.0,0.0,3000,0,108,0,108,0.04790108359884471,0.00770000000000004,0.3191302089835517,1,105
GREATS,2,0.0,0.0,3000,0,107,0,107,,0.0046000000000000485,0.4732634579995647,1,104
MaxLoss,2,0.0,0.1,2700,300,45,0,45,0.025444759579841048,0.008399999999999963,0.09086774999741465,1,42
PU-C,2,0.0,0.1,2700,300,41,0,41,0.023598499014042318,0.006000000000000005,0.09559458296280354,1,38
PU-F,2,0.0,0.1,2700,300,56,0,56,0.030447359604295343,0.008199999999999985,0.1180699160322547,1,53
PU-G,2,0.0,0.1,2700,300,77,0,77,0.03977406141348183,0.008199999999999985,0.15007254102965817,1,74
GREATS,2,0.0,0.1,2700,300,69,0,69,,0.006900000000000017,0.1340660830028355,1,66
MaxLoss,2,0.0,0.2,2400,600,32,0,32,0.021787392208352685,0.005700000000000038,0.08446666598320007,1,29
PU-C,2,0.0,0.2,2400,600,50,0,50,0.031179819023236632,0.010099999999999998,0.11408900003880262,1,47
PU-F,2,0.0,0.2,2400,600,42,0,42,0.02705520042218268,0.005199999999999982,0.11209612502716482,1,39
PU-G,2,0.0,0.2,2400,600,19,0,19,0.014651537698227912,0.0032999999999999696,0.08139241702156141,1,16
GREATS,2,0.0,0.2,2400,600,32,0,32,,0.0041999999999999815,0.09486329194623977,1,29
MaxLoss,2,0.0,0.3,2100,900,28,0,28,0.022426654177252203,0.0048000000000000265,0.10937004198785871,1,25
PU-C,2,0.0,0.3,2100,900,46,0,46,0.03326353122247383,0.006399999999999961,0.13653924997197464,1,43
PU-F,2,0.0,0.3,2100,900,44,0,44,0.03208407701458782,0.005499999999999949,0.1402245830395259,1,41
PU-G,2,0.0,0.3,2100,900,36,0,36,0.027310927340295166,0.005600000000000049,0.1309684159932658,1,33
GREATS,2,0.0,0.3,2100,900,26,0,26,,0.0030000000000000027,0.11636099999304861,1,23
MaxLoss,2,0.0,0.4,1800,1200,18,0,18,0.01875582296634093,0.0036000000000000476,0.12218308297451586,1,15
PU-C,2,0.0,0.4,1800,1200,24,0,24,0.023234111547935754,0.0036000000000000476,0.133450833032839,1,21
PU-F,2,0.0,0.4,1800,1200,18,0,18,0.01875582296634093,0.0043999999999999595,0.12923116702586412,1,15
PU-G,2,0.0,0.4,1800,1200,33,0,33,0.02971941459691152,0.006700000000000039,0.14745720801874995,1,30
GREATS,2,0.0,0.4,1800,1200,35,0,35,,0.006299999999999972,0.15101062500616536,1,32
MaxLoss,2,0.0,0.5,1500,1500,21,0,21,0.025193650973960757,0.006700000000000039,0.14802825002698228,1,18
PU-C,2,0.0,0.5,1500,1500,16,0,16,0.020651578553952277,0.0041999999999999815,0.15931045799516141,1,13
PU-F,2,0.0,0.5,1500,1500,19,0,19,0.023395154566969723,0.005199999999999982,0.1576260000001639,1,16
PU-G,2,0.0,0.5,1500,1500,16,0,16,0.020651578553952277,0.0017000000000000348,0.14638375001959503,1,13
GREATS,2,0.0,0.5,1500,1500,22,0,22,,0.0040000000000000036,0.15440508304163814,1,19
MaxLoss,2,0.0,0.6,1200,1800,16,0,16,0.025781950331293046,0.005800000000000027,0.16991191601846367,1,13
PU-C,2,0.0,0.6,1200,1800,10,0,10,0.018649740784894675,0.0021999999999999797,0.16743733297334984,1,7
PU-F,2,0.0,0.6,1200,1800,15,0,15,0.024623136851005256,0.0039000000000000146,0.1763017910416238,1,12
PU-G,2,0.0,0.6,1200,1800,21,0,21,0.03144788567442447,0.0041999999999999815,0.17986500001279637,1,18
GREATS,2,0.0,0.6,1200,1800,15,0,15,,0.0046000000000000485,0.1753978340420872,1,12
MaxLoss,2,0.0,0.7,900,2100,8,0,8,0.021493067673873156,0.0020999999999999908,0.18633433297509328,1,5
PU-C,2,0.0,0.7,900,2100,10,0,10,0.024822357401717454,0.0014999999999999458,0.18995275004999712,1,7
PU-F,2,0.0,0.7,900,2100,12,0,12,0.02805392601294443,0.0019000000000000128,0.1914144580368884,1,9
PU-G,2,0.0,0.7,900,2100,12,0,12,0.02805392601294443,0.0016000000000000458,0.19154445797903463,1,9
GREATS,2,0.0,0.7,900,2100,9,0,9,,0.0041999999999999815,0.18840987503062934,1,6
MaxLoss,2,0.0,0.8,600,2400,9,0,9,0.03463902446674183,0.0011999999999999789,0.20646637497702613,1,6
PU-C,2,0.0,0.8,600,2400,8,0,8,0.03213391738245264,0.0011999999999999789,0.20747287495760247,1,5
PU-F,2,0.0,0.8,600,2400,10,0,10,0.037101879774127156,0.0021999999999999797,0.20807379100006074,1,7
PU-G,2,0.0,0.8,600,2400,9,0,9,0.03463902446674183,0.0011999999999999789,0.20816795801511034,1,6
GREATS,2,0.0,0.8,600,2400,8,0,8,,0.0049000000000000155,0.20787620899500325,1,5
MaxLoss,2,0.4,0.0,3000,0,387,0,387,0.15046584833180532,0.026100000000000012,0.5783443750115111,1,384
PU-C,2,0.4,0.0,3000,0,397,0,397,0.15403954300563782,0.015499999999999958,2.626025417004712,1,394
PU-F,2,0.4,0.0,3000,0,412,0,412,0.15939182799775153,0.01429999999999998,4.89346412505256,1,409
PU-G,2,0.4,0.0,3000,0,455,0,455,0.1746836540987715,0.02180000000000004,5.061553500010632,1,452
GREATS,2,0.4,0.0,3000,0,465,0,465,,0.020399999999999974,3.772196875012014,1,462
MaxLoss,2,0.4,0.1,2700,300,383,0,383,0.1653816276229918,0.013700000000000045,0.6207086250069551,1,380
PU-C,2,0.4,0.1,2700,300,398,0,398,0.17132619221229106,0.02180000000000004,2.636896833020728,1,395
PU-F,2,0.4,0.1,2700,300,370,0,370,0.1602200951310806,0.01749999999999996,3.708234292047564,1,367
PU-G,2,0.4,0.1,2700,300,481,0,481,0.20402703410945833,0.01859999999999995,5.26402879197849,1,478
GREATS,2,0.4,0.1,2700,300,477,0,477,,0.01759999999999995,3.243825833022129,1,474
MaxLoss,2,0.4,0.2,2400,600,317,0,317,0.15623358346056193,0.017900000000000027,0.5117322499863803,1,314
PU-C,2,0.4,0.2,2400,600,403,0,403,0.19464209611760452,0.020000000000000018,2.5316442499752156,1,400
PU-F,2,0.4,0.2,2400,600,328,0,328,0.16117459174711257,0.023499999999999965,2.8135989580187015,1,325
PU-G,2,0.4,0.2,2400,600,450,0,450,0.21544397296383977,0.027000000000000024,4.261999875016045,1,447
GREATS,2,0.4,0.2,2400,600,452,0,452,,0.02190000000000003,2.797996749985032,1,449
MaxLoss,2,0.4,0.3,2100,900,297,0,297,0.16795295104384422,0.022299999999999986,0.4777777919662185,1,294
PU-C,2,0.4,0.3,2100,900,313,0,313,0.17616658442420885,0.02849999999999997,1.5968703749822453,1,310
PU-F,2,0.4,0.3,2100,900,280,0,280,0.15919836075045168,0.008499999999999952,1.8133187089697458,1,277
PU-G,2,0.4,0.3,2100,900,333,0,333,0.18640056799631566,0.01529999999999998,2.099429541034624,1,330
GREATS,2,0.4,0.3,2100,900,393,0,393,,0.02410000000000001,2.0465860000113025,1,390
MaxLoss,2,0.4,0.4,1800,1200,256,0,256,0.17086683184606954,0.020299999999999985,0.4032441250164993,1,253
PU-C,2,0.4,0.4,1800,1200,251,0,251,0.16785143030574545,0.022499999999999964,1.0408601249800995,1,248
PU-F,2,0.4,0.4,1800,1200,257,0,257,0.17146948183653876,0.01639999999999997,1.327138707973063,1,254
PU-G,2,0.4,0.4,1800,1200,290,0,290,0.1912810236099176,0.016100000000000003,1.7196987079805695,1,287
GREATS,2,0.4,0.4,1800,1200,318,0,318,,0.026000000000000023,0.9503684589872137,1,315
MaxLoss,2,0.4,0.5,1500,1500,243,0,243,0.19501916045555845,0.013499999999999956,0.4035828330088407,1,240
PU-C,2,0.4,0.5,1500,1500,225,0,225,0.18199383554747328,0.028800000000000048,0.7635393749806099,1,222
PU-F,2,0.4,0.5,1500,1500,247,0,247,0.19790505955461413,0.023299999999999987,1.0054174580145627,1,244
PU-G,2,0.4,0.5,1500,1500,266,0,266,0.2115729635115713,0.016000000000000014,0.9739394999924116,1,263
GREATS,2,0.4,0.5,1500,1500,300,0,300,,0.018100000000000005,1.0131799160153605,1,297
MaxLoss,2,0.4,0.6,1200,1800,196,0,196,0.20024328428553417,0.016800000000000037,0.3627052499796264,1,193
PU-C,2,0.4,0.6,1200,1800,193,0,193,0.1975154562969692,0.008000000000000007,0.4360632079769857,1,190
PU-F,2,0.4,0.6,1200,1800,203,0,203,0.20659681741381064,0.01859999999999995,0.5670293750008568,1,200
PU-G,2,0.4,0.6,1200,1800,214,0,214,0.21654995391145349,0.011399999999999966,0.657801166002173,1,211
GREATS,2,0.4,0.6,1200,1800,214,0,214,,0.02310000000000001,0.5111129590077326,1,211
MaxLoss,2,0.4,0.7,900,2100,109,0,109,0.15871139662340283,0.01649999999999996,0.273679958016146,1,106
PU-C,2,0.4,0.7,900,2100,99,0,99,0.1461123411427252,0.0121,0.29230933397775516,1,96
PU-F,2,0.4,0.7,900,2100,98,0,98,0.14484673202969134,0.017199999999999993,0.33308675000444055,1,95
PU-G,2,0.4,0.7,900,2100,128,0,128,0.18239447963424027,0.017900000000000027,0.39051579200895503,1,125
GREATS,2,0.4,0.7,900,2100,118,0,118,,0.014700000000000046,0.33052812499227,1,115
MaxLoss,2,0.4,0.8,600,2400,83,0,83,0.18690033128950745,0.0504,0.2602617500233464,1,80
PU-C,2,0.4,0.8,600,2400,93,0,93,0.20578014344209805,0.031000000000000028,0.2979427090031095,1,90
PU-F,2,0.4,0.8,600,2400,80,0,80,0.181194981909357,0.04590000000000005,0.3061408339999616,1,77
PU-G,2,0.4,0.8,600,2400,106,0,106,0.230040158261545,0.05149999999999999,0.3405829580151476,1,103
GREATS,2,0.4,0.8,600,2400,79,0,79,,0.01739999999999997,0.28999258298426867,1,76
MaxLoss,3,0.0,0.0,3000,0,123,0,123,0.053653962444514036,0.015100000000000002,0.1411290830001235,1,120
PU-C,3,0.0,0.0,3000,0,106,0,106,0.04712998168542981,0.01539999999999997,0.19539979205001146,1,103
PU-F,3,0.0,0.0,3000,0,127,0,127,0.055179738090373576,0.012399999999999967,0.3677937500178814,1,124
PU-G,3,0.0,0.0,3000,0,96,0,96,0.04325841483660042,0.007299999999999973,0.3305712500005029,1,93
GREATS,3,0.0,0.0,3000,0,167,0,167,,0.0040999999999999925,0.5693624999839813,1,164
MaxLoss,3,0.0,0.1,2700,300,59,0,59,0.03179569693747908,0.01200000000000001,0.09639962500659749,1,56
PU-C,3,0.0,0.1,2700,300,48,0,48,0.026819203747436404,0.008499999999999952,0.09749220899539068,1,45
PU-F,3,0.0,0.1,2700,300,46,0,46,0.025903833156917244,0.007000000000000006,0.10316708398750052,1,43
PU-G,3,0.0,0.1,2700,300,51,0,51,0.02818571886746213,0.006000000000000005,0.11586950003402308,1,48
GREATS,3,0.0,0.1,2700,300,54,0,54,,0.00649999999999995,0.11289799999212846,1,51
MaxLoss,3,0.0,0.2,2400,600,47,0,47,0.029640937224030495,0.007600000000000051,0.09897566703148186,1,44
PU-C,3,0.0,0.2,2400,600,26,0,26,0.018545468454249203,0.005199999999999982,0.08527037495514378,1,23
PU-F,3,0.0,0.2,2400,600,24,0,24,0.017447080521378666,0.0039000000000000146,0.0872863749973476,1,21
PU-G,3,0.0,0.2,2400,600,52,0,52,0.032201003341469914,0.006399999999999961,0.12617595901247114,1,49
GREATS,3,0.0,0.2,2400,600,40,0,40,,0.007000000000000006,0.1081959999864921,1,37
MaxLoss,3,0.0,0.3,2100,900,20,0,20,0.017382406338583678,0.0027000000000000357,0.10160004202043638,1,17
PU-C,3,0.0,0.3,2100,900,22,0,22,0.018662572896573693,0.005099999999999993,0.10992116696434096,1,19
PU-F,3,0.0,0.3,2100,900,34,0,34,0.026101695955730975,0.005099999999999993,0.13046437496086583,1,31
PU-G,3,0.0,0.3,2100,900,36,0,36,0.027310927340295166,0.008600000000000052,0.13126150000607595,1,33
GREATS,3,0.0,0.3,2100,900,41,0,41,,0.006099999999999994,0.13700049999170005,1,38
MaxLoss,3,0.0,0.4,1800,1200,28,0,28,0.026144773059058934,0.007499999999999951,0.13344337500166148,1,25
PU-C,3,0.0,0.4,1800,1200,31,0,31,0.028297114360611886,0.008000000000000007,0.14361829101108015,1,28
PU-F,3,0.0,0.4,1800,1200,22,0,22,0.021758200775366277,0.0040000000000000036,0.13507787504931912,1,19
PU-G,3,0.0,0.4,1800,1200,14,0,14,0.01566722959978506,0.0038000000000000256,0.12666629196610302,1,11
GREATS,3,0.0,0.4,1800,1200,33,0,33,,0.006900000000000017,0.14911116700386629,1,30
MaxLoss,3,0.0,0.5,1500,1500,23,0,23,0.026971468585543334,0.008700000000000041,0.14894458401249722,1,20
PU-C,3,0.0,0.5,1500,1500,18,0,18,0.022487208247184753,0.0046000000000000485,0.14772179099963978,1,15
PU-F,3,0.0,0.5,1500,1500,11,0,11,0.015915791620500386,0.0032999999999999696,0.14033699996070936,1,8
PU-G,3,0.0,0.5,1500,1500,16,0,16,0.020651578553952277,0.0036000000000000476,0.14628295897273347,1,13
GREATS,3,0.0,0.5,1500,1500,20,0,20,,0.005299999999999971,0.15235450002364814,1,17
MaxLoss,3,0.0,0.6,1200,1800,11,0,11,0.019872920005582273,0.005099999999999993,0.16732783301267773,1,8
PU-C,3,0.0,0.6,1200,1800,9,0,9,0.017408457002602518,0.0039000000000000146,0.1673002079478465,1,6
PU-F,3,0.0,0.6,1200,1800,18,0,18,0.0280719343572855,0.0048000000000000265,0.17642195901134983,1,15
PU-G,3,0.0,0.6,1200,1800,17,0,17,0.026931294472888112,0.0039000000000000146,0.1838195000309497,1,14
GREATS,3,0.0,0.6,1200,1800,19,0,19,,0.007900000000000018,0.1796361249871552,1,16
MaxLoss,3,0.0,0.7,900,2100,6,0,6,0.0180310292635113,0.0018000000000000238,0.18603420804720372,1,3
PU-C,3,0.0,0.7,900,2100,13,0,13,0.029640178836416453,0.007600000000000051,0.1928565840353258,1,10
PU-F,3,0.0,0.7,900,2100,15,0,15,0.03276355308480561,0.008099999999999996,0.1967097080196254,1,12
PU-G,3,0.0,0.7,900,2100,17,0,17,0.03583114157663658,0.007299999999999973,0.19933099998161197,1,14
GREATS,3,0.0,0.7,900,2100,15,0,15,,0.0040999999999999925,0.19623116694856435,1,12
MaxLoss,3,0.0,0.8,600,2400,7,0,7,0.029579319758340716,0.0032999999999999696,0.20663616596721113,1,4
PU-C,3,0.0,0.8,600,2400,6,0,6,0.026965588273014873,0.0030000000000000027,0.20645333296852186,1,3
PU-F,3,0.0,0.8,600,2400,8,0,8,0.03213391738245264,0.0031999999999999806,0.2073179169674404,1,5
PU-G,3,0.0,0.8,600,2400,7,0,7,0.029579319758340716,0.0024999999999999467,0.2066733330138959,1,4
GREATS,3,0.0,0.8,600,2400,6,0,6,,0.0031999999999999806,0.2056810000212863,1,3
MaxLoss,3,0.4,0.0,3000,0,487,0,487,0.18601805780781433,0.012499999999999956,0.8062776669976301,1,484
PU-C,3,0.4,0.0,3000,0,483,0,483,0.1846032562898472,0.010399999999999965,3.6121241669752635,1,480
PU-F,3,0.4,0.0,3000,0,447,0,447,0.17184416647069156,0.02310000000000001,3.9794336250051856,1,444
PU-G,3,0.4,0.0,3000,0,560,0,560,0.21174567472189665,0.02310000000000001,6.377552375022788,1,557
GREATS,3,0.4,0.0,3000,0,516,0,516,,0.01859999999999995,4.074661209015176,1,513
MaxLoss,3,0.4,0.1,2700,300,415,0,415,0.1780496959690936,0.020399999999999974,0.803443957993295,1,412
PU-C,3,0.4,0.1,2700,300,414,0,414,0.17765458562644199,0.009399999999999964,2.7919128340436146,1,411
PU-F,3,0.4,0.1,2700,300,488,0,488,0.20677136618178338,0.021399999999999975,5.245065290946513,1,485
PU-G,3,0.4,0.1,2700,300,479,0,479,0.20324257714673877,0.013000000000000012,4.9009153340011835,1,476
GREATS,3,0.4,0.1,2700,300,519,0,519,,0.01739999999999997,4.646402999991551,1,516
MaxLoss,3,0.4,0.2,2400,600,374,0,374,0.18174420821014792,0.014800000000000035,0.6384814160410315,1,371
PU-C,3,0.4,0.2,2400,600,384,0,384,0.18619750620564446,0.021199999999999997,2.4711655419669114,1,381
PU-F,3,0.4,0.2,2400,600,409,0,409,0.19730442290892825,0.02090000000000003,3.6694401249988005,1,406
PU-G,3,0.4,0.2,2400,600,463,0,463,0.22117720439564437,0.016599999999999948,4.263891959039029,1,460
GREATS,3,0.4,0.2,2400,600,437,0,437,,0.02070000000000005,2.3860988750238903,1,434
MaxLoss,3,0.4,0.3,2100,900,318,0,318,0.17872843332588673,0.022800000000000042,0.5095946660148911,1,315
PU-C,3,0.4,0.3,2100,900,345,0,345,0.19252433464862406,0.02510000000000001,1.9074079580022953,1,342
PU-F,3,0.4,0.3,2100,900,334,0,334,0.18691134633263573,0.020100000000000007,2.133156042022165,1,331
PU-G,3,0.4,0.3,2100,900,375,0,375,0.20778290351154283,0.023299999999999987,2.814902540994808,1,372
GREATS,3,0.4,0.3,2100,900,366,0,366,,0.027699999999999947,1.4459442079532892,1,363
MaxLoss,3,0.4,0.4,1800,1200,319,0,319,0.2085797103936784,0.01419999999999999,0.5161108750035055,1,316
PU-C,3,0.4,0.4,1800,1200,286,0,286,0.18888713710475713,0.020000000000000018,1.137979292019736,1,283
PU-F,3,0.4,0.4,1800,1200,293,0,293,0.19307514547836035,0.025399999999999978,1.2092356249922886,1,290
PU-G,3,0.4,0.4,1800,1200,342,0,342,0.2222328570787795,0.014000000000000012,2.158803333994001,1,339
GREATS,3,0.4,0.4,1800,1200,320,0,320,,0.015599999999999947,0.9440482499776408,1,317
MaxLoss,3,0.4,0.5,1500,1500,252,0,252,0.20150821458082646,0.030100000000000016,0.4031391669996083,1,249
PU-C,3,0.4,0.5,1500,1500,245,0,245,0.19646248914068565,0.02949999999999997,0.8907854169956408,1,242
PU-F,3,0.4,0.5,1500,1500,259,0,259,0.20654494693735614,0.027699999999999947,0.9490249159862287,1,256
PU-G,3,0.4,0.5,1500,1500,270,0,270,0.2144423031131737,0.029900000000000038,1.1110986670246348,1,267
GREATS,3,0.4,0.5,1500,1500,286,0,286,,0.026599999999999957,0.6913517080247402,1,283
MaxLoss,3,0.4,0.6,1200,1800,193,0,193,0.1975154562969692,0.02849999999999997,0.36693933396600187,1,190
PU-C,3,0.4,0.6,1200,1800,186,0,186,0.19113873346941546,0.027100000000000013,0.41989745799219236,1,183
PU-F,3,0.4,0.6,1200,1800,207,0,207,0.2102204326656647,0.030399999999999983,0.594968749966938,1,204
PU-G,3,0.4,0.6,1200,1800,207,0,207,0.2102204326656647,0.027800000000000047,0.6356124170124531,1,204
GREATS,3,0.4,0.6,1200,1800,217,0,217,,0.016800000000000037,0.5025383330066688,1,214
MaxLoss,3,0.4,0.7,900,2100,138,0,138,0.19474193511996418,0.024599999999999955,0.29602454201085493,1,135
PU-C,3,0.4,0.7,900,2100,139,0,139,0.1959726337227039,0.016199999999999992,0.34211870800936595,1,136
PU-F,3,0.4,0.7,900,2100,172,0,172,0.23621846921741962,0.02629999999999999,0.4678937919670716,1,169
PU-G,3,0.4,0.7,900,2100,188,0,188,0.25550348858814687,0.023499999999999965,0.5043563329963945,1,185
GREATS,3,0.4,0.7,900,2100,172,0,172,,0.028100000000000014,0.43013520899694413,1,169
MaxLoss,3,0.4,0.8,600,2400,121,0,121,0.25768743647495285,0.04459999999999997,0.2887294170213863,1,118
PU-C,3,0.4,0.8,600,2400,109,0,109,0.2355975495884195,0.04390000000000005,0.3111851249705069,1,106
PU-F,3,0.4,0.8,600,2400,104,0,104,0.22632701823022217,0.027800000000000047,0.3411697080009617,1,101
PU-G,3,0.4,0.8,600,2400,108,0,108,0.23374670540215448,0.03049999999999997,0.3494040000368841,1,105
GREATS,3,0.4,0.8,600,2400,103,0,103,,0.034499999999999975,0.32274774997495115,1,100
MaxLoss,4,0.0,0.0,3000,0,135,0,135,0.058221797517035156,0.006800000000000028,0.15313437499571592,1,132
PU-C,4,0.0,0.0,3000,0,107,0,107,0.04751565994229168,0.014700000000000046,0.3728790419991128,1,104
PU-F,4,0.0,0.0,3000,0,124,0,124,0.054035715002100915,0.013599999999999945,0.3743214579881169,1,121
PU-G,4,0.0,0.0,3000,0,127,0,127,0.055179738090373576,0.010199999999999987,0.3365477079642005,1,124
GREATS,4,0.0,0.0,3000,0,176,0,176,,0.005499999999999949,0.6967829579953104,1,173
MaxLoss,4,0.0,0.1,2700,300,80,0,80,0.041088048252277076,0.0121,0.15542249998543411,1,77
PU-C,4,0.0,0.1,2700,300,60,0,60,0.03224380686879158,0.011399999999999966,0.11535949999233708,1,57
PU-F,4,0.0,0.1,2700,300,55,0,55,0.029996522003784776,0.007199999999999984,0.12647299998207018,1,52
PU-G,4,0.0,0.1,2700,300,70,0,70,0.036691883811727166,0.009600000000000053,0.15222970803733915,1,67
GREATS,4,0.0,0.1,2700,300,72,0,72,,0.007199999999999984,0.14250937500037253,1,69
MaxLoss,4,0.0,0.2,2400,600,52,0,52,0.032201003341469914,0.010600000000000054,0.10344979201909155,1,49
PU-C,4,0.0,0.2,2400,600,64,0,64,0.038259487540926784,0.013800000000000034,0.13275333400815725,1,61
PU-F,4,0.0,0.2,2400,600,67,0,67,0.039758092432748526,0.013499999999999956,0.1556291250162758,1,64
PU-G,4,0.0,0.2,2400,600,73,0,73,0.04273886897135526,0.01419999999999999,0.16335020901169628,1,70
GREATS,4,0.0,0.2,2400,600,75,0,75,,0.005099999999999993,0.15991300001041964,1,72
MaxLoss,4,0.0,0.3,2100,900,48,0,48,0.03443813865305856,0.009499999999999953,0.12787887500599027,1,45
PU-C,4,0.0,0.3,2100,900,64,0,64,0.0436894879094325,0.009099999999999997,0.15979549998883158,1,61
PU-F,4,0.0,0.3,2100,900,54,0,54,0.037935572501737624,0.011800000000000033,0.15732500003650784,1,51
PU-G,4,0.0,0.3,2100,900,62,0,62,0.04254538589157164,0.008700000000000041,0.17139491601847112,1,59
GREATS,4,0.0,0.3,2100,900,58,0,58,,0.007600000000000051,0.16093641595216468,1,55
MaxLoss,4,0.0,0.4,1800,1200,43,0,43,0.03670788527233526,0.011299999999999977,0.14612870902055874,1,40
PU-C,4,0.0,0.4,1800,1200,35,0,35,0.03113263612613082,0.008299999999999974,0.15108208399033174,1,32
PU-F,4,0.0,0.4,1800,1200,43,0,43,0.03670788527233526,0.009800000000000031,0.16386437497567385,1,40
PU-G,4,0.0,0.4,1800,1200,30,0,30,0.027582303388044238,0.011099999999999999,0.14626950002275407,1,27
GREATS,4,0.0,0.4,1800,1200,36,0,36,,0.008099999999999996,0.1528528750059195,1,33
MaxLoss,4,0.0,0.5,1500,1500,34,0,34,0.03647074551554397,0.007000000000000006,0.1572250000317581,1,31
PU-C,4,0.0,0.5,1500,1500,24,0,24,0.027853417966980487,0.00539999999999996,0.15475375001551583,1,21
PU-F,4,0.0,0.5,1500,1500,25,0,25,0.028731088212225586,0.005499999999999949,0.16087429196340963,1,22
PU-G,4,0.0,0.5,1500,1500,34,0,34,0.03647074551554397,0.009000000000000008,0.17137004202231765,1,31
GREATS,4,0.0,0.5,1500,1500,38,0,38,,0.009800000000000031,0.17355787503765896,1,35
MaxLoss,4,0.0,0.6,1200,1800,25,0,25,0.03585972939617932,0.008900000000000019,0.1777719589881599,1,22
PU-C,4,0.0,0.6,1200,1800,26,0,26,0.036949195025954396,0.00660000000000005,0.18524424999486655,1,23
PU-F,4,0.0,0.6,1200,1800,28,0,28,0.039113934442866594,0.008299999999999974,0.1875627919798717,1,25
PU-G,4,0.0,0.6,1200,1800,30,0,30,0.04126129567157477,0.007099999999999995,0.19064970896579325,1,27
GREATS,4,0.0,0.6,1200,1800,31,0,31,,0.008600000000000052,0.19152254203800112,1,28
MaxLoss,4,0.0,0.7,900,2100,6,0,6,0.0180310292635113,0.0037000000000000366,0.18561941699590534,1,3
PU-C,4,0.0,0.7,900,2100,13,0,13,0.029640178836416453,0.0030000000000000027,0.1929407500429079,1,10
PU-F,4,0.0,0.7,900,2100,13,0,13,0.029640178836416453,0.006900000000000017,0.19358579197432846,1,10
PU-G,4,0.0,0.7,900,2100,16,0,16,0.034303702879697084,0.007600000000000051,0.19687033398076892,1,13
GREATS,4,0.0,0.7,900,2100,19,0,19,,0.007800000000000029,0.20114912500139326,1,16
MaxLoss,4,0.0,0.8,600,2400,11,0,11,0.039528083987534046,0.009399999999999964,0.20873404201120138,1,8
PU-C,4,0.0,0.8,600,2400,8,0,8,0.03213391738245264,0.0029000000000000137,0.2074758750386536,1,5
PU-F,4,0.0,0.8,600,2400,8,0,8,0.03213391738245264,0.005299999999999971,0.20783237501746044,1,5
PU-G,4,0.0,0.8,600,2400,14,0,14,0.04662716604070738,0.007399999999999962,0.21621562499785796,1,11
GREATS,4,0.0,0.8,600,2400,13,0,13,,0.007800000000000029,0.21183141600340605,1,10
MaxLoss,4,0.4,0.0,3000,0,567,0,567,0.2142040331964381,0.021299999999999986,0.9970333339879289,1,564
PU-C,4,0.4,0.0,3000,0,543,0,543,0.2057693019742146,0.02200000000000002,4.053855375037529,1,540
PU-F,4,0.4,0.0,3000,0,528,0,528,0.20048869505990297,0.01529999999999998,5.832733291957993,1,525
PU-G,4,0.4,0.0,3000,0,596,0,596,0.2243736449163407,0.026000000000000023,6.863525833003223,1,593
GREATS,4,0.4,0.0,3000,0,559,0,559,,0.013299999999999979,4.682604416972026,1,556
MaxLoss,4,0.4,0.1,2700,300,470,0,470,0.19971050100866705,0.012700000000000045,0.8201319159707054,1,467
PU-C,4,0.4,0.1,2700,300,508,0,508,0.21460168954217806,0.01759999999999995,3.642076707968954,1,505
PU-F,4,0.4,0.1,2700,300,472,0,472,0.20049569447292015,0.019199999999999995,5.5945803329814225,1,469
PU-G,4,0.4,0.1,2700,300,460,0,460,0.1957820297102444,0.01970000000000005,4.8870551669970155,1,457
GREATS,4,0.4,0.1,2700,300,538,0,538,,0.016199999999999992,4.08724429103313,1,535
MaxLoss,4,0.4,0.2,2400,600,406,0,406,0.1959735171403736,0.03190000000000004,0.6751422089873813,1,403
PU-C,4,0.4,0.2,2400,600,413,0,413,0.19907817000057548,0.02059999999999995,2.623910458001774,1,410
PU-F,4,0.4,0.2,2400,600,399,0,399,0.1928660589037463,0.028800000000000048,4.258956958015915,1,396
PU-G,4,0.4,0.2,2400,600,456,0,456,0.2180911340401508,0.022599999999999953,5.990083625016268,1,453
GREATS,4,0.4,0.2,2400,600,492,0,492,,0.030000000000000027,4.351620625006035,1,489
MaxLoss,4,0.4,0.3,2100,900,349,0,349,0.19456293375696987,0.01639999999999997,0.5491095000179484,1,346
PU-C,4,0.4,0.3,2100,900,326,0,326,0.18282270251074806,0.009399999999999964,2.1414875829941593,1,323
PU-F,4,0.4,0.3,2100,900,364,0,364,0.20219624956371263,0.02529999999999999,3.764145458000712,1,361
PU-G,4,0.4,0.3,2100,900,369,0,369,0.2047367790946737,0.01759999999999995,2.012597124965396,1,366
GREATS,4,0.4,0.3,2100,900,415,0,415,,0.013399999999999967,2.414882083015982,1,412
MaxLoss,4,0.4,0.4,1800,1200,381,0,381,0.24526235210942104,0.033399999999999985,0.6331750000244938,1,378
PU-C,4,0.4,0.4,1800,1200,318,0,318,0.20798480522353202,0.022599999999999953,2.0712507080170326,1,315
PU-F,4,0.4,0.4,1800,1200,360,0,360,0.23288004857022315,0.024499999999999966,3.8033541669719853,1,357
PU-G,4,0.4,0.4,1800,1200,357,0,357,0.23110773449297994,0.025900000000000034,2.6067665420123376,1,354
GREATS,4,0.4,0.4,1800,1200,365,0,365,,0.01749999999999996,1.9155342079466209,1,362
MaxLoss,4,0.4,0.5,1500,1500,229,0,229,0.18489400134421885,0.031000000000000028,0.3926697499700822,1,226
PU-C,4,0.4,0.5,1500,1500,212,0,212,0.17254476906964555,0.025399999999999978,0.6785652079852298,1,209
PU-F,4,0.4,0.5,1500,1500,245,0,245,0.19646248914068565,0.018299999999999983,1.2204647909966297,1,242
PU-G,4,0.4,0.5,1500,1500,234,0,234,0.18851460044970736,0.03400000000000003,0.7846147500094958,1,231
GREATS,4,0.4,0.5,1500,1500,270,0,270,,0.031399999999999983,0.6822012080228887,1,267
MaxLoss,4,0.4,0.6,1200,1800,226,0,226,0.22736699390225112,0.034499999999999975,0.5128962909802794,1,223
PU-C,4,0.4,0.6,1200,1800,236,0,236,0.2363503416418098,0.04679999999999995,0.7694365410134196,1,233
PU-F,4,0.4,0.6,1200,1800,239,0,239,0.2390400916337967,0.03859999999999997,0.7683871249901131,1,236
PU-G,4,0.4,0.6,1200,1800,229,0,229,0.23006487189559266,0.03400000000000003,0.8566204160451889,1,226
GREATS,4,0.4,0.6,1200,1800,271,0,271,,0.022299999999999986,0.6442025420255959,1,268
MaxLoss,4,0.4,0.7,900,2100,165,0,165,0.2277371570817195,0.03359999999999996,0.33699095802148804,1,162
PU-C,4,0.4,0.7,900,2100,158,0,158,0.21922721673035994,0.04310000000000003,0.38509416702436283,1,155
PU-F,4,0.4,0.7,900,2100,175,0,175,0.2398448758176528,0.03390000000000004,0.4812871660105884,1,172
PU-G,4,0.4,0.7,900,2100,200,0,200,0.2698813047609292,0.049699999999999966,0.5596723750350066,1,197
GREATS,4,0.4,0.7,900,2100,189,0,189,,0.04820000000000002,0.4525689169531688,1,186
MaxLoss,4,0.4,0.8,600,2400,126,0,126,0.26682960940524936,0.07440000000000002,0.29327504098182544,1,123
PU-C,4,0.4,0.8,600,2400,131,0,131,0.2759376168833114,0.0696,0.3405219580163248,1,128
PU-F,4,0.4,0.8,600,2400,130,0,130,0.2741186819621362,0.04159999999999997,0.4017887500231154,1,127
PU-G,4,0.4,0.8,600,2400,140,0,140,0.2922501597786322,0.042100000000000026,0.39695158397080377,1,137
GREATS,4,0.4,0.8,600,2400,122,0,122,,0.07099999999999995,0.34492970805149525,1,119
MaxLoss,5,0.0,0.0,3000,0,124,0,124,0.054035715002100915,0.021100000000000008,0.13925237499643117,1,121
PU-C,5,0.0,0.0,3000,0,104,0,104,0.04635784780839458,0.01539999999999997,0.1828925830195658,1,101
PU-F,5,0.0,0.0,3000,0,145,0,145,0.06200788344722241,0.007900000000000018,0.49901949998456985,1,142
PU-G,5,0.0,0.0,3000,0,120,0,120,0.05250743729993701,0.00880000000000003,0.38273100001970306,1,117
GREATS,5,0.0,0.0,3000,0,145,0,145,,0.0020999999999999908,0.5270729589974508,1,142
MaxLoss,5,0.0,0.1,2700,300,31,0,31,0.01889930118340999,0.007199999999999984,0.07448891701642424,1,28
PU-C,5,0.0,0.1,2700,300,59,0,59,0.03179569693747908,0.0121,0.12201462499797344,1,56
PU-F,5,0.0,0.1,2700,300,46,0,46,0.025903833156917244,0.009099999999999997,0.103746333043091,1,43
PU-G,5,0.0,0.1,2700,300,53,0,53,0.029092650511302054,0.007399999999999962,0.11635520803974941,1,50
GREATS,5,0.0,0.1,2700,300,46,0,46,,0.007000000000000006,0.09942616696935147,1,43
MaxLoss,5,0.0,0.2,2400,600,22,0,22,0.01633807725738734,0.0050000000000000044,0.07482687500305474,1,19
PU-C,5,0.0,0.2,2400,600,31,0,31,0.021251995989587158,0.006700000000000039,0.09167466597864404,1,28
PU-F,5,0.0,0.2,2400,600,36,0,36,0.023912062344606966,0.006199999999999983,0.10526074998779222,1,33
PU-G,5,0.0,0.2,2400,600,57,0,57,0.03473883034894243,0.009299999999999975,0.13526491704396904,1,54
GREATS,5,0.0,0.2,2400,600,61,0,61,,0.009299999999999975,0.13720116601325572,1,58
MaxLoss,5,0.0,0.3,2100,900,25,0,25,0.02055755432229489,0.006900000000000017,0.10643004102166742,1,22
PU-C,5,0.0,0.3,2100,900,25,0,25,0.02055755432229489,0.006900000000000017,0.11387520900461823,1,22
PU-F,5,0.0,0.3,2100,900,16,0,16,0.014772376918699592,0.0030999999999999917,0.10415912501048297,1,13
PU-G,5,0.0,0.3,2100,900,33,0,33,0.025494333414826542,0.007099999999999995,0.12465154100209475,1,30
GREATS,5,0.0,0.3,2100,900,24,0,24,,0.00539999999999996,0.11335070797940716,1,21
MaxLoss,5,0.0,0.4,1800,1200,8,0,8,0.010781854740343988,0.0029000000000000137,0.11409395904047415,1,5
PU-C,5,0.0,0.4,1800,1200,27,0,27,0.025421789032407105,0.007600000000000051,0.13722591701662168,1,24
PU-F,5,0.0,0.4,1800,1200,29,0,29,0.026864898565690964,0.008399999999999963,0.14238470804411918,1,26
PU-G,5,0.0,0.4,1800,1200,27,0,27,0.025421789032407105,0.008700000000000041,0.139936417050194,1,24
GREATS,5,0.0,0.4,1800,1200,25,0,25,,0.005499999999999949,0.1376705829752609,1,22
MaxLoss,5,0.0,0.5,1500,1500,15,0,15,0.019722751749213785,0.007800000000000029,0.14122554200002924,1,12
PU-C,5,0.0,0.5,1500,1500,19,0,19,0.023395154566969723,0.009199999999999986,0.14883629197720438,1,16
PU-F,5,0.0,0.5,1500,1500,8,0,8,0.012929739721585065,0.0048000000000000265,0.13680558395572007,1,5
PU-G,5,0.0,0.5,1500,1500,12,0,12,0.0168832708732225,0.005700000000000038,0.1412988330121152,1,9
GREATS,5,0.0,0.5,1500,1500,21,0,21,,0.008399999999999963,0.15276945795631036,1,18
MaxLoss,5,0.0,0.6,1200,1800,12,0,12,0.02108020952437073,0.005099999999999993,0.1675922080175951,1,9
PU-C,5,0.0,0.6,1200,1800,14,0,14,0.023453966539818794,0.005199999999999982,0.1711692920071073,1,11
PU-F,5,0.0,0.6,1200,1800,16,0,16,0.025781950331293046,0.0043999999999999595,0.17489741696044803,1,13
PU-G,5,0.0,0.6,1200,1800,16,0,16,0.025781950331293046,0.0027000000000000357,0.17411708302097395,1,13
GREATS,5,0.0,0.6,1200,1800,8,0,8,,0.0049000000000000155,0.16577345901168883,1,5
MaxLoss,5,0.0,0.7,900,2100,9,0,9,0.023171695414930582,0.0040999999999999925,0.18761337496107444,1,6
PU-C,5,0.0,0.7,900,2100,8,0,8,0.021493067673873156,0.005700000000000038,0.1906368340132758,1,5
PU-F,5,0.0,0.7,900,2100,8,0,8,0.021493067673873156,0.005900000000000016,0.18827124999370426,1,5
PU-G,5,0.0,0.7,900,2100,8,0,8,0.021493067673873156,0.008199999999999985,0.18829750001896173,1,5
GREATS,5,0.0,0.7,900,2100,6,0,6,,0.0044999999999999485,0.18481075001182035,1,3
MaxLoss,5,0.0,0.8,600,2400,4,0,4,0.021501237817574292,0.0036000000000000476,0.2040482500451617,1,1
PU-C,5,0.0,0.8,600,2400,5,0,5,0.024279373232275248,0.0028000000000000247,0.20411091699497774,1,2
PU-F,5,0.0,0.8,600,2400,8,0,8,0.03213391738245264,0.0033999999999999586,0.20835024997359142,1,5
PU-G,5,0.0,0.8,600,2400,7,0,7,0.029579319758340716,0.005299999999999971,0.2075889580301009,1,4
GREATS,5,0.0,0.8,600,2400,9,0,9,,0.006700000000000039,0.20899554202333093,1,6
MaxLoss,5,0.4,0.0,3000,0,440,0,440,0.16935760364867747,0.016700000000000048,0.7047855000128038,1,437
PU-C,5,0.4,0.0,3000,0,543,0,543,0.2057693019742146,0.01870000000000005,4.463652250007726,1,540
PU-F,5,0.4,0.0,3000,0,469,0,469,0.1796470055123791,0.020100000000000007,5.291350916028023,1,466
PU-G,5,0.4,0.0,3000,0,550,0,550,0.20823121524881572,0.025499999999999967,6.4075130830169655,1,547
GREATS,5,0.4,0.0,3000,0,569,0,569,,0.025900000000000034,4.6013716669986024,1,566
MaxLoss,5,0.4,0.1,2700,300,452,0,452,0.19263619818957523,0.027200000000000002,0.7664530419860967,1,449
PU-C,5,0.4,0.1,2700,300,455,0,455,0.1938162071746774,0.021700000000000053,3.284451292012818,1,452
PU-F,5,0.4,0.1,2700,300,436,0,436,0.18633615277940407,0.01529999999999998,4.780796499981079,1,433
PU-G,5,0.4,0.1,2700,300,492,0,492,0.20833867968758568,0.01100000000000001,5.592156584025361,1,489
GREATS,5,0.4,0.1,2700,300,538,0,538,,0.012299999999999978,4.2156755839823745,1,535
MaxLoss,5,0.4,0.2,2400,600,438,0,438,0.21014411706710234,0.02210000000000001,0.7417782910051756,1,435
PU-C,5,0.4,0.2,2400,600,417,0,417,0.20085101877339184,0.014900000000000024,2.7123527909861878,1,414
PU-F,5,0.4,0.2,2400,600,403,0,403,0.19464209611760452,0.01749999999999996,4.167259250010829,1,400
PU-G,5,0.4,0.2,2400,600,458,0,458,0.2189731178805232,0.017199999999999993,4.071259165997617,1,455
GREATS,5,0.4,0.2,2400,600,495,0,495,,0.015100000000000002,3.4503170420066454,1,492
MaxLoss,5,0.4,0.3,2100,900,381,0,381,0.21082633535843343,0.03180000000000005,0.628769209026359,1,378
PU-C,5,0.4,0.3,2100,900,381,0,381,0.21082633535843343,0.02210000000000001,2.2405547089874744,1,378
PU-F,5,0.4,0.3,2100,900,374,0,374,0.20727540442021564,0.026599999999999957,2.726831208972726,1,371
PU-G,5,0.4,0.3,2100,900,381,0,381,0.21082633535843343,0.029000000000000026,2.2016187499975786,1,378
GREATS,5,0.4,0.3,2100,900,410,0,410,,0.02190000000000003,2.29986133397324,1,407
MaxLoss,5,0.4,0.4,1800,1200,286,0,286,0.18888713710475713,0.037799999999999945,0.4586639159824699,1,283
PU-C,5,0.4,0.4,1800,1200,289,0,289,0.19068273768061772,0.02080000000000004,1.3586085829883814,1,286
PU-F,5,0.4,0.4,1800,1200,306,0,306,0.20083719870308414,0.023900000000000032,1.7399902920005843,1,303
PU-G,5,0.4,0.4,1800,1200,311,0,311,0.20381734904367477,0.01770000000000005,1.9049292500130832,1,308
GREATS,5,0.4,0.4,1800,1200,331,0,331,,0.016599999999999948,1.393408207979519,1,328
MaxLoss,5,0.4,0.5,1500,1500,295,0,295,0.23231585382018238,0.02080000000000004,0.48045500001171604,1,292
PU-C,5,0.4,0.5,1500,1500,275,0,275,0.2180251648533158,0.0363,0.9146613749908283,1,272
PU-F,5,0.4,0.5,1500,1500,285,0,285,0.2251785016269423,0.01880000000000004,1.6205048330011778,1,282
PU-G,5,0.4,0.5,1500,1500,287,0,287,0.2266072312486358,0.020199999999999996,1.5355053749517538,1,284
GREATS,5,0.4,0.5,1500,1500,334,0,334,,0.022599999999999953,1.2902419159654528,1,331
MaxLoss,5,0.4,0.6,1200,1800,187,0,187,0.19205072324257344,0.02429999999999999,0.3490314580267295,1,184
PU-C,5,0.4,0.6,1200,1800,197,0,197,0.20115190133219585,0.034399999999999986,0.447722791985143,1,194
PU-F,5,0.4,0.6,1200,1800,212,0,212,0.21474302763817832,0.020499999999999963,0.6502450840198435,1,209
PU-G,5,0.4,0.6,1200,1800,224,0,224,0.2255670137819834,0.027900000000000036,0.6663736670161597,1,221
GREATS,5,0.4,0.6,1200,1800,247,0,247,,0.011700000000000044,0.5961943329893984,1,244
MaxLoss,5,0.4,0.7,900,2100,124,0,124,0.17743394314311445,0.03369999999999995,0.2906434580218047,1,121
PU-C,5,0.4,0.7,900,2100,154,0,154,0.21435099828522652,0.04930000000000001,0.369827417016495,1,151
PU-F,5,0.4,0.7,900,2100,167,0,167,0.2301632518065162,0.02639999999999998,0.4823290840140544,1,164
PU-G,5,0.4,0.7,900,2100,212,0,212,0.2841905652312562,0.021399999999999975,0.5907709160237573,1,209
GREATS,5,0.4,0.7,900,2100,194,0,194,,0.03149999999999997,0.477019207959529,1,191
MaxLoss,5,0.4,0.8,600,2400,72,0,72,0.16587713174521923,0.059599999999999986,0.2600462919799611,1,69
PU-C,5,0.4,0.8,600,2400,89,0,89,0.19825265364488587,0.06730000000000003,0.2912266249768436,1,86
PU-F,5,0.4,0.8,600,2400,91,0,91,0.20202032779343426,0.06640000000000001,0.3157193749793805,1,88
PU-G,5,0.4,0.8,600,2400,92,0,92,0.20390120532829314,0.05679999999999996,0.325475457997527,1,89
GREATS,5,0.4,0.8,600,2400,65,0,65,,0.036900000000000044,0.27463691704906523,1,62
MaxLoss,6,0.0,0.0,3000,0,92,0,92,0.041701713809743524,0.013000000000000012,0.1024195840000175,1,89
PU-C,6,0.0,0.0,3000,0,115,0,115,0.05059218790847808,0.01739999999999997,0.17679595795925707,1,112
PU-F,6,0.0,0.0,3000,0,134,0,134,0.0578422054531984,0.006700000000000039,0.3817995829740539,1,131
PU-G,6,0.0,0.0,3000,0,152,0,152,0.06464810745092109,0.0047000000000000375,0.3975307500222698,1,149
GREATS,6,0.0,0.0,3000,0,134,0,134,,0.0034999999999999476,0.49581466597737744,1,131
MaxLoss,6,0.0,0.1,2700,300,69,0,69,0.03624958673026413,0.009299999999999975,0.12250945903360844,1,66
PU-C,6,0.0,0.1,2700,300,66,0,66,0.0349194910377264,0.010700000000000043,0.12636020802892745,1,63
PU-F,6,0.0,0.1,2700,300,79,0,79,0.04065049049677327,0.006199999999999983,0.17491895897546783,1,76
PU-G,6,0.0,0.1,2700,300,59,0,59,0.03179569693747908,0.0031999999999999806,0.13293641700875014,1,56
GREATS,6,0.0,0.1,2700,300,100,0,100,,0.008499999999999952,0.18835099996067584,1,97
MaxLoss,6,0.0,0.2,2400,600,62,0,62,0.0372571304324083,0.009199999999999986,0.11546504101715982,1,59
PU-C,6,0.0,0.2,2400,600,42,0,42,0.02705520042218268,0.005099999999999993,0.10780587501358241,1,39
PU-F,6,0.0,0.2,2400,600,52,0,52,0.032201003341469914,0.007399999999999962,0.13084541697753593,1,49
PU-G,6,0.0,0.2,2400,600,83,0,83,0.04766377422492951,0.010700000000000043,0.18185687501681969,1,80
GREATS,6,0.0,0.2,2400,600,69,0,69,,0.006000000000000005,0.16049054102040827,1,66
MaxLoss,6,0.0,0.3,2100,900,16,0,16,0.014772376918699592,0.0040000000000000036,0.15472895797574893,1,13
PU-C,6,0.0,0.3,2100,900,35,0,35,0.02670720242895186,0.006099999999999994,0.13597183302044868,1,32
PU-F,6,0.0,0.3,2100,900,21,0,21,0.01802432123804465,0.0039000000000000146,0.11679912498220801,1,18
PU-G,6,0.0,0.3,2100,900,53,0,53,0.037355240201577544,0.008499999999999952,0.16391312499763444,1,50
GREATS,6,0.0,0.3,2100,900,40,0,40,,0.00660000000000005,0.15729333297349513,1,37
MaxLoss,6,0.0,0.4,1800,1200,20,0,20,0.020266207866370678,0.00660000000000005,0.12935383297735825,1,17
PU-C,6,0.0,0.4,1800,1200,33,0,33,0.02971941459691152,0.008600000000000052,0.14857504202518612,1,30
PU-F,6,0.0,0.4,1800,1200,26,0,26,0.024695796193554997,0.0037000000000000366,0.14505749999079853,1,23
PU-G,6,0.0,0.4,1800,1200,35,0,35,0.03113263612613082,0.007099999999999995,0.15674604201922193,1,32
GREATS,6,0.0,0.4,1800,1200,36,0,36,,0.005099999999999993,0.15598725003656,1,33
MaxLoss,6,0.0,0.5,1500,1500,32,0,32,0.03477253299206495,0.009099999999999997,0.1571318749920465,1,29
PU-C,6,0.0,0.5,1500,1500,28,0,28,0.03134069964289665,0.0043999999999999595,0.1722984579973854,1,25
PU-F,6,0.0,0.5,1500,1500,26,0,26,0.02960471750702709,0.0046000000000000485,0.16860999999335036,1,23
PU-G,6,0.0,0.5,1500,1500,36,0,36,0.03815845097415149,0.0046000000000000485,0.17906804202357307,1,33
GREATS,6,0.0,0.5,1500,1500,22,0,22,,0.0046000000000000485,0.15633154095849022,1,19
MaxLoss,6,0.0,0.6,1200,1800,10,0,10,0.018649740784894675,0.0048000000000000265,0.19328225002391264,1,7
PU-C,6,0.0,0.6,1200,1800,15,0,15,0.024623136851005256,0.005199999999999982,0.17753945797448978,1,12
PU-F,6,0.0,0.6,1200,1800,12,0,12,0.02108020952437073,0.006700000000000039,0.18198049999773502,1,9
PU-G,6,0.0,0.6,1200,1800,18,0,18,0.0280719343572855,0.007499999999999951,0.17778733297018334,1,15
GREATS,6,0.0,0.6,1200,1800,23,0,23,,0.006700000000000039,0.1955625420087017,1,20
MaxLoss,6,0.0,0.7,900,2100,15,0,15,0.03276355308480561,0.0046000000000000485,0.20738145802170038,1,12
PU-C,6,0.0,0.7,900,2100,21,0,21,0.041832362359855324,0.0046000000000000485,0.20329641696298495,1,18
PU-F,6,0.0,0.7,900,2100,15,0,15,0.03276355308480561,0.0028000000000000247,0.2011227500042878,1,12
PU-G,6,0.0,0.7,900,2100,14,0,14,0.03120950743323192,0.005199999999999982,0.1951367079745978,1,11
GREATS,6,0.0,0.7,900,2100,10,0,10,,0.005499999999999949,0.19087779097026214,1,7
MaxLoss,6,0.0,0.8,600,2400,6,0,6,0.026965588273014873,0.0044999999999999485,0.20588720799423754,1,3
PU-C,6,0.0,0.8,600,2400,8,0,8,0.03213391738245264,0.0026000000000000467,0.2071148749673739,1,5
PU-F,6,0.0,0.8,600,2400,9,0,9,0.03463902446674183,0.0030999999999999917,0.20776712498627603,1,6
PU-G,6,0.0,0.8,600,2400,8,0,8,0.03213391738245264,0.0027000000000000357,0.21136937499977648,1,5
GREATS,6,0.0,0.8,600,2400,12,0,12,,0.0017000000000000348,0.21851904201321304,1,9
MaxLoss,6,0.4,0.0,3000,0,478,0,478,0.18283396633341908,0.012199999999999989,0.8141745419707149,1,475
PU-C,6,0.4,0.0,3000,0,505,0,505,0.19237787678139284,0.01859999999999995,5.453308540978469,1,502
PU-F,6,0.4,0.0,3000,0,513,0,513,0.19520097953500226,0.01970000000000005,6.204951916006394,1,510
PU-G,6,0.4,0.0,3000,0,539,0,539,0.20436182245612144,0.029000000000000026,6.608478625013959,1,536
GREATS,6,0.4,0.0,3000,0,553,0,553,,0.014399999999999968,4.7353662079549395,1,550
MaxLoss,6,0.4,0.1,2700,300,468,0,468,0.19892514165258035,0.018299999999999983,0.7843816250097007,1,465
PU-C,6,0.4,0.1,2700,300,466,0,466,0.19813961570616812,0.016100000000000003,3.3560242500388995,1,463
PU-F,6,0.4,0.1,2700,300,501,0,501,0.21186284010764211,0.023299999999999987,5.460233666992281,1,498
PU-G,6,0.4,0.1,2700,300,508,0,508,0.21460168954217806,0.01200000000000001,5.537570332991891,1,505
GREATS,6,0.4,0.1,2700,300,512,0,512,,0.013599999999999945,3.810219250037335,1,509
MaxLoss,6,0.4,0.2,2400,600,443,0,443,0.21235329669434577,0.018199999999999994,0.8285253749927506,1,440
PU-C,6,0.4,0.2,2400,600,419,0,419,0.20173710939707235,0.01870000000000005,2.7120947079965845,1,416
PU-F,6,0.4,0.2,2400,600,444,0,444,0.21279497648356482,0.03190000000000004,4.693924750026781,1,441
PU-G,6,0.4,0.2,2400,600,498,0,498,0.23657200194429606,0.023299999999999987,5.5524987920071,1,495
GREATS,6,0.4,0.2,2400,600,485,0,485,,0.008900000000000019,3.8327493329998106,1,482
MaxLoss,6,0.4,0.3,2100,900,398,0,398,0.21943517884938046,0.03149999999999997,0.6942087089992128,1,395
PU-C,6,0.4,0.3,2100,900,371,0,371,0.20575245609506965,0.01759999999999995,2.3463515000185,1,368
PU-F,6,0.4,0.3,2100,900,373,0,373,0.20676783029921353,0.01090000000000002,3.812241667008493,1,370
PU-G,6,0.4,0.3,2100,900,374,0,374,0.20727540442021564,0.01739999999999997,3.610104624996893,1,371
GREATS,6,0.4,0.3,2100,900,361,0,361,,0.015599999999999947,1.706203000037931,1,358
MaxLoss,6,0.4,0.4,1800,1200,321,0,321,0.20976919040549546,0.012499999999999956,0.6093852079939097,1,318
PU-C,6,0.4,0.4,1800,1200,318,0,318,0.20798480522353202,0.01739999999999997,1.8565510420012288,1,315
PU-F,6,0.4,0.4,1800,1200,333,0,333,0.21689697972033173,0.03810000000000002,3.110829542041756,1,330
PU-G,6,0.4,0.4,1800,1200,358,0,358,0.231698602787219,0.010000000000000009,2.210841624997556,1,355
GREATS,6,0.4,0.4,1800,1200,365,0,365,,0.02639999999999998,1.9287130419979803,1,362
MaxLoss,6,0.4,0.5,1500,1500,293,0,293,0.23088963312329724,0.025599999999999956,0.5234208749607205,1,290
PU-C,6,0.4,0.5,1500,1500,283,0,283,0.22374913282692432,0.008000000000000007,0.9846253749565221,1,280
PU-F,6,0.4,0.5,1500,1500,285,0,285,0.2251785016269423,0.03959999999999997,1.242748374992516,1,282
PU-G,6,0.4,0.5,1500,1500,319,0,319,0.24938371306052431,0.023700000000000054,1.3071527080028318,1,316
GREATS,6,0.4,0.5,1500,1500,328,0,328,,0.01429999999999998,1.0668965409859084,1,325
MaxLoss,6,0.4,0.6,1200,1800,211,0,211,0.21383911522570997,0.021700000000000053,0.3959773749811575,1,208
PU-C,6,0.4,0.6,1200,1800,207,0,207,0.2102204326656647,0.027900000000000036,0.48166879202472046,1,204
PU-F,6,0.4,0.6,1200,1800,233,0,233,0.2336581929703243,0.02510000000000001,0.6927838329575025,1,230
PU-G,6,0.4,0.6,1200,1800,270,0,270,0.2667009969591163,0.0131,0.7208815840422176,1,267
GREATS,6,0.4,0.6,1200,1800,280,0,280,,0.01429999999999998,0.6870395420119166,1,277
MaxLoss,6,0.4,0.7,900,2100,166,0,166,0.22895049449289218,0.02059999999999995,0.3379197079921141,1,163
PU-C,6,0.4,0.7,900,2100,159,0,159,0.22044472757261246,0.01859999999999995,0.39386408298742026,1,156
PU-F,6,0.4,0.7,900,2100,167,0,167,0.2301632518065162,0.024399999999999977,0.48393170803319663,1,164
PU-G,6,0.4,0.7,900,2100,184,0,184,0.25069488561712205,0.035699999999999954,0.5300042920280248,1,181
GREATS,6,0.4,0.7,900,2100,157,0,157,,0.021499999999999964,0.4228549579856917,1,154
MaxLoss,6,0.4,0.8,600,2400,110,0,110,0.2374467962072231,0.05689999999999995,0.28243449999717996,1,107
PU-C,6,0.4,0.8,600,2400,123,0,123,0.2613484975299798,0.0635,0.3299194169812836,1,120
PU-F,6,0.4,0.8,600,2400,125,0,125,0.2650039535947144,0.06110000000000004,0.37470037501771003,1,122
PU-G,6,0.4,0.8,600,2400,95,0,95,0.209532298555132,0.04490000000000005,0.3309864580514841,1,92
GREATS,6,0.4,0.8,600,2400,106,0,106,,0.05259999999999998,0.3265528330230154,1,103
MaxLoss,7,0.0,0.0,3000,0,112,0,112,0.04944029700709507,0.02090000000000003,0.12634095799876377,1,109
PU-C,7,0.0,0.0,3000,0,108,0,108,0.04790108359884471,0.014900000000000024,0.20232450001640245,1,105
PU-F,7,0.0,0.0,3000,0,121,0,121,0.05288982600905001,0.019100000000000006,0.3030547919915989,1,118
PU-G,7,0.0,0.0,3000,0,140,0,140,0.06011703115655109,0.005800000000000027,0.30399483401561156,1,137
GREATS,7,0.0,0.0,3000,0,130,0,130,,0.0040999999999999925,0.5377432080567814,1,127
MaxLoss,7,0.0,0.1,2700,300,43,0,43,0.024523687723558396,0.005700000000000038,0.08861249999608845,1,40
PU-C,7,0.0,0.1,2700,300,42,0,42,0.024061625183094293,0.006800000000000028,0.09938374999910593,1,39
PU-F,7,0.0,0.1,2700,300,75,0,75,0.03889582690317184,0.011800000000000033,0.15275579097215086,1,72
PU-G,7,0.0,0.1,2700,300,83,0,83,0.04239818482892588,0.0047000000000000375,0.16859412501798943,1,80
GREATS,7,0.0,0.1,2700,300,77,0,77,,0.00990000000000002,0.1472482499666512,1,74
MaxLoss,7,0.0,0.2,2400,600,20,0,20,0.015217068488709629,0.0046000000000000485,0.07411612500436604,1,17
PU-C,7,0.0,0.2,2400,600,47,0,47,0.029640937224030495,0.006000000000000005,0.10920145799173042,1,44
PU-F,7,0.0,0.2,2400,600,24,0,24,0.017447080521378666,0.0034999999999999476,0.08956833300180733,1,21
PU-G,7,0.0,0.2,2400,600,38,0,38,0.02496518089901656,0.006900000000000017,0.11517629097215831,1,35
GREATS,7,0.0,0.2,2400,600,52,0,52,,0.00880000000000003,0.12503425002796575,1,49
MaxLoss,7,0.0,0.3,2100,900,32,0,32,0.024885034887120128,0.009099999999999997,0.11308487498899922,1,29
PU-C,7,0.0,0.3,2100,900,39,0,39,0.029112085641827434,0.007499999999999951,0.12901970802340657,1,36
PU-F,7,0.0,0.3,2100,900,25,0,25,0.02055755432229489,0.0028000000000000247,0.11630783398868516,1,22
PU-G,7,0.0,0.3,2100,900,23,0,23,0.019297393620945513,0.0037000000000000366,0.11441629199543968,1,20
GREATS,7,0.0,0.3,2100,900,26,0,26,,0.0039000000000000146,0.1168933329754509,1,23
MaxLoss,7,0.0,0.4,1800,1200,19,0,19,0.019513480714522302,0.0021999999999999797,0.12304304202552885,1,16
PU-C,7,0.0,0.4,1800,1200,33,0,33,0.02971941459691152,0.0046000000000000485,0.1446254170150496,1,30
PU-F,7,0.0,0.4,1800,1200,24,0,24,0.023234111547935754,0.007299999999999973,0.13615037500858307,1,21
PU-G,7,0.0,0.4,1800,1200,13,0,13,0.01487780612660572,0.0026000000000000467,0.12151962501229718,1,10
GREATS,7,0.0,0.4,1800,1200,9,0,9,,0.0030000000000000027,0.11624962504720315,1,6
MaxLoss,7,0.0,0.5,1500,1500,8,0,8,0.012929739721585065,0.0038000000000000256,0.13511720800306648,1,5
PU-C,7,0.0,0.5,1500,1500,15,0,15,0.019722751749213785,0.0049000000000000155,0.14385066600516438,1,12
PU-F,7,0.0,0.5,1500,1500,13,0,13,0.017839504580479115,0.0030000000000000027,0.14305687497835606,1,10
PU-G,7,0.0,0.5,1500,1500,12,0,12,0.0168832708732225,0.0020000000000000018,0.14208804199006408,1,9
GREATS,7,0.0,0.5,1500,1500,19,0,19,,0.008000000000000007,0.15063724998617545,1,16
MaxLoss,7,0.0,0.6,1200,1800,11,0,11,0.019872920005582273,0.0022999999999999687,0.16617774998303503,1,8
PU-C,7,0.0,0.6,1200,1800,14,0,14,0.023453966539818794,0.006099999999999994,0.1715345830307342,1,11
PU-F,7,0.0,0.6,1200,1800,12,0,12,0.02108020952437073,0.00539999999999996,0.1703935419791378,1,9
PU-G,7,0.0,0.6,1200,1800,17,0,17,0.026931294472888112,0.0047000000000000375,0.17572516697691754,1,14
GREATS,7,0.0,0.6,1200,1800,16,0,16,,0.0033999999999999586,0.17527200002223253,1,13
MaxLoss,7,0.0,0.7,900,2100,12,0,12,0.02805392601294443,0.005099999999999993,0.19001462502637878,1,9
PU-C,7,0.0,0.7,900,2100,10,0,10,0.024822357401717454,0.005499999999999949,0.18870558304479346,1,7
PU-F,7,0.0,0.7,900,2100,9,0,9,0.023171695414930582,0.007399999999999962,0.19183450000127777,1,6
PU-G,7,0.0,0.7,900,2100,11,0,11,0.02644878235878423,0.0044999999999999485,0.19136941601755098,1,8
GREATS,7,0.0,0.7,900,2100,10,0,10,,0.005499999999999949,0.1901881669764407,1,7
MaxLoss,7,0.0,0.8,600,2400,11,0,11,0.039528083987534046,0.0042999999999999705,0.2076796250184998,1,8
PU-C,7,0.0,0.8,600,2400,13,0,13,0.044287452939897776,0.005800000000000027,0.2124322919989936,1,10
PU-F,7,0.0,0.8,600,2400,11,0,11,0.039528083987534046,0.0047000000000000375,0.21112845896277577,1,8
PU-G,7,0.0,0.8,600,2400,12,0,12,0.04192207753658295,0.005900000000000016,0.21111366600962356,1,9
GREATS,7,0.0,0.8,600,2400,6,0,6,,0.006700000000000039,0.2047047090018168,1,3
MaxLoss,7,0.4,0.0,3000,0,485,0,485,0.18531072669429705,0.023399999999999976,0.7977086669998243,1,482
PU-C,7,0.4,0.0,3000,0,491,0,491,0.18743230478139594,0.019000000000000017,3.673589165962767,1,488
PU-F,7,0.4,0.0,3000,0,420,0,420,0.1622424612287432,0.025599999999999956,4.678491332975682,1,417
PU-G,7,0.4,0.0,3000,0,452,0,452,0.17361913050990552,0.02080000000000004,4.539714000013191,1,449
GREATS,7,0.4,0.0,3000,0,494,0,494,,0.008399999999999963,3.8785685829934664,1,491
MaxLoss,7,0.4,0.1,2700,300,405,0,405,0.17409641441190615,0.01639999999999997,0.633438125019893,1,402
PU-C,7,0.4,0.1,2700,300,474,0,474,0.20128072291845456,0.0262,3.4208467089920305,1,471
PU-F,7,0.4,0.1,2700,300,434,0,434,0.18554784334264696,0.02529999999999999,4.455405042041093,1,431
PU-G,7,0.4,0.1,2700,300,501,0,501,0.21186284010764211,0.020199999999999996,5.457776958006434,1,498
GREATS,7,0.4,0.1,2700,300,482,0,482,,0.020299999999999985,3.7642261250293814,1,479
MaxLoss,7,0.4,0.2,2400,600,382,0,382,0.18530734110390767,0.020299999999999985,0.6103805000311695,1,379
PU-C,7,0.4,0.2,2400,600,391,0,391,0.18931117007741705,0.02400000000000002,2.367183541995473,1,388
PU-F,7,0.4,0.2,2400,600,373,0,373,0.18129853525897488,0.01880000000000004,3.496505666989833,1,370
PU-G,7,0.4,0.2,2400,600,448,0,448,0.2145611793966964,0.01649999999999996,4.633857499982696,1,445
GREATS,7,0.4,0.2,2400,600,450,0,450,,0.01870000000000005,2.382359415991232,1,447
MaxLoss,7,0.4,0.3,2100,900,362,0,362,0.20117949799168855,0.023599999999999954,0.5902865419629961,1,359
PU-C,7,0.4,0.3,2100,900,327,0,327,0.1833340873126872,0.016000000000000014,1.6035660419729538,1,324
PU-F,7,0.4,0.3,2100,900,346,0,346,0.19303410715656355,0.01629999999999998,2.5691888330038637,1,343
PU-G,7,0.4,0.3,2100,900,337,0,337,0.18844316998729482,0.0262,2.8373938750009984,1,334
GREATS,7,0.4,0.3,2100,900,382,0,382,,0.025699999999999945,1.9573527080356143,1,379
MaxLoss,7,0.4,0.4,1800,1200,296,0,296,0.19486817374126986,0.02410000000000001,0.47722429200075567,1,293
PU-C,7,0.4,0.4,1800,1200,288,0,288,0.19008432829286903,0.0242,1.2993720000376925,1,285
PU-F,7,0.4,0.4,1800,1200,317,0,317,0.2073897894588299,0.02410000000000001,2.592051832994912,1,314
PU-G,7,0.4,0.4,1800,1200,308,0,308,0.20202960254391655,0.020199999999999996,1.9981839160318486,1,305
GREATS,7,0.4,0.4,1800,1200,321,0,321,,0.030100000000000016,1.1117657080176286,1,318
MaxLoss,7,0.4,0.5,1500,1500,226,0,226,0.1827191884513013,0.017000000000000015,0.37219487503170967,1,223
PU-C,7,0.4,0.5,1500,1500,257,0,257,0.20510678173741326,0.027599999999999958,1.0947192499879748,1,254
PU-F,7,0.4,0.5,1500,1500,260,0,260,0.20726376242237166,0.021499999999999964,1.2010828749625944,1,257
PU-G,7,0.4,0.5,1500,1500,277,0,277,0.2194571410655044,0.022199999999999998,1.1690548750339076,1,274
GREATS,7,0.4,0.5,1500,1500,303,0,303,,0.01990000000000003,0.7772912080399692,1,300
MaxLoss,7,0.4,0.6,1200,1800,220,0,220,0.2219636561931111,0.028800000000000048,0.40220008295727894,1,217
PU-C,7,0.4,0.6,1200,1800,213,0,213,0.21564663999015465,0.031000000000000028,0.5111823750194162,1,210
PU-F,7,0.4,0.6,1200,1800,220,0,220,0.2219636561931111,0.030100000000000016,0.6735779580194503,1,217
PU-G,7,0.4,0.6,1200,1800,218,0,218,0.22016025602351874,0.025399999999999978,0.8258305829949677,1,215
GREATS,7,0.4,0.6,1200,1800,249,0,249,,0.030000000000000027,0.5940333330072463,1,246
MaxLoss,7,0.4,0.7,900,2100,158,0,158,0.21922721673035994,0.027000000000000024,0.3264239589916542,1,155
PU-C,7,0.4,0.7,900,2100,145,0,145,0.20334210782311857,0.02969999999999995,0.3584889170015231,1,142
PU-F,7,0.4,0.7,900,2100,149,0,149,0.2082414868636988,0.0252,0.46210075000999495,1,146
PU-G,7,0.4,0.7,900,2100,198,0,198,0.26748987671453506,0.029000000000000026,0.6125702499994077,1,195
GREATS,7,0.4,0.7,900,2100,175,0,175,,0.022399999999999975,0.4931075840140693,1,172
MaxLoss,7,0.4,0.8,600,2400,104,0,104,0.22632701823022217,0.04590000000000005,0.31509095802903175,1,101
PU-C,7,0.4,0.8,600,2400,128,0,128,0.2704768336843699,0.05740000000000001,0.3474332910263911,1,125
PU-F,7,0.4,0.8,600,2400,91,0,91,0.20202032779343426,0.028299999999999992,0.32403570803580806,1,88
PU-G,7,0.4,0.8,600,2400,101,0,101,0.22074463200988248,0.030200000000000005,0.335070832981728,1,98
GREATS,7,0.4,0.8,600,2400,95,0,95,,0.03939999999999999,0.31314533296972513,1,92
MaxLoss,8,0.0,0.0,3000,0,112,0,112,0.04944029700709507,0.01959999999999995,0.12728195899398997,1,109
PU-C,8,0.0,0.0,3000,0,102,0,102,0.0455846541444771,0.019399999999999973,0.17726512503577396,1,99
PU-F,8,0.0,0.0,3000,0,126,0,126,0.05479860055493191,0.011600000000000055,0.34170199994696304,1,123
PU-G,8,0.0,0.0,3000,0,93,0,93,0.04209134931443259,0.009700000000000042,0.25475779199041426,1,90
GREATS,8,0.0,0.0,3000,0,143,0,143,,0.0038000000000000256,0.519051541981753,1,140
MaxLoss,8,0.0,0.1,2700,300,54,0,54,0.02954495867015794,0.007099999999999995,0.08965162502136081,1,51
PU-C,8,0.0,0.1,2700,300,62,0,62,0.03313811658881605,0.011299999999999977,0.11584049998782575,1,59
PU-F,8,0.0,0.1,2700,300,63,0,63,0.03358434548135847,0.012299999999999978,0.13270125002600253,1,60
PU-G,8,0.0,0.1,2700,300,45,0,45,0.025444759579841048,0.010199999999999987,0.11508962500374764,1,42
GREATS,8,0.0,0.1,2700,300,54,0,54,,0.008900000000000019,0.11348716699285433,1,51
MaxLoss,8,0.0,0.2,2400,600,35,0,35,0.023383291845675558,0.008299999999999974,0.08754945802502334,1,32
PU-C,8,0.0,0.2,2400,600,29,0,29,0.02017558040097356,0.0043999999999999595,0.08864037500461563,1,26
PU-F,8,0.0,0.2,2400,600,33,0,33,0.022321024269331247,0.0043999999999999595,0.09816637501353398,1,30
PU-G,8,0.0,0.2,2400,600,45,0,45,0.02860994538059458,0.009499999999999953,0.11494862497784197,1,42
GREATS,8,0.0,0.2,2400,600,31,0,31,,0.0047000000000000375,0.09451300004730001,1,28
MaxLoss,8,0.0,0.3,2100,900,32,0,32,0.024885034887120128,0.007000000000000006,0.1118308330187574,1,29
PU-C,8,0.0,0.3,2100,900,41,0,41,0.03030511160613969,0.008600000000000052,0.13164429203607142,1,38
PU-F,8,0.0,0.3,2100,900,36,0,36,0.027310927340295166,0.006900000000000017,0.1305674579925835,1,33
PU-G,8,0.0,0.3,2100,900,40,0,40,0.02970933628967032,0.006900000000000017,0.13490629103034735,1,37
GREATS,8,0.0,0.3,2100,900,40,0,40,,0.006199999999999983,0.1421292910235934,1,37
MaxLoss,8,0.0,0.4,1800,1200,18,0,18,0.01875582296634093,0.006099999999999994,0.12412733305245638,1,15
PU-C,8,0.0,0.4,1800,1200,16,0,16,0.017224108625669032,0.005800000000000027,0.12493333400925621,1,13
PU-F,8,0.0,0.4,1800,1200,22,0,22,0.021758200775366277,0.005099999999999993,0.1327660420211032,1,19
PU-G,8,0.0,0.4,1800,1200,24,0,24,0.023234111547935754,0.0049000000000000155,0.1348061669850722,1,21
GREATS,8,0.0,0.4,1800,1200,28,0,28,,0.00880000000000003,0.13974662497639656,1,25
MaxLoss,8,0.0,0.5,1500,1500,18,0,18,0.022487208247184753,0.006700000000000039,0.142885249981191,1,15
PU-C,8,0.0,0.5,1500,1500,22,0,22,0.02608497691107914,0.005299999999999971,0.15182595798978582,1,19
PU-F,8,0.0,0.5,1500,1500,24,0,24,0.027853417966980487,0.00649999999999995,0.1564109169994481,1,21
PU-G,8,0.0,0.5,1500,1500,28,0,28,0.03134069964289665,0.0040000000000000036,0.16142341698287055,1,25
GREATS,8,0.0,0.5,1500,1500,23,0,23,,0.00660000000000005,0.1554301250143908,1,20
MaxLoss,8,0.0,0.6,1200,1800,17,0,17,0.026931294472888112,0.00539999999999996,0.17113379196962342,1,14
PU-C,8,0.0,0.6,1200,1800,17,0,17,0.026931294472888112,0.007000000000000006,0.17470220802351832,1,14
PU-F,8,0.0,0.6,1200,1800,16,0,16,0.025781950331293046,0.005099999999999993,0.17550616600783542,1,13
PU-G,8,0.0,0.6,1200,1800,14,0,14,0.023453966539818794,0.0040000000000000036,0.17112037498736754,1,11
GREATS,8,0.0,0.6,1200,1800,18,0,18,,0.006099999999999994,0.17743729101493955,1,15
MaxLoss,8,0.0,0.7,900,2100,17,0,17,0.03583114157663658,0.00539999999999996,0.19387533294502646,1,14
PU-C,8,0.0,0.7,900,2100,13,0,13,0.029640178836416453,0.0027000000000000357,0.19641866598976776,1,10
PU-F,8,0.0,0.7,900,2100,21,0,21,0.041832362359855324,0.006399999999999961,0.20333670801483095,1,18
PU-G,8,0.0,0.7,900,2100,17,0,17,0.03583114157663658,0.006199999999999983,0.1985965000349097,1,14
GREATS,8,0.0,0.7,900,2100,10,0,10,,0.0028000000000000247,0.1907579999533482,1,7
MaxLoss,8,0.0,0.8,600,2400,5,0,5,0.024279373232275248,0.0038000000000000256,0.20452241698512807,1,2
PU-C,8,0.0,0.8,600,2400,5,0,5,0.024279373232275248,0.0040000000000000036,0.20403500000247732,1,2
PU-F,8,0.0,0.8,600,2400,9,0,9,0.03463902446674183,0.0018000000000000238,0.20939650002401322,1,6
PU-G,8,0.0,0.8,600,2400,6,0,6,0.026965588273014873,0.0017000000000000348,0.20488724997267127,1,3
GREATS,8,0.0,0.8,600,2400,5,0,5,,0.0036000000000000476,0.2049534170073457,1,2
MaxLoss,8,0.4,0.0,3000,0,473,0,473,0.1810637908638455,0.02629999999999999,0.772745665977709,1,470
PU-C,8,0.4,0.0,3000,0,476,0,476,0.18212600302649662,0.022399999999999975,3.5784992499975488,1,473
PU-F,8,0.4,0.0,3000,0,495,0,495,0.18884600239107385,0.030100000000000016,5.703730457986239,1,492
PU-G,8,0.4,0.0,3000,0,467,0,467,0.17893839586758986,0.024599999999999955,5.759258874983061,1,464
GREATS,8,0.4,0.0,3000,0,528,0,528,,0.023399999999999976,4.209399042010773,1,525
MaxLoss,8,0.4,0.1,2700,300,450,0,450,0.19184930896153674,0.04069999999999996,0.7921999159734696,1,447
PU-C,8,0.4,0.1,2700,300,448,0,448,0.1910622454015538,0.026000000000000023,3.1309164999984205,1,445
PU-F,8,0.4,0.1,2700,300,459,0,459,0.19538895058212802,0.01870000000000005,4.941672624961939,1,456
PU-G,8,0.4,0.1,2700,300,515,0,515,0.21733867685543373,0.03620000000000001,5.742664334014989,1,512
GREATS,8,0.4,0.1,2700,300,496,0,496,,0.011600000000000055,3.4534357499796897,1,493
MaxLoss,8,0.4,0.2,2400,600,342,0,342,0.16745029477169737,0.023700000000000054,0.5267011250252835,1,339
PU-C,8,0.4,0.2,2400,600,364,0,364,0.17728461133083329,0.023900000000000032,2.2741906669689342,1,361
PU-F,8,0.4,0.2,2400,600,412,0,412,0.19863481778884307,0.024900000000000033,3.6622086669667624,1,409
PU-G,8,0.4,0.2,2400,600,415,0,415,0.1999647060292773,0.016199999999999992,3.222004042007029,1,412
GREATS,8,0.4,0.2,2400,600,456,0,456,,0.03300000000000003,2.7887035839958116,1,453
MaxLoss,8,0.4,0.3,2100,900,316,0,316,0.17770396766718477,0.01319999999999999,0.5434221670147963,1,313
PU-C,8,0.4,0.3,2100,900,322,0,322,0.18077628134051338,0.02210000000000001,1.8076112080016173,1,319
PU-F,8,0.4,0.3,2100,900,317,0,317,0.17821624589851126,0.018299999999999983,2.3092690409976058,1,314
PU-G,8,0.4,0.3,2100,900,359,0,359,0.19965378619963303,0.013399999999999967,2.0932584590045735,1,356
GREATS,8,0.4,0.3,2100,900,366,0,366,,0.01539999999999997,1.7695168750360608,1,363
MaxLoss,8,0.4,0.4,1800,1200,276,0,276,0.1828935989178717,0.01419999999999999,0.42757408297620714,1,273
PU-C,8,0.4,0.4,1800,1200,293,0,293,0.19307514547836035,0.026900000000000035,1.4121735410299152,1,290
PU-F,8,0.4,0.4,1800,1200,296,0,296,0.19486817374126986,0.026599999999999957,1.6259914580150507,1,293
PU-G,8,0.4,0.4,1800,1200,336,0,336,0.21867653873050585,0.014399999999999968,2.764251874992624,1,333
GREATS,8,0.4,0.4,1800,1200,366,0,366,,0.026499999999999968,1.444216542004142,1,363
MaxLoss,8,0.4,0.5,1500,1500,271,0,271,0.21515921206446365,0.030000000000000027,0.43963337503373623,1,268
PU-C,8,0.4,0.5,1500,1500,245,0,245,0.19646248914068565,0.018000000000000016,0.9003601669683121,1,242
PU-F,8,0.4,0.5,1500,1500,254,0,254,0.20294818619731814,0.022800000000000042,1.1954229999682866,1,251
PU-G,8,0.4,0.5,1500,1500,275,0,275,0.2180251648533158,0.022399999999999975,0.7656273330212571,1,272
GREATS,8,0.4,0.5,1500,1500,297,0,297,,0.010600000000000054,0.6965198329999112,1,294
MaxLoss,8,0.4,0.6,1200,1800,182,0,182,0.1874872634653002,0.017100000000000004,0.33159395796246827,1,179
PU-C,8,0.4,0.6,1200,1800,182,0,182,0.1874872634653002,0.03600000000000003,0.4281825000070967,1,179
PU-F,8,0.4,0.6,1200,1800,194,0,194,0.19842506374698132,0.021299999999999986,0.5552673750207759,1,191
PU-G,8,0.4,0.6,1200,1800,177,0,177,0.18291485426016152,0.0242,0.47154900000896305,1,174
GREATS,8,0.4,0.6,1200,1800,215,0,215,,0.020499999999999963,0.5070593749987893,1,212
MaxLoss,8,0.4,0.7,900,2100,186,0,186,0.25310021289624274,0.026100000000000012,0.3558404999785125,1,183
PU-C,8,0.4,0.7,900,2100,172,0,172,0.23621846921741962,0.025699999999999945,0.40048129099886864,1,169
PU-F,8,0.4,0.7,900,2100,171,0,171,0.23500855593010783,0.024800000000000044,0.4745587919605896,1,168
PU-G,8,0.4,0.7,900,2100,182,0,182,0.24828748311847448,0.032299999999999995,0.4957452499656938,1,179
GREATS,8,0.4,0.7,900,2100,202,0,202,,0.021100000000000008,0.49618474999442697,1,199
MaxLoss,8,0.4,0.8,600,2400,74,0,74,0.1697214029263705,0.01759999999999995,0.25307687500026077,1,71
PU-C,8,0.4,0.8,600,2400,91,0,91,0.20202032779343426,0.055400000000000005,0.29454891599016264,1,88
PU-F,8,0.4,0.8,600,2400,108,0,108,0.23374670540215448,0.029200000000000004,0.34066204098053277,1,105
PU-G,8,0.4,0.8,600,2400,87,0,87,0.19447691208915785,0.0242,0.3078174999682233,1,84
GREATS,8,0.4,0.8,600,2400,87,0,87,,0.01959999999999995,0.3011609580134973,1,84
MaxLoss,9,0.0,0.0,3000,0,95,0,95,0.04286969528766349,0.01870000000000005,0.10560870904009789,1,92
PU-C,9,0.0,0.0,3000,0,106,0,106,0.04712998168542981,0.020199999999999996,0.19000379199860618,1,103
PU-F,9,0.0,0.0,3000,0,128,0,128,0.05556067515863106,0.016800000000000037,0.38061916700098664,1,125
PU-G,9,0.0,0.0,3000,0,150,0,150,0.06389456166652963,0.0034999999999999476,0.3900020000291988,1,147
GREATS,9,0.0,0.0,3000,0,164,0,164,,0.009099999999999997,0.558516499993857,1,161
MaxLoss,9,0.0,0.1,2700,300,51,0,51,0.02818571886746213,0.010099999999999998,0.08624558401061222,1,48
PU-C,9,0.0,0.1,2700,300,50,0,50,0.027731052541639656,0.007900000000000018,0.09908670803997666,1,47
PU-F,9,0.0,0.1,2700,300,50,0,50,0.027731052541639656,0.010499999999999954,0.10978216701187193,1,47
PU-G,9,0.0,0.1,2700,300,44,0,44,0.024984721501823515,0.00649999999999995,0.10147279204102233,1,41
GREATS,9,0.0,0.1,2700,300,81,0,81,,0.009399999999999964,0.15252204099670053,1,78
MaxLoss,9,0.0,0.2,2400,600,28,0,28,0.01963437831727788,0.0050000000000000044,0.08048866700846702,1,25
PU-C,9,0.0,0.2,2400,600,25,0,25,0.017997525224927813,0.0020999999999999908,0.0828815420391038,1,22
PU-F,9,0.0,0.2,2400,600,49,0,49,0.030667832994367927,0.007099999999999995,0.12303233298007399,1,46
PU-G,9,0.0,0.2,2400,600,55,0,55,0.03372618119465187,0.009199999999999986,0.13367862498853356,1,52
GREATS,9,0.0,0.2,2400,600,52,0,52,,0.010700000000000043,0.12412554101319984,1,49
MaxLoss,9,0.0,0.3,2100,900,26,0,26,0.02118325181072578,0.0046000000000000485,0.10736649995669723,1,23
PU-C,9,0.0,0.3,2100,900,24,0,24,0.019928991503547877,0.005600000000000049,0.11144908296409994,1,21
PU-F,9,0.0,0.3,2100,900,26,0,26,0.02118325181072578,0.006700000000000039,0.11651862500002608,1,23
PU-G,9,0.0,0.3,2100,900,33,0,33,0.025494333414826542,0.00539999999999996,0.12750141700962558,1,30
GREATS,9,0.0,0.3,2100,900,26,0,26,,0.005299999999999971,0.11629062501015142,1,23
MaxLoss,9,0.0,0.4,1800,1200,23,0,23,0.02249804139137268,0.0044999999999999485,0.12764341599540785,1,20
PU-C,9,0.0,0.4,1800,1200,26,0,26,0.024695796193554997,0.00539999999999996,0.13576474995352328,1,23
PU-F,9,0.0,0.4,1800,1200,31,0,31,0.028297114360611886,0.007600000000000051,0.1451162500306964,1,28
PU-G,9,0.0,0.4,1800,1200,30,0,30,0.027582303388044238,0.0024999999999999467,0.14442266698461026,1,27
GREATS,9,0.0,0.4,1800,1200,28,0,28,,0.005499999999999949,0.1413641670369543,1,25
MaxLoss,9,0.0,0.5,1500,1500,20,0,20,0.02429716510232538,0.006800000000000028,0.1454685420030728,1,17
PU-C,9,0.0,0.5,1500,1500,15,0,15,0.019722751749213785,0.0024999999999999467,0.1437515839934349,1,12
PU-F,9,0.0,0.5,1500,1500,17,0,17,0.02157286019064486,0.0039000000000000146,0.147554625000339,1,14
PU-G,9,0.0,0.5,1500,1500,18,0,18,0.022487208247184753,0.0029000000000000137,0.14813358400715515,1,15
GREATS,9,0.0,0.5,1500,1500,20,0,20,,0.005600000000000049,0.15118450002046302,1,17
MaxLoss,9,0.0,0.6,1200,1800,16,0,16,0.025781950331293046,0.0043999999999999595,0.1704431670368649,1,13
PU-C,9,0.0,0.6,1200,1800,7,0,7,0.014859578222967684,0.0027000000000000357,0.1651210420532152,1,4
PU-F,9,0.0,0.6,1200,1800,13,0,13,0.022273400623816997,0.0049000000000000155,0.17115504201501608,1,10
PU-G,9,0.0,0.6,1200,1800,4,0,4,0.010793798370286822,0.0009000000000000119,0.1614317080238834,1,1
GREATS,9,0.0,0.6,1200,1800,6,0,6,,0.0018000000000000238,0.16243741696234792,1,3
MaxLoss,9,0.0,0.7,900,2100,7,0,7,0.019781653478275985,0.0043999999999999595,0.18550304201198742,1,4
PU-C,9,0.0,0.7,900,2100,11,0,11,0.02644878235878423,0.0036000000000000476,0.19160295801702887,1,8
PU-F,9,0.0,0.7,900,2100,19,0,19,0.03885184053797275,0.005700000000000038,0.20032779197208583,1,16
PU-G,9,0.0,0.7,900,2100,15,0,15,0.03276355308480561,0.0040000000000000036,0.19889970897929743,1,12
GREATS,9,0.0,0.7,900,2100,12,0,12,,0.0039000000000000146,0.19312275003176183,1,9
MaxLoss,9,0.0,0.8,600,2400,7,0,7,0.029579319758340716,0.0027000000000000357,0.20606062497245148,1,4
PU-C,9,0.0,0.8,600,2400,8,0,8,0.03213391738245264,0.0047000000000000375,0.2077612919965759,1,5
PU-F,9,0.0,0.8,600,2400,9,0,9,0.03463902446674183,0.0048000000000000265,0.20878595899557695,1,6
PU-G,9,0.0,0.8,600,2400,4,0,4,0.021501237817574292,0.0014999999999999458,0.2039303340134211,1,1
GREATS,9,0.0,0.8,600,2400,10,0,10,,0.0048000000000000265,0.21074820798821747,1,7
MaxLoss,9,0.4,0.0,3000,0,511,0,511,0.1944954011705704,0.010499999999999954,0.8529082090244628,1,508
PU-C,9,0.4,0.0,3000,0,600,58,658,0.2460390658234246,0.05230000000000001,4.929607792000752,0,597
PU-F,9,0.4,0.0,3000,0,533,0,533,0.202249675989151,0.0046000000000000485,6.83514754101634,1,530
PU-G,9,0.4,0.0,3000,0,600,0,600,0.22577449848176911,0.013900000000000023,7.32639887498226,1,597
GREATS,9,0.4,0.0,3000,0,600,31,631,,0.030399999999999983,5.300941791967489,0,597
MaxLoss,9,0.4,0.1,2700,300,484,0,484,0.20520341687370092,0.016599999999999948,0.9354979579802603,1,481
PU-C,9,0.4,0.1,2700,300,460,0,460,0.1957820297102444,0.016800000000000037,3.324305457994342,1,457
PU-F,9,0.4,0.1,2700,300,494,0,494,0.2091220997972414,0.006700000000000039,5.937009375018533,1,491
PU-G,9,0.4,0.1,2700,300,506,0,506,0.21381935238605365,0.015700000000000047,5.658239374984987,1,503
GREATS,9,0.4,0.1,2700,300,588,0,588,,0.024900000000000033,4.766219166980591,1,585
MaxLoss,9,0.4,0.2,2400,600,434,0,434,0.20837582845706493,0.018199999999999994,0.7203005000483245,1,431
PU-C,9,0.4,0.2,2400,600,436,0,436,0.20926007837988436,0.018199999999999994,3.0640527089708485,1,433
PU-F,9,0.4,0.2,2400,600,415,0,415,0.1999647060292773,0.008700000000000041,4.488899166986812,1,412
PU-G,9,0.4,0.2,2400,600,452,0,452,0.2163265625713393,0.014499999999999957,4.170413999992888,1,449
GREATS,9,0.4,0.2,2400,600,487,0,487,,0.016900000000000026,3.2018951670033857,1,484
MaxLoss,9,0.4,0.3,2100,900,337,0,337,0.18844316998729482,0.016800000000000037,0.6025439170189202,1,334
PU-C,9,0.4,0.3,2100,900,398,0,398,0.21943517884938046,0.010199999999999987,2.3522225419874303,1,395
PU-F,9,0.4,0.3,2100,900,390,0,390,0.2153865380678326,0.017100000000000004,2.9637998749967664,1,387
PU-G,9,0.4,0.3,2100,900,382,0,382,0.21133331558667123,0.005900000000000016,2.3724474160117097,1,379
GREATS,9,0.4,0.3,2100,900,368,0,368,,0.006700000000000039,1.7419924580026418,1,365
MaxLoss,9,0.4,0.4,1800,1200,332,0,332,0.21630358370020986,0.02529999999999999,0.6342055420391262,1,329
PU-C,9,0.4,0.4,1800,1200,326,0,326,0.212740981252864,0.02090000000000003,1.704515833989717,1,323
PU-F,9,0.4,0.4,1800,1200,347,0,347,0.22519364702748135,0.015599999999999947,2.3836769590270706,1,344
PU-G,9,0.4,0.4,1800,1200,329,0,329,0.21452276170020923,0.019299999999999984,1.646506541990675,1,326
GREATS,9,0.4,0.4,1800,1200,396,0,396,,0.008199999999999985,2.1173422500141896,1,393
MaxLoss,9,0.4,0.5,1500,1500,275,0,275,0.2180251648533158,0.010000000000000009,0.5501397919724695,1,272
PU-C,9,0.4,0.5,1500,1500,268,0,268,0.21300797554431483,0.014599999999999946,1.0658431250485592,1,265
PU-F,9,0.4,0.5,1500,1500,298,0,298,0.23445403203368187,0.03059999999999996,1.624289500003215,1,295
PU-G,9,0.4,0.5,1500,1500,322,0,322,0.25151132163591683,0.025599999999999956,1.5040415420080535,1,319
GREATS,9,0.4,0.5,1500,1500,330,0,330,,0.018000000000000016,1.2246714999782853,1,327
MaxLoss,9,0.4,0.6,1200,1800,224,0,224,0.2255670137819834,0.017299999999999982,0.4872504170052707,1,221
PU-C,9,0.4,0.6,1200,1800,250,0,250,0.24888249940704554,0.02749999999999997,1.0000934170093387,1,247
PU-F,9,0.4,0.6,1200,1800,244,0,244,0.24351776542607695,0.028100000000000014,0.8157550420146435,1,241
PU-G,9,0.4,0.6,1200,1800,252,0,252,0.25066872767638415,0.02729999999999999,0.7061525419703685,1,249
GREATS,9,0.4,0.6,1200,1800,239,0,239,,0.01970000000000005,0.5843499160255305,1,236
MaxLoss,9,0.4,0.7,900,2100,130,0,130,0.1848700157715939,0.029900000000000038,0.2887050419813022,1,127
PU-C,9,0.4,0.7,900,2100,150,0,150,0.20946468017064035,0.022499999999999964,0.36421770800370723,1,147
PU-F,9,0.4,0.7,900,2100,153,0,153,0.21313037734944373,0.016800000000000037,0.4472473330097273,1,150
PU-G,9,0.4,0.7,900,2100,159,0,159,0.22044472757261246,0.009600000000000053,0.44385008403332904,1,156
GREATS,9,0.4,0.7,900,2100,126,0,126,,0.027800000000000047,0.33967879199190065,1,123
MaxLoss,9,0.4,0.8,600,2400,124,0,124,0.26317692024167627,0.05269999999999997,0.29192337504355237,1,121
PU-C,9,0.4,0.8,600,2400,133,0,133,0.27957156021147966,0.017800000000000038,0.35451491695130244,1,130
PU-F,9,0.4,0.8,600,2400,127,0,127,0.268653899023775,0.03810000000000002,0.3809848749660887,1,124
PU-G,9,0.4,0.8,600,2400,114,0,114,0.24482812458882108,0.05669999999999997,0.35536675003822893,1,111
GREATS,9,0.4,0.8,600,2400,159,0,159,,0.03380000000000005,0.40724329196382314,1,156
