method,noise_rate,pretrain_fraction,n,compression_size_mean,compression_size_se,remaining_bad_mean,remaining_bad_se,effective_compression_size_mean,effective_compression_size_se,certified_bound_mean,certified_bound_se,test_error_mean,test_error_se,runtime_sec_mean,runtime_sec_se,stop_reached_mean,stop_reached_se,train_calls_mean,train_calls_se
GREATS,0.0,0.0,10,143.6,6.650313275828942,0.0,0.0,143.6,6.650313275828942,,,0.004559999999999986,0.0005746883213244089,0.5257636458030902,0.02380269247293769,1.0,0.0,140.6,6.650313275828942
GREATS,0.0,0.1,10,68.3,4.962190376570948,0.0,0.0,68.3,4.962190376570948,,,0.007869999999999988,0.0004179447066033709,0.13377667068270965,0.008075414374244966,1.0,0.0,65.3,4.962190376570948
GREATS,0.0,0.2,10,53.5,4.9289394847618535,0.0,0.0,53.5,4.9289394847618535,,,0.007150000000000012,0.0006764695936338265,0.12782743730349466,0.00764086953281702,1.0,0.0,50.5,4.9289394847618535
GREATS,0.0,0.3,10,37.3,4.3206223831501145,0.0,0.0,37.3,4.3206223831501145,,,0.005570000000000008,0.0004155451573268309,0.13435360818984918,0.006470729937421089,1.0,0.0,34.3,4.3206223831501145
GREATS,0.0,0.4,10,30.6,2.8331372481167696,0.0,0.0,30.6,2.8331372481167696,,,0.006079999999999986,0.0005636783953047482,0.14481864580884576,0.003801847285235161,1.0,0.0,27.6,2.8331372481167696
GREATS,0.0,0.5,10,24.0,2.054804667656325,0.0,0.0,24.0,2.054804667656325,,,0.006410000000000004,0.0005795496335757423,0.15658617070293984,0.002522142777432845,1.0,0.0,21.0,2.054804667656325
GREATS,0.0,0.6,10,18.1,2.396525262402492,0.0,0.0,18.1,2.396525262402492,,,0.005330000000000024,0.000646365909442084,0.17861188350361773,0.0033108278219218744,1.0,0.0,15.1,2.3965252624024918
GREATS,0.0,0.7,10,11.7,1.145522685162639,0.0,0.0,11.7,1.145522685162639,,,0.004869999999999997,0.00048443552489240246,0.1918582541984506,0.0014202257780877128,1.0,0.0,8.7,1.145522685162639
GREATS,0.0,0.8,10,8.3,0.8950481054731702,0.0,0.0,8.3,0.8950481054731702,,,0.0050400000000000115,0.0005985538126740709,0.2085107377031818,0.0015387877122912525,1.0,0.0,5.3,0.8950481054731702
GREATS,0.4,0.0,10,533.7,13.021392654653598,3.1,3.0999999999999996,536.8,14.994665718181245,,,0.018389999999999972,0.0021305945961945347,4.180714925093343,0.2111314952771948,0.9,0.09999999999999999,530.7,13.021392654653598
GREATS,0.4,0.1,10,525.3,13.171560272040665,1.3,1.2999999999999996,526.6,14.027116596079182,,,0.018799999999999994,0.0022269061747435866,3.841454045800492,0.1997500209983145,0.9,0.09999999999999999,522.3,13.171560272040665
GREATS,0.4,0.2,10,475.3,9.371410423908095,0.0,0.0,475.3,9.371410423908095,,,0.01879000000000003,0.002510044266984594,3.0876074332976713,0.21153634369880436,1.0,0.0,472.3,9.371410423908095
GREATS,0.4,0.3,10,394.1,10.413079382306762,0.0,0.0,394.1,10.413079382306762,,,0.017339999999999977,0.0022514785265588355,2.1025097625039053,0.18383101469260393,1.0,0.0,391.1,10.413079382306762
GREATS,0.4,0.4,10,353.7,9.677063374575757,0.0,0.0,353.7,9.677063374575757,,,0.01925999999999998,0.002358257360378166,1.490563116699923,0.1362135689274113,1.0,0.0,350.7,9.677063374575757
GREATS,0.4,0.5,10,307.1,7.7020199370756695,0.0,0.0,307.1,7.7020199370756695,,,0.02015,0.0019013007243580441,0.9219955870998092,0.08131786111330129,1.0,0.0,304.1,7.7020199370756695
GREATS,0.4,0.6,10,241.3,7.1228115547474955,0.0,0.0,241.3,7.1228115547474955,,,0.020080000000000008,0.001782183429890921,0.576741508312989,0.018915981087893365,1.0,0.0,238.3,7.1228115547474955
GREATS,0.4,0.7,10,169.0,8.848100863399383,0.0,0.0,169.0,8.848100863399383,,,0.026680000000000002,0.003779706043831683,0.46066122518386693,0.033272699794592436,1.0,0.0,166.0,8.848100863399383
GREATS,0.4,0.8,10,100.9,8.115075134861318,0.0,0.0,100.9,8.115075134861318,,,0.03504999999999999,0.005253364001602527,0.32077039990690537,0.011486921908802902,1.0,0.0,97.9,8.115075134861318
MaxLoss,0.0,0.0,10,110.0,6.139127697718046,0.0,0.0,110.0,6.139127697718046,0.04862546564545482,0.0023788500667503904,0.016070000000000008,0.0014744528175262548,0.2163278417021502,0.07806110334317837,1.0,0.0,107.0,6.139127697718046
MaxLoss,0.0,0.1,10,52.8,4.3787364996461395,0.0,0.0,52.8,4.3787364996461395,0.02893692853394896,0.001977786970596533,0.008850000000000002,0.0006933413461075435,0.09763749191188253,0.007590778819239282,1.0,0.0,49.8,4.3787364996461395
MaxLoss,0.0,0.2,10,38.9,4.974267115197306,0.0,0.0,38.9,4.974267115197306,0.025289198994869366,0.002600779901985442,0.00686000000000001,0.0006998730043530919,0.09117882900754921,0.004775799779621615,1.0,0.0,35.9,4.974267115197306
MaxLoss,0.0,0.3,10,30.2,3.4149995932975195,0.0,0.0,30.2,3.4149995932975195,0.023673741798847913,0.0020819721044534065,0.006210000000000016,0.0007415374419257407,0.11654570830287411,0.005099447928812595,1.0,0.0,27.2,3.4149995932975195
MaxLoss,0.0,0.4,10,24.5,3.2939338184001206,0.0,0.0,24.5,3.2939338184001206,0.023424319340847433,0.002419778436796852,0.0059499999999999996,0.0008790462002774492,0.12904409580514767,0.002900448158311413,1.0,0.0,21.5,3.2939338184001206
MaxLoss,0.0,0.5,10,20.9,2.5579940057266226,0.0,0.0,20.9,2.5579940057266226,0.02494158556801267,0.0023009969237125787,0.0066400000000000235,0.0005532128382859935,0.14635387930320576,0.002262756114429857,1.0,0.0,17.9,2.5579940057266226
MaxLoss,0.0,0.6,10,15.9,1.7156145643277025,0.0,0.0,15.9,1.7156145643277025,0.025547239457955583,0.001962711899914855,0.00522999999999999,0.000510348464831197,0.17323760000872426,0.00268097438994848,1.0,0.0,12.9,1.7156145643277025
MaxLoss,0.0,0.7,10,10.5,1.327068615826292,0.0,0.0,10.5,1.327068615826292,0.02546324940631166,0.0021465060807428623,0.00413,0.0004336024805177065,0.18974933329736815,0.0021829527495327555,1.0,0.0,7.5,1.327068615826292
MaxLoss,0.0,0.8,10,7.4,0.8589399151150082,0.0,0.0,7.4,0.8589399151150082,0.030420314887305722,0.002207322292769279,0.004279999999999995,0.0006803267188964736,0.20612134580151178,0.0007957508183510017,1.0,0.0,4.4,0.8589399151150082
MaxLoss,0.4,0.0,10,478.7,15.097497953119401,0.0,0.0,478.7,15.097497953119401,0.1830450429348275,0.005346170302195336,0.018489999999999986,0.00198155101989438,0.7802793751994613,0.035461719795101466,1.0,0.0,475.7,15.097497953119401
MaxLoss,0.4,0.1,10,444.6,11.847362575695907,0.0,0.0,444.6,11.847362575695907,0.18969568023458122,0.004666919306377422,0.019929999999999993,0.0027330914527122674,0.7718795122986194,0.0335472321247076,1.0,0.0,441.6,11.847362575695907
MaxLoss,0.4,0.2,10,394.4,13.624487757955036,0.0,0.0,394.4,13.624487757955036,0.19077180916210637,0.006063842354201831,0.02076000000000001,0.001580731195083819,0.6545294541167095,0.03132731012065338,1.0,0.0,391.4,13.624487757955036
MaxLoss,0.4,0.3,10,354.6,13.093000674660741,0.0,0.0,354.6,13.093000674660741,0.19735418022610246,0.006656797094352267,0.022170000000000002,0.0020980970213770153,0.5983344377018511,0.027290628053908812,1.0,0.0,351.6,13.093000674660741
MaxLoss,0.4,0.4,10,308.0,10.842303978193728,0.0,0.0,308.0,10.842303978193728,0.20196998506435193,0.00645257439026305,0.023409999999999986,0.0026631831413638164,0.5263798041036353,0.026517042393166428,1.0,0.0,305.0,10.842303978193728
MaxLoss,0.4,0.5,10,259.8,9.360436836909791,0.0,0.0,259.8,9.360436836909791,0.20704971559462138,0.006730500360044242,0.023950000000000006,0.003312409327899496,0.4507173582969699,0.018747265853275644,1.0,0.0,256.8,9.360436836909791
MaxLoss,0.4,0.6,10,211.0,6.458413977991121,0.0,0.0,211.0,6.458413977991121,0.21378221123013647,0.005840844750201297,0.023970000000000012,0.0018610062988728532,0.4012288289843127,0.018305813555742047,1.0,0.0,208.0,6.458413977991121
MaxLoss,0.4,0.7,10,147.3,7.523370993850503,0.0,0.0,147.3,7.523370993850503,0.20598930105334148,0.009221322108688295,0.027139999999999987,0.002234885033085846,0.31366444170707836,0.008677688605152426,1.0,0.0,144.3,7.523370993850503
MaxLoss,0.4,0.8,10,99.2,6.494099886307057,0.0,0.0,99.2,6.494099886307057,0.2170469937089365,0.012129269437502206,0.05075999999999999,0.004550828984310933,0.2788813999097329,0.006019664071570384,1.0,0.0,96.2,6.494099886307057
PU-C,0.0,0.0,10,108.3,1.4533486237727757,0.0,0.0,108.3,1.4533486237727757,0.048014304105890915,0.00055946344200608,0.016959999999999996,0.0006083127850410858,0.20498218340799212,0.01918425096531978,1.0,0.0,105.3,1.4533486237727757
PU-C,0.0,0.1,10,52.2,3.869539162915053,0.0,0.0,52.2,3.869539162915053,0.02867243319633417,0.0017689250557884396,0.009060000000000002,0.0007185169912163984,0.10613003330072387,0.004759268140293754,1.0,0.0,49.2,3.869539162915053
PU-C,0.0,0.2,10,39.5,3.992353803070175,0.0,0.0,39.5,3.992353803070175,0.025659991905558854,0.002080535888711129,0.0066500000000000005,0.0010251558147152328,0.10170955840148962,0.00497507972606134,1.0,0.0,36.5,3.992353803070175
PU-C,0.0,0.3,10,37.4,4.367048329376618,0.0,0.0,37.4,4.367048329376618,0.02801837051520124,0.0026103456387315768,0.006589999999999996,0.00046366894320074096,0.12910104590118862,0.005483560397556392,1.0,0.0,34.4,4.367048329376618
PU-C,0.0,0.4,10,29.2,1.8961950204437188,0.0,0.0,29.2,1.8961950204437188,0.02695864698616788,0.0013832375713179234,0.006630000000000025,0.0005412023651093909,0.14169715020107104,0.0028001774339087384,1.0,0.0,26.2,1.8961950204437188
PU-C,0.0,0.5,10,19.9,1.991370270832513,0.0,0.0,19.9,1.991370270832513,0.0241093531367369,0.0017862537398017672,0.005059999999999986,0.0005907057925340983,0.15196410409989766,0.003126946047540706,1.0,0.0,16.9,1.991370270832513
PU-C,0.0,0.6,10,15.5,1.9278658321228337,0.0,0.0,15.5,1.9278658321228337,0.025033682672074065,0.0022383838843363824,0.005220000000000002,0.0005577335086460793,0.17371790820034222,0.0020506159270293235,1.0,0.0,12.5,1.9278658321228337
PU-C,0.0,0.7,10,12.8,1.2454361128179603,0.0,0.0,12.8,1.2454361128179603,0.029213513724971562,0.0019419079195875499,0.004860000000000008,0.000815570693168628,0.1929331376159098,0.0015456746930164055,1.0,0.0,9.8,1.2454361128179603
PU-C,0.0,0.8,10,8.2,1.0519822558706333,0.0,0.0,8.2,1.0519822558706333,0.03242567301495001,0.002595372952157631,0.0037000000000000145,0.0006782329983125234,0.20759969169157558,0.001235820753833801,1.0,0.0,5.2,1.0519822558706333
PU-C,0.4,0.0,10,499.8,18.582428976499994,5.8,5.8,505.6,22.540925742598354,0.19251518761739134,0.007945517270991208,0.019709999999999995,0.003955543227196771,3.7775914041907526,0.3160712985526999,0.9,0.09999999999999999,496.8,18.582428976499994
PU-C,0.4,0.1,10,463.5,15.739723278663094,0.0,0.0,463.5,15.739723278663094,0.1971119498834014,0.006170730512262086,0.01864000000000001,0.002026611841363698,3.1736135668063072,0.15164134728785122,1.0,0.0,460.5,15.739723278663094
PU-C,0.4,0.2,10,409.3,9.585927185202275,0.0,0.0,409.3,9.585927185202275,0.19741436938056722,0.004247089842479602,0.018720000000000014,0.0014244531114314227,2.4881725542829374,0.1111129094878147,1.0,0.0,406.3,9.585927185202275
PU-C,0.4,0.3,10,358.6,12.153828843436768,0.0,0.0,358.6,12.153828843436768,0.19939876454300248,0.006175520320949483,0.019289999999999984,0.0019665225935928407,1.9607768083980772,0.10261108053780862,1.0,0.0,355.6,12.153828843436768
PU-C,0.4,0.4,10,301.4,8.268010643437753,0.0,0.0,301.4,8.268010643437753,0.19805630060727708,0.0049386928147497665,0.021140000000000003,0.0011329607230614834,1.5197202000068502,0.10921679285415424,1.0,0.0,298.4,8.268010643437753
PU-C,0.4,0.5,10,252.0,8.175845182269809,0.0,0.0,252.0,8.175845182269809,0.2014524975034874,0.005891930043974687,0.021929999999999995,0.0029594687961787248,0.929714683390921,0.06099253114672228,1.0,0.0,249.0,8.175845182269809
PU-C,0.4,0.6,10,208.3,6.988959547425893,0.0,0.0,208.3,6.988959547425893,0.2113311074557714,0.006311291715097603,0.027790000000000002,0.0033961236072256747,0.5673169083078392,0.06331429105194032,1.0,0.0,205.3,6.988959547425893
PU-C,0.4,0.7,10,148.3,6.456779382943171,0.0,0.0,148.3,6.456779382943171,0.20724990481976419,0.007970979732355974,0.028349999999999986,0.0042209596065349905,0.364760012505576,0.010809328674668493,1.0,0.0,145.3,6.456779382943171
PU-C,0.4,0.8,10,111.1,5.408737786623091,0.0,0.0,111.1,5.408737786623091,0.23927149252267554,0.009995591168909667,0.05364000000000002,0.005511144265133247,0.31856467489269563,0.0073147763328126544,1.0,0.0,108.1,5.408737786623091
PU-F,0.0,0.0,10,126.2,3.4634600554294765,0.0,0.0,126.2,3.4634600554294765,0.0548635721381288,0.0013231676614586403,0.012540000000000006,0.001241701341797703,0.38370173738803715,0.018750706898697657,1.0,0.0,123.2,3.4634600554294765
PU-F,0.0,0.1,10,59.1,4.061882431692095,0.0,0.0,59.1,4.061882431692095,0.031793124676914884,0.0018163090374939835,0.008899999999999996,0.0006502990764939532,0.12760042489971965,0.007581587612353249,1.0,0.0,56.1,4.061882431692095
PU-F,0.0,0.2,10,41.7,4.948737212663448,0.0,0.0,41.7,4.948737212663448,0.026765906944638117,0.002571147998647212,0.006349999999999989,0.0009210199660038725,0.11375336659839377,0.007483034313477389,1.0,0.0,38.7,4.948737212663448
PU-F,0.0,0.3,10,33.9,3.8570282169912455,0.0,0.0,33.9,3.8570282169912455,0.02591151181841269,0.002345963493338361,0.006040000000000001,0.0009315697624022731,0.12862849999801257,0.005095466772710436,1.0,0.0,30.9,3.8570282169912455
PU-F,0.0,0.4,10,28.4,2.472964932132187,0.0,0.0,28.4,2.472964932132187,0.026358897489262744,0.0017722322337222457,0.006380000000000008,0.0006619499813262168,0.14261606661602855,0.0032550555903213996,1.0,0.0,25.4,2.472964932132187
PU-F,0.0,0.5,10,19.4,2.4276188608044165,0.0,0.0,19.4,2.4276188608044165,0.023595249041682108,0.002202279468473162,0.0049899999999999944,0.00042490521818923583,0.1526518625789322,0.003451643434622981,1.0,0.0,16.4,2.4276188608044165
PU-F,0.0,0.6,10,16.5,1.607275126832159,0.0,0.0,16.5,1.607275126832159,0.026263973221648484,0.0018159001488784862,0.005769999999999997,0.0005264239947249967,0.17632906669750809,0.001831140576775672,1.0,0.0,13.5,1.607275126832159
PU-F,0.0,0.7,10,14.1,1.27758452644912,0.0,0.0,14.1,1.27758452644912,0.03125140587217175,0.0019987101694947367,0.005879999999999996,0.0006327716807822504,0.19521262079942972,0.0016356157759896868,1.0,0.0,11.1,1.27758452644912
PU-F,0.0,0.8,10,8.5,0.5,0.0,0.0,8.5,0.5,0.03333620799239725,0.001271131916047606,0.0035699999999999955,0.0003771383477363874,0.21190850839484482,0.004098471099284836,1.0,0.0,5.5,0.5
PU-F,0.4,0.0,10,484.0,17.083455284117566,0.0,0.0,484.0,17.083455284117566,0.18491133724455722,0.006040931871880539,0.020230000000000005,0.0023082966302737863,5.446285774704302,0.3214187474985003,1.0,0.0,481.0,17.083455284117566
PU-F,0.4,0.1,10,460.1,15.564525191744346,0.0,0.0,460.1,15.564525191744346,0.1957742216764018,0.006123688146771336,0.017780000000000008,0.0016924538398431972,4.9630698207998645,0.2110317318118769,1.0,0.0,457.1,15.564525191744346
PU-F,0.4,0.2,10,399.5,10.572763750946738,0.0,0.0,399.5,10.572763750946738,0.19305790351936594,0.004704238343462918,0.02087000000000001,0.002215152364962739,3.7615128959005233,0.20721326967749276,1.0,0.0,396.5,10.572763750946738
PU-F,0.4,0.3,10,355.4,13.485135849849227,0.0,0.0,355.4,13.485135849849227,0.19775669537484647,0.006863843037703257,0.018909999999999982,0.0018806884082401534,2.7377976751013193,0.21024664885394678,1.0,0.0,352.4,13.485135849849227
PU-F,0.4,0.4,10,310.9,9.4085658371035,0.0,0.0,310.9,9.4085658371035,0.20371237984509208,0.005606112600393431,0.02307999999999999,0.002224350092349078,2.2176580207946244,0.26482197793669443,1.0,0.0,307.9,9.4085658371035
PU-F,0.4,0.5,10,263.9,6.49178968646808,0.0,0.0,263.9,6.49178968646808,0.2100326031970326,0.004659060864012216,0.025609999999999987,0.0019931242922719156,1.2425183705927338,0.09642440379333866,1.0,0.0,260.9,6.49178968646808
PU-F,0.4,0.6,10,225.3,6.58963833099612,0.0,0.0,225.3,6.58963833099612,0.2266820284188725,0.005932661787004103,0.02780999999999999,0.002040830440994279,0.6817120833031367,0.02873425382037425,1.0,0.0,222.3,6.58963833099612
PU-F,0.4,0.7,10,157.7,7.23118247591637,0.0,0.0,157.7,7.23118247591637,0.2186976555036381,0.008920870011389774,0.02611000000000001,0.0021195099014211342,0.4571293666958809,0.014764152901257835,1.0,0.0,154.7,7.23118247591637
PU-F,0.4,0.8,10,105.4,5.67097875150313,0.0,0.0,105.4,5.67097875150313,0.22868572692968883,0.010526181605969062,0.03972000000000001,0.005092844653694701,0.3447755248984322,0.009981857700811881,1.0,0.0,102.4,5.67097875150313
PU-G,0.0,0.0,10,128.5,8.00312438988674,0.0,0.0,128.5,8.00312438988674,0.055693547235568984,0.003048671057449708,0.007310000000000006,0.0009477986190231693,0.34820581270032563,0.019280909193868084,1.0,0.0,125.5,8.00312438988674
PU-G,0.0,0.1,10,61.5,4.351883372620282,0.0,0.0,61.5,4.351883372620282,0.03286193859530613,0.0019439163409378046,0.007269999999999999,0.0006936297443321075,0.13163829162367618,0.0067721122583303235,1.0,0.0,58.5,4.351883372620282
PU-G,0.0,0.2,10,53.3,6.137408066747539,0.0,0.0,53.3,6.137408066747539,0.03269993719295598,0.0031500645239646028,0.008479999999999988,0.0009160058223978004,0.13154053760808893,0.00949263341503809,1.0,0.0,50.3,6.137408066747539
PU-G,0.0,0.3,10,39.9,3.7960505792204615,0.0,0.0,39.9,3.7960505792204615,0.029556550760753454,0.0022555872155151082,0.006690000000000018,0.0006320073839231092,0.1373079414071981,0.005924328460895554,1.0,0.0,36.9,3.7960505792204615
PU-G,0.0,0.4,10,27.3,2.616401260425387,0.0,0.0,27.3,2.616401260425387,0.02553194934152998,0.0019280695399255872,0.005600000000000016,0.0008804039476916901,0.141554066905519,0.0036346825004489325,1.0,0.0,24.3,2.616401260425387
PU-G,0.0,0.5,10,22.3,2.812867259971971,0.0,0.0,22.3,2.812867259971971,0.02618152103968896,0.002494278370974466,0.004470000000000018,0.0006920260110718359,0.15551798770902678,0.004235126422864589,1.0,0.0,19.3,2.812867259971971
PU-G,0.0,0.6,10,16.9,2.208317610006918,0.0,0.0,16.9,2.208317610006918,0.026588276628172026,0.002581916981705736,0.004600000000000004,0.0007733045971672486,0.17630109579768033,0.0026753028620500018,1.0,0.0,13.9,2.208317610006918
PU-G,0.0,0.7,10,14.1,1.2333333333333334,0.0,0.0,14.1,1.2333333333333334,0.03125895423581824,0.0019303303949933226,0.005200000000000005,0.0007331818025261874,0.19498472090344876,0.0016188009369083579,1.0,0.0,11.1,1.2333333333333334
PU-G,0.0,0.8,10,8.6,1.0561986345169907,0.0,0.0,8.6,1.0561986345169907,0.0334200692246668,0.002630660083301821,0.0035499999999999863,0.0006792561290771615,0.20865789980744012,0.001391467010805595,1.0,0.0,5.6,1.0561986345169907
PU-G,0.4,0.0,10,531.4,18.9796382122175,3.4,3.4,534.8,20.581977013342957,0.20282383824232966,0.007247122994994465,0.02533000000000001,0.002259599276174626,6.075472595798783,0.3180974849761911,0.9,0.09999999999999999,528.4,18.9796382122175
PU-G,0.4,0.1,10,499.7,12.209331586036058,0.0,0.0,499.7,12.209331586036058,0.21132893391186372,0.004767541011017434,0.018720000000000004,0.002701801867889897,5.34378990859841,0.1857850730160639,1.0,0.0,496.7,12.209331586036058
PU-G,0.4,0.2,10,464.3,11.249740737753323,0.0,0.0,464.3,11.249740737753323,0.22172283005784266,0.00494594745547427,0.017799999999999983,0.0016024980499208105,4.577690954197896,0.2874895432508675,1.0,0.0,461.3,11.249740737753323
PU-G,0.4,0.3,10,369.4,7.251360025693264,0.0,0.0,369.4,7.251360025693264,0.20492190995137208,0.0036830483411345394,0.018949999999999988,0.0021022871143378864,2.4962502122973094,0.15339356262398507,1.0,0.0,366.4,7.251360025693264
PU-G,0.4,0.4,10,331.1,7.160772770215981,0.0,0.0,331.1,7.160772770215981,0.21574473383952864,0.004254158940677267,0.01814,0.0020448417488348044,2.2432254999992436,0.19924122577286538,1.0,0.0,328.1,7.160772770215981
PU-G,0.4,0.5,10,285.7,9.018561107207981,0.0,0.0,285.7,9.018561107207981,0.22561985797947273,0.006446094347259501,0.026190000000000012,0.002039577843029727,1.23322307500639,0.1423394441109207,1.0,0.0,282.7,9.018561107207981
PU-G,0.4,0.6,10,228.6,8.469815687355764,0.0,0.0,228.6,8.469815687355764,0.2296143143903464,0.00762758415562093,0.024390000000000012,0.00219602924489736,0.7158926834119483,0.037305648110320916,1.0,0.0,225.6,8.469815687355764
PU-G,0.4,0.7,10,180.0,7.484799410954325,0.0,0.0,180.0,7.484799410954325,0.24573672143742442,0.00907024549467393,0.028579999999999994,0.004485849355968659,0.5209911209065468,0.02299486262601211,1.0,0.0,177.0,7.484799410954325
PU-G,0.4,0.8,10,106.0,4.671426144361294,0.0,0.0,106.0,4.671426144361294,0.2298845178214833,0.00861774374215294,0.03841,0.004353349923398708,0.3442000249051489,0.007695004785135686,1.0,0.0,103.0,4.671426144361294
