method,noise_rate,pretrain_fraction,es_budget,n,step_mean,step_se,compression_size_mean,compression_size_se,remaining_bad_mean,remaining_bad_se,effective_compression_size_mean,effective_compression_size_se,certified_bound_mean,certified_bound_se,test_error_mean,test_error_se,runtime_sec_mean,runtime_sec_se,stop_reached_mean,stop_reached_se,hit_limit_mean,hit_limit_se,train_calls_mean,train_calls_se,noise_hit_rate_mean,noise_hit_rate_se,duplicate_hit_rate_mean,duplicate_hit_rate_se,pairwise_feature_cosine_mean,pairwise_feature_cosine_se
MaxLoss,0.0,0.0,100,10,94.4,3.5534021256630473,98.4,3.5534021256630473,10.9,3.3080709383768254,109.3,6.093803774691505,0.04835667890147306,0.0023608582399773283,0.020200000000000006,0.0017379425895133742,0.2235718375944998,0.0747133782072193,0.3,0.15275252316519466,0.0,0.0,95.4,3.5534021256630473,0.0,0.0,0.14322067711083727,0.025248208216284457,0.8448368012905121,0.008032534282231898
MaxLoss,0.0,0.0,200,10,106.0,6.139127697718046,110.0,6.139127697718046,0.0,0.0,110.0,6.139127697718046,0.04862546564545482,0.0023788500667503904,0.016070000000000008,0.0014744528175262548,0.2439465167117305,0.07317917672600746,1.0,0.0,0.0,0.0,107.0,6.139127697718046,0.0,0.0,0.14556345460777073,0.02228378196621433,0.839536988735199,0.008149995687425063
MaxLoss,0.0,0.0,50,10,50.0,0.0,54.0,0.0,85.9,13.749707067586726,139.9,13.749707067586726,0.05991451505105942,0.00523858173708994,0.03478000000000001,0.004124743763085306,0.15350670000188985,0.0797753608099707,0.0,0.0,0.0,0.0,51.0,0.0,0.0,0.0,0.11111111111111112,0.03795166950355407,0.8462794542312622,0.012670502684101885
MaxLoss,0.0,0.1,100,10,48.8,4.3787364996461395,52.8,4.3787364996461395,0.0,0.0,52.8,4.3787364996461395,0.02893692853394896,0.001977786970596533,0.008850000000000002,0.0006933413461075435,0.14339514580206014,0.01928916800582077,1.0,0.0,0.0,0.0,49.8,4.3787364996461395,0.0,0.0,0.117062833125537,0.03269244210552512,0.9133869230747222,0.005991034777890307
MaxLoss,0.0,0.1,200,10,48.8,4.3787364996461395,52.8,4.3787364996461395,0.0,0.0,52.8,4.3787364996461395,0.02893692853394896,0.001977786970596533,0.008850000000000002,0.0006933413461075435,0.14670663769356906,0.019570397550847697,1.0,0.0,0.0,0.0,49.8,4.3787364996461395,0.0,0.0,0.117062833125537,0.03269244210552512,0.9133869230747222,0.005991034777890307
MaxLoss,0.0,0.1,50,10,44.2,2.3036203390894663,48.2,2.3036203390894663,5.4,3.409789827345179,53.6,4.888080741286229,0.029286816908279435,0.0021989475336211543,0.010099999999999998,0.0014647715028479832,0.1311385336040985,0.01687678080178843,0.7,0.15275252316519464,0.0,0.0,45.2,2.3036203390894663,0.0,0.0,0.12860609986316632,0.03956366283844442,0.9133275866508483,0.00575081358452671
MaxLoss,0.0,0.2,100,10,34.9,4.974267115197306,38.9,4.974267115197306,0.0,0.0,38.9,4.974267115197306,0.025289198994869366,0.002600779901985442,0.00686000000000001,0.0006998730043530919,0.09471532090101391,0.005804711561041839,1.0,0.0,0.0,0.0,35.9,4.974267115197306,0.0,0.0,0.1275221481119879,0.031969940289015925,0.8925314724445343,0.010965686346441472
MaxLoss,0.0,0.2,200,10,34.9,4.974267115197306,38.9,4.974267115197306,0.0,0.0,38.9,4.974267115197306,0.025289198994869366,0.002600779901985442,0.00686000000000001,0.0006998730043530919,0.09691890420508571,0.00582700538084859,1.0,0.0,0.0,0.0,35.9,4.974267115197306,0.0,0.0,0.1275221481119879,0.031969940289015925,0.8925314724445343,0.010965686346441472
MaxLoss,0.0,0.2,50,10,33.3,4.203305577492288,37.3,4.203305577492288,1.0,0.6831300510639733,38.3,4.673922929997407,0.02498737085843459,0.0024510132798857944,0.006960000000000022,0.0007338180216435778,0.09057247909950092,0.004787771135822493,0.8,0.13333333333333333,0.0,0.0,34.3,4.203305577492288,0.0,0.0,0.12471450175595444,0.03121149790997307,0.8922632217407227,0.010913030636511858
MaxLoss,0.0,0.3,100,10,26.2,3.4149995932975195,30.2,3.4149995932975195,0.0,0.0,30.2,3.4149995932975195,0.023673741798847913,0.0020819721044534065,0.006210000000000016,0.0007415374419257407,0.11322382910293527,0.0035480399594275723,1.0,0.0,0.0,0.0,27.2,3.4149995932975195,0.0,0.0,0.12167104918890632,0.030076689622071343,0.8273474037647247,0.018067185683208746
MaxLoss,0.0,0.3,200,10,26.2,3.4149995932975195,30.2,3.4149995932975195,0.0,0.0,30.2,3.4149995932975195,0.023673741798847913,0.0020819721044534065,0.006210000000000016,0.0007415374419257407,0.11541498741135,0.0036022311847185924,1.0,0.0,0.0,0.0,27.2,3.4149995932975195,0.0,0.0,0.12167104918890632,0.030076689622071343,0.8273474037647247,0.018067185683208746
MaxLoss,0.0,0.3,50,10,26.2,3.4149995932975195,30.2,3.4149995932975195,0.0,0.0,30.2,3.4149995932975195,0.023673741798847913,0.0020819721044534065,0.006210000000000016,0.0007415374419257407,0.11085738321417012,0.0034631561325831187,1.0,0.0,0.0,0.0,27.2,3.4149995932975195,0.0,0.0,0.12167104918890632,0.030076689622071343,0.8273474037647247,0.018067185683208746
MaxLoss,0.0,0.4,100,10,20.5,3.2939338184001206,24.5,3.2939338184001206,0.0,0.0,24.5,3.2939338184001206,0.023424319340847433,0.002419778436796852,0.0059499999999999996,0.0008790462002774492,0.13064803749439308,0.003405488847985149,1.0,0.0,0.0,0.0,21.5,3.2939338184001206,0.0,0.0,0.1171117125472934,0.032349999324169335,0.8338398635387421,0.020610348011697623
MaxLoss,0.0,0.4,200,10,20.5,3.2939338184001206,24.5,3.2939338184001206,0.0,0.0,24.5,3.2939338184001206,0.023424319340847433,0.002419778436796852,0.0059499999999999996,0.0008790462002774492,0.1328124706982635,0.0034411985013938218,1.0,0.0,0.0,0.0,21.5,3.2939338184001206,0.0,0.0,0.1171117125472934,0.032349999324169335,0.8338398635387421,0.020610348011697623
MaxLoss,0.0,0.4,50,10,20.5,3.2939338184001206,24.5,3.2939338184001206,0.0,0.0,24.5,3.2939338184001206,0.023424319340847433,0.002419778436796852,0.0059499999999999996,0.0008790462002774492,0.12842290840344503,0.0034013135988367952,1.0,0.0,0.0,0.0,21.5,3.2939338184001206,0.0,0.0,0.1171117125472934,0.032349999324169335,0.8338398635387421,0.020610348011697623
MaxLoss,0.0,0.5,100,10,16.9,2.5579940057266226,20.9,2.5579940057266226,0.0,0.0,20.9,2.5579940057266226,0.02494158556801267,0.0023009969237125787,0.0066400000000000235,0.0005532128382859935,0.1468918664031662,0.0025403844589812433,1.0,0.0,0.0,0.0,17.9,2.5579940057266226,0.0,0.0,0.12458537835424026,0.024917317018368596,0.7814142882823945,0.024296239968423596
MaxLoss,0.0,0.5,200,10,16.9,2.5579940057266226,20.9,2.5579940057266226,0.0,0.0,20.9,2.5579940057266226,0.02494158556801267,0.0023009969237125787,0.0066400000000000235,0.0005532128382859935,0.14909665809827857,0.0025456290849161546,1.0,0.0,0.0,0.0,17.9,2.5579940057266226,0.0,0.0,0.12458537835424026,0.024917317018368596,0.7814142882823945,0.024296239968423596
MaxLoss,0.0,0.5,50,10,16.9,2.5579940057266226,20.9,2.5579940057266226,0.0,0.0,20.9,2.5579940057266226,0.02494158556801267,0.0023009969237125787,0.0066400000000000235,0.0005532128382859935,0.14457840389222837,0.002512657383147912,1.0,0.0,0.0,0.0,17.9,2.5579940057266226,0.0,0.0,0.12458537835424026,0.024917317018368596,0.7814142882823945,0.024296239968423596
MaxLoss,0.0,0.6,100,10,11.9,1.7156145643277025,15.9,1.7156145643277025,0.0,0.0,15.9,1.7156145643277025,0.025547239457955583,0.001962711899914855,0.00522999999999999,0.000510348464831197,0.17063794159330428,0.0016587942085659173,1.0,0.0,0.0,0.0,12.9,1.7156145643277025,0.0,0.0,0.14428743315508022,0.03411471836719882,0.750564694404602,0.017074703757265906
MaxLoss,0.0,0.6,200,10,11.9,1.7156145643277025,15.9,1.7156145643277025,0.0,0.0,15.9,1.7156145643277025,0.025547239457955583,0.001962711899914855,0.00522999999999999,0.000510348464831197,0.17285876650130377,0.00164246415839851,1.0,0.0,0.0,0.0,12.9,1.7156145643277025,0.0,0.0,0.14428743315508022,0.03411471836719882,0.750564694404602,0.017074703757265906
MaxLoss,0.0,0.6,50,10,11.9,1.7156145643277025,15.9,1.7156145643277025,0.0,0.0,15.9,1.7156145643277025,0.025547239457955583,0.001962711899914855,0.00522999999999999,0.000510348464831197,0.16818612070637756,0.0015985579650282002,1.0,0.0,0.0,0.0,12.9,1.7156145643277025,0.0,0.0,0.14428743315508022,0.03411471836719882,0.750564694404602,0.017074703757265906
MaxLoss,0.0,0.7,100,10,6.5,1.327068615826292,10.5,1.327068615826292,0.0,0.0,10.5,1.327068615826292,0.02546324940631166,0.0021465060807428623,0.00413,0.0004336024805177065,0.18942919159890154,0.0013124598431456774,1.0,0.0,0.0,0.0,7.5,1.327068615826292,0.0,0.0,0.13331349206349205,0.03587171907041723,0.6749460160732269,0.02707894110442905
MaxLoss,0.0,0.7,200,10,6.5,1.327068615826292,10.5,1.327068615826292,0.0,0.0,10.5,1.327068615826292,0.02546324940631166,0.0021465060807428623,0.00413,0.0004336024805177065,0.1917993582901545,0.001391354556804371,1.0,0.0,0.0,0.0,7.5,1.327068615826292,0.0,0.0,0.13331349206349205,0.03587171907041723,0.6749460160732269,0.02707894110442905
MaxLoss,0.0,0.7,50,10,6.5,1.327068615826292,10.5,1.327068615826292,0.0,0.0,10.5,1.327068615826292,0.02546324940631166,0.0021465060807428623,0.00413,0.0004336024805177065,0.18699082499952055,0.001249533226518355,1.0,0.0,0.0,0.0,7.5,1.327068615826292,0.0,0.0,0.13331349206349205,0.03587171907041723,0.6749460160732269,0.02707894110442905
MaxLoss,0.0,0.8,100,10,3.4,0.8589399151150082,7.4,0.8589399151150082,0.0,0.0,7.4,0.8589399151150082,0.030420314887305722,0.002207322292769279,0.004279999999999995,0.0006803267188964736,0.20541075000655837,0.0008764722556750767,1.0,0.0,0.0,0.0,4.4,0.8589399151150082,0.0,0.0,0.10357864357864359,0.047375264741748656,0.5239710688591004,0.03710301418603219
MaxLoss,0.0,0.8,200,10,3.4,0.8589399151150082,7.4,0.8589399151150082,0.0,0.0,7.4,0.8589399151150082,0.030420314887305722,0.002207322292769279,0.004279999999999995,0.0006803267188964736,0.20757390419603325,0.0009074417904017145,1.0,0.0,0.0,0.0,4.4,0.8589399151150082,0.0,0.0,0.10357864357864359,0.047375264741748656,0.5239710688591004,0.03710301418603219
MaxLoss,0.0,0.8,50,10,3.4,0.8589399151150082,7.4,0.8589399151150082,0.0,0.0,7.4,0.8589399151150082,0.030420314887305722,0.002207322292769279,0.004279999999999995,0.0006803267188964736,0.2031115959980525,0.0008565934186089109,1.0,0.0,0.0,0.0,4.4,0.8589399151150082,0.0,0.0,0.10357864357864359,0.047375264741748656,0.5239710688591004,0.03710301418603219
MaxLoss,0.4,0.0,100,10,100.0,0.0,104.0,0.0,443.7,20.81508534159247,547.7,20.81508534159247,0.20736242880811914,0.0073262012087413845,0.11943000000000001,0.006597323531385876,0.12639606668963096,0.0031412899295477073,0.0,0.0,0.0,0.0,101.0,0.0,0.3355769230769231,0.018437150023422635,0.40865384615384615,0.02382382812070273,0.7491392135620117,0.02168541185201111
MaxLoss,0.4,0.0,200,10,200.0,0.0,204.0,0.0,213.5,21.99709576790132,417.5,21.99709576790132,0.1612634674354922,0.007822539449785611,0.053770000000000005,0.008871039648454086,0.30211937908898107,0.0031986853021941084,0.0,0.0,1.0,0.0,201.0,0.0,0.30049019607843136,0.010691070459448095,0.3897058823529412,0.01450939909934009,0.4835271924734116,0.01662311584532613
MaxLoss,0.4,0.0,50,10,50.0,0.0,54.0,0.0,502.0,24.0762677063258,556.0,24.0762677063258,0.21025883976253681,0.008483571570928276,0.13369999999999999,0.008977527499261695,0.06280711648287252,0.0023512658685609002,0.0,0.0,0.0,0.0,51.0,0.0,0.36296296296296293,0.02831443195353016,0.37962962962962965,0.028854310845728995,0.7319355964660644,0.02831362880415166
MaxLoss,0.4,0.1,100,10,100.0,0.0,104.0,0.0,407.5,23.41236615314413,511.5,23.41236615314413,0.21587836894905194,0.009145698373316694,0.12194,0.008349413818413308,0.2999873082095291,0.004561939078720106,0.0,0.0,0.0,0.0,101.0,0.0,0.28557692307692306,0.015705128205128205,0.3826923076923077,0.024901185384044913,0.9073656022548675,0.014430387647906974
MaxLoss,0.4,0.1,200,10,200.0,0.0,204.0,0.0,232.3,19.824255625649883,436.3,19.824255625649883,0.1863778846221976,0.007788863195876671,0.06988999999999998,0.006629772075854328,0.47165331250871534,0.006556686007157207,0.0,0.0,1.0,0.0,201.0,0.0,0.30147058823529416,0.009365182928697447,0.3941176470588235,0.017902412973597827,0.6217886924743652,0.02819840326985652
MaxLoss,0.4,0.1,50,10,50.0,0.0,54.0,0.0,490.9,21.482007975668072,544.9,21.482007975668072,0.2289370056532789,0.008364726268084498,0.14625999999999997,0.0087978810580225,0.2365817540907301,0.005261118378369175,0.0,0.0,0.0,0.0,51.0,0.0,0.37037037037037035,0.023261041581996014,0.4222222222222222,0.01763315661368605,0.8940689980983734,0.012875737773548012
MaxLoss,0.4,0.2,100,10,100.0,0.0,104.0,0.0,340.9,27.980330392775723,444.9,27.980330392775723,0.21300541423843242,0.012375324791980016,0.11127000000000001,0.010498370773071832,0.30545446248725056,0.0032769207645678197,0.0,0.0,0.0,0.0,101.0,0.0,0.31538461538461543,0.019485492504577772,0.3942307692307693,0.015767145995190822,0.850357609987259,0.03336554559787952
MaxLoss,0.4,0.2,200,10,200.0,0.0,204.0,0.0,189.4,11.435033887138243,393.4,11.435033887138243,0.19034307060646824,0.005082208300744247,0.06922,0.006423668041789756,0.46656880020163954,0.003645293280061645,0.0,0.0,1.0,0.0,201.0,0.0,0.31029411764705883,0.011368839076339185,0.3955882352941177,0.013923447969132474,0.6545026242733002,0.031757625976952863
MaxLoss,0.4,0.2,50,10,50.0,0.0,54.0,0.0,389.4,25.508691329296635,443.4,25.508691329296635,0.2123727860103827,0.01129078485776725,0.12308999999999999,0.008792831044537232,0.24859427100163883,0.003228565504160547,0.0,0.0,0.0,0.0,51.0,0.0,0.32222222222222224,0.03162036660460666,0.37777777777777777,0.029371301860173622,0.8359437406063079,0.034984786365277576
MaxLoss,0.4,0.3,100,10,100.0,0.0,104.0,0.0,249.4,17.50631632043449,353.4,17.50631632043449,0.19669404463493265,0.008907639775675569,0.09498,0.00664954133756607,0.325136349897366,0.0017776973206810411,0.0,0.0,0.0,0.0,101.0,0.0,0.3701923076923077,0.013078337027630234,0.4673076923076923,0.0195065693009012,0.6359567463397979,0.04353266404400752
MaxLoss,0.4,0.3,200,10,200.0,0.0,204.0,0.0,127.6,9.6,331.6,9.6,0.18565042900154366,0.004896483092383329,0.06219,0.004061757966420181,0.4779863125062548,0.0024041630155721668,0.0,0.0,1.0,0.0,201.0,0.0,0.3357843137254902,0.0048609394707985355,0.45,0.01643436726886295,0.5609430581331253,0.028845700429771387
MaxLoss,0.4,0.3,50,10,50.0,0.0,54.0,0.0,310.2,16.509122057550822,364.2,16.509122057550822,0.20220379813108594,0.008385401835570683,0.11238000000000001,0.006142905573821637,0.27012805399135686,0.0017968138526599352,0.0,0.0,0.0,0.0,51.0,0.0,0.3833333333333333,0.023594462782242455,0.4703703703703703,0.02194615905510022,0.624417045712471,0.039421700005556275
MaxLoss,0.4,0.4,100,10,100.0,0.0,104.0,0.0,220.6,17.712017263867928,324.6,17.712017263867928,0.21175635450636038,0.010521630535270552,0.10478000000000001,0.007008214228080259,0.3431101459020283,0.00499131454518768,0.0,0.0,0.0,0.0,101.0,0.0,0.34807692307692306,0.019166559471443658,0.44038461538461543,0.02139528111317774,0.7325531899929046,0.04701756446046069
MaxLoss,0.4,0.4,200,10,200.0,0.0,204.0,0.0,106.0,15.12099350057543,310.0,15.12099350057543,0.20310530996648596,0.009002099304535546,0.06255999999999999,0.00854535871427032,0.48895809170790017,0.006076897973568567,0.0,0.0,1.0,0.0,201.0,0.0,0.3151960784313726,0.008921329212234442,0.4181372549019608,0.008831090926059909,0.5451959192752838,0.032173672480578286
MaxLoss,0.4,0.4,50,10,50.0,0.0,54.0,0.0,264.5,18.92984122724987,318.5,18.92984122724987,0.2080992331786547,0.011280650081202692,0.11561999999999999,0.007290874052158927,0.2931643750052899,0.004547159597921139,0.0,0.0,0.0,0.0,51.0,0.0,0.3592592592592593,0.03337902675208833,0.42222222222222233,0.03108562546176339,0.7029107421636581,0.051533059879408816
MaxLoss,0.4,0.5,100,10,100.0,0.0,104.0,0.0,139.4,5.810335618533579,243.4,5.810335618533579,0.1952785818022676,0.004196844726950834,0.08774000000000001,0.0029042574113034647,0.3533362916088663,0.0013803281962578835,0.0,0.0,0.0,0.0,101.0,0.0,0.37596153846153846,0.01150725837885656,0.4788461538461538,0.02187015655029741,0.6877303749322892,0.04338817513581063
MaxLoss,0.4,0.5,200,10,200.0,0.0,204.0,0.0,53.2,11.455032857996427,257.2,11.455032857996427,0.20514736910699866,0.008219435112312394,0.04958000000000001,0.006869607784372497,0.48656001670169646,0.0022948306642722096,0.0,0.0,1.0,0.0,201.0,0.0,0.32549019607843144,0.007054585995072844,0.4504901960784314,0.016444923722973973,0.5182190716266633,0.02386107885855532
MaxLoss,0.4,0.5,50,10,50.0,0.0,54.0,0.0,177.7,10.21986083836544,231.7,10.21986083836544,0.1867531880212482,0.007407133684505004,0.09512000000000001,0.003968705358454094,0.30417307910975067,0.001285400984474542,0.0,0.0,0.0,0.0,51.0,0.0,0.3833333333333333,0.02209324712120158,0.47037037037037044,0.026363156177855087,0.6596469849348068,0.03920841339255187
MaxLoss,0.4,0.6,100,10,100.0,0.0,104.0,0.0,101.1,10.95287887066937,205.1,10.95287887066937,0.2083379128074739,0.009883997799443366,0.08061,0.008180864529158545,0.3878282081976067,0.005088478602610186,0.0,0.0,0.0,0.0,101.0,0.0,0.31346153846153846,0.01157401928542807,0.4461538461538462,0.0205328427923679,0.6605940818786621,0.032775741317456634
MaxLoss,0.4,0.6,200,10,194.2,2.6280537792569363,198.2,2.6280537792569363,10.3,3.9750611455814244,208.5,5.99861095032286,0.21152873885584994,0.0054245258235891365,0.032100000000000004,0.004221742662824333,0.5079589290893637,0.00910792914638966,0.4,0.16329931618554522,0.6,0.16329931618554522,195.2,2.6280537792569363,0.2996225273688591,0.007840026722497692,0.42973102824955484,0.01020230967821512,0.5447126537561416,0.030818117272193513
MaxLoss,0.4,0.6,50,10,50.0,0.0,54.0,0.0,148.3,15.262190027792357,202.3,15.262190027792357,0.2056394932209514,0.013794542749181281,0.09434000000000001,0.00963120160958353,0.33884568728972225,0.004525533734092991,0.0,0.0,0.0,0.0,51.0,0.0,0.3740740740740741,0.014291156670111391,0.47407407407407404,0.023129622216290367,0.6313090652227402,0.03764014492944714
MaxLoss,0.4,0.7,100,10,100.0,0.0,104.0,0.0,46.1,5.877357682950165,150.1,5.877357682950165,0.20948371333070098,0.007201392006505279,0.06978,0.007065830139166632,0.4020637712033931,0.0022207345219851737,0.0,0.0,0.0,0.0,101.0,0.0,0.3384615384615385,0.015087951661461308,0.46634615384615385,0.020435048883711646,0.6479550838470459,0.04079105777367897
MaxLoss,0.4,0.7,200,10,143.3,7.523370993850503,147.3,7.523370993850503,0.0,0.0,147.3,7.523370993850503,0.20598930105334148,0.009221322108688295,0.027139999999999987,0.002234885033085846,0.45273429609369487,0.008443126118426588,1.0,0.0,0.0,0.0,144.3,7.523370993850503,0.3139396607325714,0.01114477346463376,0.45898612515581994,0.012217477886119784,0.6265253216028214,0.04664271751208031
MaxLoss,0.4,0.7,50,10,50.0,0.0,54.0,0.0,88.8,7.727008908152407,142.8,7.727008908152408,0.20045579415746034,0.009493678546428684,0.08945,0.007467950038516445,0.35850565430591813,0.00217148421365177,0.0,0.0,0.0,0.0,51.0,0.0,0.34444444444444444,0.014130275484271104,0.47037037037037044,0.017503020837972626,0.6318951100111008,0.03753340104206099
MaxLoss,0.4,0.8,100,10,88.7,4.136692183644103,92.7,4.136692183644103,5.3,2.4632859715789754,98.0,6.04060335470629,0.21484657216933556,0.011300855569844474,0.055959999999999996,0.005590690674882869,0.39501809569774193,0.013657603408662315,0.6,0.1632993161855452,0.0,0.0,89.7,4.136692183644103,0.33480310582720224,0.008359835680428236,0.4760829647576636,0.018660960206406618,0.6614341497421264,0.03613518035142281
MaxLoss,0.4,0.8,200,10,95.2,6.494099886307057,99.2,6.494099886307057,0.0,0.0,99.2,6.494099886307057,0.2170469937089365,0.012129269437502206,0.05075999999999999,0.004550828984310933,0.4035431915021036,0.015423685125727565,1.0,0.0,0.0,0.0,96.2,6.494099886307057,0.31992676597285646,0.010008669429939653,0.46330598286044705,0.018725342578884096,0.6588500559329986,0.03445859891781179
MaxLoss,0.4,0.8,50,10,50.0,0.0,54.0,0.0,32.6,5.018189137749016,86.6,5.018189137749016,0.19348212069016882,0.009495632426340385,0.06728999999999999,0.0065881450769966765,0.36391721229301766,0.011735779690013447,0.0,0.0,0.0,0.0,51.0,0.0,0.37037037037037035,0.012033079438035759,0.4907407407407408,0.023137857795051005,0.6336531430482865,0.03934570210491647
PU-C,0.0,0.0,100,10,99.8,0.19999999999999998,103.8,0.19999999999999998,26.5,13.995435763927546,130.3,14.038874598770374,0.05629757642163895,0.005257839774900834,0.022619999999999994,0.0033467662667781943,0.2085853083874099,0.011866322515670125,0.2,0.13333333333333333,0.0,0.0,100.8,0.19999999999999998,0.0,0.0,0.14144042232277526,0.026199971301389242,0.8216891050338745,0.011497591382722664
PU-C,0.0,0.0,200,10,104.3,1.4533486237727757,108.3,1.4533486237727757,0.0,0.0,108.3,1.4533486237727757,0.048014304105890915,0.00055946344200608,0.016959999999999996,0.0006083127850410858,0.22401169579825364,0.011759757956408351,1.0,0.0,0.0,0.0,105.3,1.4533486237727757,0.0,0.0,0.14386930646038015,0.02466709284000654,0.8247444987297058,0.007781727779645887
PU-C,0.0,0.0,50,10,50.0,0.0,54.0,0.0,129.7,29.138767609111017,183.7,29.138767609111017,0.07616599296452478,0.010640380360857182,0.04272,0.005954509029112115,0.10625587478862145,0.0028821264567897202,0.0,0.0,0.0,0.0,51.0,0.0,0.0,0.0,0.09629629629629628,0.03193214112685818,0.8219438195228577,0.011787721170330716
PU-C,0.0,0.1,100,10,48.2,3.869539162915053,52.2,3.869539162915053,0.0,0.0,52.2,3.869539162915053,0.02867243319633417,0.0017689250557884396,0.009060000000000002,0.0007185169912163984,0.11892667938955129,0.004442629782285473,1.0,0.0,0.0,0.0,49.2,3.869539162915053,0.0,0.0,0.13491730269351895,0.0226669536434841,0.9030757248401642,0.0033999423206395327
PU-C,0.0,0.1,200,10,48.2,3.869539162915053,52.2,3.869539162915053,0.0,0.0,52.2,3.869539162915053,0.02867243319633417,0.0017689250557884396,0.009060000000000002,0.0007185169912163984,0.12143242509919219,0.0044010044519183795,1.0,0.0,0.0,0.0,49.2,3.869539162915053,0.0,0.0,0.13491730269351895,0.0226669536434841,0.9030757248401642,0.0033999423206395327
PU-C,0.0,0.1,50,10,44.0,2.6457513110645903,48.0,2.6457513110645903,4.0,2.070963275601209,52.0,4.077035960378842,0.028577749378746374,0.0018562155891772149,0.009599999999999997,0.0008777496479318254,0.11001859169919044,0.0031328101449672294,0.5,0.16666666666666666,0.0,0.0,45.0,2.6457513110645903,0.0,0.0,0.12961839458706576,0.021807070096598716,0.9020124495029449,0.0030919600402488628
PU-C,0.0,0.2,100,10,35.5,3.992353803070175,39.5,3.992353803070175,0.0,0.0,39.5,3.992353803070175,0.025659991905558854,0.002080535888711129,0.0066500000000000005,0.0010251558147152328,0.10499015410896391,0.005288131759047242,1.0,0.0,0.0,0.0,36.5,3.992353803070175,0.0,0.0,0.12759174527592643,0.026400851840504003,0.881039309501648,0.00735546390452484
PU-C,0.0,0.2,200,10,35.5,3.992353803070175,39.5,3.992353803070175,0.0,0.0,39.5,3.992353803070175,0.025659991905558854,0.002080535888711129,0.0066500000000000005,0.0010251558147152328,0.10725712091079913,0.005313818948438436,1.0,0.0,0.0,0.0,36.5,3.992353803070175,0.0,0.0,0.12759174527592643,0.026400851840504003,0.881039309501648,0.00735546390452484
PU-C,0.0,0.2,50,10,34.5,3.3903457706323175,38.5,3.3903457706323175,0.5,0.5,39.0,3.6696957185394354,0.025408879248425366,0.0019205727936683294,0.0066500000000000005,0.0010251558147152328,0.10138531240518205,0.0044208481278252346,0.9,0.09999999999999999,0.0,0.0,35.5,3.3903457706323175,0.0,0.0,0.1229621156462968,0.02434140566958661,0.8804148674011231,0.007042995408685799
PU-C,0.0,0.3,100,10,33.4,4.367048329376618,37.4,4.367048329376618,0.0,0.0,37.4,4.367048329376618,0.02801837051520124,0.0026103456387315768,0.006589999999999996,0.00046366894320074096,0.1309281750000082,0.005844201354103644,1.0,0.0,0.0,0.0,34.4,4.367048329376618,0.0,0.0,0.11571482558180597,0.029474031767119387,0.8632563531398774,0.00979184907787507
PU-C,0.0,0.3,200,10,33.4,4.367048329376618,37.4,4.367048329376618,0.0,0.0,37.4,4.367048329376618,0.02801837051520124,0.0026103456387315768,0.006589999999999996,0.00046366894320074096,0.133186024898896,0.005864959433469567,1.0,0.0,0.0,0.0,34.4,4.367048329376618,0.0,0.0,0.11571482558180597,0.029474031767119387,0.8632563531398774,0.00979184907787507
PU-C,0.0,0.3,50,10,32.4,3.762977544445356,36.4,3.762977544445356,0.5,0.5,36.9,4.045436386294506,0.027731743355980144,0.0024285569473197544,0.006589999999999996,0.00046366894320074096,0.12724753330112434,0.005169752937335686,0.9,0.09999999999999999,0.0,0.0,33.4,3.762977544445356,0.0,0.0,0.11693010335958373,0.03017748249098499,0.8627937197685241,0.009593569319394424
PU-C,0.0,0.4,100,10,25.2,1.8961950204437188,29.2,1.8961950204437188,0.0,0.0,29.2,1.8961950204437188,0.02695864698616788,0.0013832375713179234,0.006630000000000025,0.0005412023651093909,0.14165522910188882,0.002494462367724954,1.0,0.0,0.0,0.0,26.2,1.8961950204437188,0.0,0.0,0.11356090146412726,0.030648837734670652,0.8365016520023346,0.005736209447683457
PU-C,0.0,0.4,200,10,25.2,1.8961950204437188,29.2,1.8961950204437188,0.0,0.0,29.2,1.8961950204437188,0.02695864698616788,0.0013832375713179234,0.006630000000000025,0.0005412023651093909,0.14381280841189437,0.0025284737614968016,1.0,0.0,0.0,0.0,26.2,1.8961950204437188,0.0,0.0,0.11356090146412726,0.030648837734670652,0.8365016520023346,0.005736209447683457
PU-C,0.0,0.4,50,10,25.2,1.8961950204437188,29.2,1.8961950204437188,0.0,0.0,29.2,1.8961950204437188,0.02695864698616788,0.0013832375713179234,0.006630000000000025,0.0005412023651093909,0.13939453750499525,0.0024269116154505346,1.0,0.0,0.0,0.0,26.2,1.8961950204437188,0.0,0.0,0.11356090146412726,0.030648837734670652,0.8365016520023346,0.005736209447683457
PU-C,0.0,0.5,100,10,15.9,1.991370270832513,19.9,1.991370270832513,0.0,0.0,19.9,1.991370270832513,0.0241093531367369,0.0017862537398017672,0.005059999999999986,0.0005907057925340983,0.15006312929326668,0.0026277207004393142,1.0,0.0,0.0,0.0,16.9,1.991370270832513,0.0,0.0,0.10524320025381147,0.025275985833341553,0.7954531252384186,0.018208958428031708
PU-C,0.0,0.5,200,10,15.9,1.991370270832513,19.9,1.991370270832513,0.0,0.0,19.9,1.991370270832513,0.0241093531367369,0.0017862537398017672,0.005059999999999986,0.0005907057925340983,0.1522568751941435,0.002623363288791084,1.0,0.0,0.0,0.0,16.9,1.991370270832513,0.0,0.0,0.10524320025381147,0.025275985833341553,0.7954531252384186,0.018208958428031708
PU-C,0.0,0.5,50,10,15.9,1.991370270832513,19.9,1.991370270832513,0.0,0.0,19.9,1.991370270832513,0.0241093531367369,0.0017862537398017672,0.005059999999999986,0.0005907057925340983,0.14774277939577588,0.0025963591391242814,1.0,0.0,0.0,0.0,16.9,1.991370270832513,0.0,0.0,0.10524320025381147,0.025275985833341553,0.7954531252384186,0.018208958428031708
PU-C,0.0,0.6,100,10,11.5,1.9278658321228337,15.5,1.9278658321228337,0.0,0.0,15.5,1.9278658321228337,0.025033682672074065,0.0022383838843363824,0.005220000000000002,0.0005577335086460793,0.17318354570888914,0.0018434507835628118,1.0,0.0,0.0,0.0,12.5,1.9278658321228337,0.0,0.0,0.173427030485854,0.03948188101449487,0.7170183062553406,0.02089843516415832
PU-C,0.0,0.6,200,10,11.5,1.9278658321228337,15.5,1.9278658321228337,0.0,0.0,15.5,1.9278658321228337,0.025033682672074065,0.0022383838843363824,0.005220000000000002,0.0005577335086460793,0.17548224169877358,0.0018126471186605583,1.0,0.0,0.0,0.0,12.5,1.9278658321228337,0.0,0.0,0.173427030485854,0.03948188101449487,0.7170183062553406,0.02089843516415832
PU-C,0.0,0.6,50,10,11.5,1.9278658321228337,15.5,1.9278658321228337,0.0,0.0,15.5,1.9278658321228337,0.025033682672074065,0.0022383838843363824,0.005220000000000002,0.0005577335086460793,0.17086351689649745,0.0018128416270917975,1.0,0.0,0.0,0.0,12.5,1.9278658321228337,0.0,0.0,0.173427030485854,0.03948188101449487,0.7170183062553406,0.02089843516415832
PU-C,0.0,0.7,100,10,8.8,1.2454361128179603,12.8,1.2454361128179603,0.0,0.0,12.8,1.2454361128179603,0.029213513724971562,0.0019419079195875499,0.004860000000000008,0.000815570693168628,0.19803917919634842,0.004701001293114814,1.0,0.0,0.0,0.0,9.8,1.2454361128179603,0.0,0.0,0.12173493173493173,0.03025592844986908,0.6991496086120605,0.025919054127117605
PU-C,0.0,0.7,200,10,8.8,1.2454361128179603,12.8,1.2454361128179603,0.0,0.0,12.8,1.2454361128179603,0.029213513724971562,0.0019419079195875499,0.004860000000000008,0.000815570693168628,0.20021893359953538,0.004772734521990992,1.0,0.0,0.0,0.0,9.8,1.2454361128179603,0.0,0.0,0.12173493173493173,0.03025592844986908,0.6991496086120605,0.025919054127117605
PU-C,0.0,0.7,50,10,8.8,1.2454361128179603,12.8,1.2454361128179603,0.0,0.0,12.8,1.2454361128179603,0.029213513724971562,0.0019419079195875499,0.004860000000000008,0.000815570693168628,0.19582625439506957,0.004668272879534485,1.0,0.0,0.0,0.0,9.8,1.2454361128179603,0.0,0.0,0.12173493173493173,0.03025592844986908,0.6991496086120605,0.025919054127117605
PU-C,0.0,0.8,100,10,4.2,1.0519822558706333,8.2,1.0519822558706333,0.0,0.0,8.2,1.0519822558706333,0.03242567301495001,0.002595372952157631,0.0037000000000000145,0.0006782329983125234,0.20651145000592805,0.001341388470821087,1.0,0.0,0.0,0.0,5.2,1.0519822558706333,0.0,0.0,0.1276923076923077,0.0351061028061123,0.5861559629440307,0.02961632323442698
PU-C,0.0,0.8,200,10,4.2,1.0519822558706333,8.2,1.0519822558706333,0.0,0.0,8.2,1.0519822558706333,0.03242567301495001,0.002595372952157631,0.0037000000000000145,0.0006782329983125234,0.20872124990564772,0.0013539671274196967,1.0,0.0,0.0,0.0,5.2,1.0519822558706333,0.0,0.0,0.1276923076923077,0.0351061028061123,0.5861559629440307,0.02961632323442698
PU-C,0.0,0.8,50,10,4.2,1.0519822558706333,8.2,1.0519822558706333,0.0,0.0,8.2,1.0519822558706333,0.03242567301495001,0.002595372952157631,0.0037000000000000145,0.0006782329983125234,0.2041643001139164,0.0013144881805803121,1.0,0.0,0.0,0.0,5.2,1.0519822558706333,0.0,0.0,0.1276923076923077,0.0351061028061123,0.5861559629440307,0.02961632323442698
PU-C,0.4,0.0,100,10,100.0,0.0,104.0,0.0,489.7,17.994474460542357,593.7,17.994474460542357,0.2235265138966497,0.006313631697030489,0.13884000000000002,0.00512703509729443,0.6083772583981044,0.0351772133640071,0.0,0.0,0.0,0.0,101.0,0.0,0.3134615384615384,0.015583648437363101,0.3769230769230769,0.018512216766914936,0.7954995930194855,0.01631855279452433
PU-C,0.4,0.0,200,10,200.0,0.0,204.0,0.0,291.9,15.708773203390376,495.9,15.708773203390376,0.18912416184321046,0.005568783107324618,0.08557999999999996,0.004890848597125042,1.280004158394877,0.05837267056787696,0.0,0.0,1.0,0.0,201.0,0.0,0.3024509803921569,0.007381932678481382,0.3779411764705882,0.012666297370119935,0.4470448136329651,0.02292533138595794
PU-C,0.4,0.0,50,10,50.0,0.0,54.0,0.0,587.6,64.95335078175549,641.6,64.95335078175549,0.23989029093645514,0.022429539544196204,0.16734,0.025346107305768983,0.3138714375847485,0.02456571971195537,0.0,0.0,0.0,0.0,51.0,0.0,0.3388888888888889,0.0227726749946873,0.3592592592592593,0.022119102305146812,0.7819618582725525,0.01689172199230236
PU-C,0.4,0.1,100,10,100.0,0.0,104.0,0.0,497.8,28.035215949468505,601.8,28.035215949468505,0.2510211786662694,0.010867233821163018,0.15608,0.01031430290637445,0.6396409167035018,0.024375320877835782,0.0,0.0,0.0,0.0,101.0,0.0,0.31826923076923075,0.016181930206877356,0.39615384615384613,0.015688766987846686,0.9168757021427154,0.011368831316779796
PU-C,0.4,0.1,200,10,200.0,0.0,204.0,0.0,240.4,17.572832567473135,444.4,17.57283256747313,0.18958323982078581,0.0069212153663849585,0.07562000000000002,0.005788989549135496,1.3086966331058647,0.08429313278378998,0.0,0.0,1.0,0.0,201.0,0.0,0.2823529411764706,0.008143748885213797,0.37009803921568624,0.016554956910752944,0.6507922112941742,0.020155992137212694
PU-C,0.4,0.1,50,10,50.0,0.0,54.0,0.0,511.0,23.22163741953707,565.0,23.22163741953707,0.23675503173144535,0.009029112856897838,0.15402,0.007576187842326922,0.34472344570676794,0.015672676114843024,0.0,0.0,0.0,0.0,51.0,0.0,0.4018518518518518,0.03148148148148148,0.4462962962962963,0.024914118605692058,0.8962935209274292,0.011843456175341476
PU-C,0.4,0.2,100,10,100.0,0.0,104.0,0.0,375.0,20.928980439147587,479.0,20.928980439147587,0.22812327595311216,0.00923743427783811,0.1267,0.008331986557838414,0.5776013418042567,0.014322830396582753,0.0,0.0,0.0,0.0,101.0,0.0,0.32403846153846155,0.018020118970346916,0.4173076923076923,0.01987179487179487,0.8946817934513092,0.016741852755825716
PU-C,0.4,0.2,200,10,200.0,0.0,204.0,0.0,201.4,14.16741174511264,405.4,14.16741174511264,0.1956549696798902,0.0062901403632389,0.07402,0.008271138575391739,1.1524752169032582,0.03078589179784477,0.0,0.0,1.0,0.0,201.0,0.0,0.29705882352941176,0.011604758761153399,0.3872549019607843,0.014669526593113357,0.6396470218896866,0.0319688308435063
PU-C,0.4,0.2,50,10,50.0,0.0,54.0,0.0,433.0,12.999999999999998,487.0,12.999999999999998,0.23170360648073257,0.005721559900650262,0.14177,0.006163982298626252,0.33140419600531457,0.007492487760907717,0.0,0.0,0.0,0.0,51.0,0.0,0.40925925925925927,0.03474930356799401,0.4444444444444445,0.030366355249997135,0.8810006976127625,0.015916768409375694
PU-C,0.4,0.3,100,10,100.0,0.0,104.0,0.0,266.9,11.424583629660692,370.9,11.424583629660692,0.20565717845456674,0.005800774723759184,0.1028,0.0033593980942358604,0.5356861959968228,0.02532683354156021,0.0,0.0,0.0,0.0,101.0,0.0,0.34423076923076923,0.017776185415207753,0.42019230769230764,0.015441268551853723,0.6736229836940766,0.02717465601297566
PU-C,0.4,0.3,200,10,200.0,0.0,204.0,0.0,156.1,20.969528156616,360.1,20.969528156615993,0.20006550355465152,0.01062448933711035,0.07337,0.008929128985765885,1.157277037500171,0.14373334339939858,0.0,0.0,1.0,0.0,201.0,0.0,0.3102941176470588,0.009584973448406836,0.40098039215686276,0.011149491574661424,0.5920104742050171,0.04440773769144019
PU-C,0.4,0.3,50,10,50.0,0.0,54.0,0.0,329.0,16.854277399718644,383.0,16.854277399718644,0.21174896333250218,0.00852604744064145,0.11846999999999999,0.005632565036365659,0.3382265667896718,0.006474153394224543,0.0,0.0,0.0,0.0,51.0,0.0,0.3407407407407407,0.02548119437104974,0.4166666666666667,0.024883511568822684,0.6206311464309693,0.029241808047539522
PU-C,0.4,0.4,100,10,100.0,0.0,104.0,0.0,195.1,15.530936868070775,299.1,15.530936868070771,0.19658959164517,0.00927755358009936,0.0959,0.009049702266434576,0.4903729457990266,0.014261731460596744,0.0,0.0,0.0,0.0,101.0,0.0,0.3346153846153846,0.014813102574732492,0.4365384615384616,0.01616605155502371,0.7791372179985047,0.028111174168496997
PU-C,0.4,0.4,200,10,200.0,0.0,204.0,0.0,77.9,8.010340539300158,281.9,8.010340539300158,0.18639513505040667,0.004794490041072497,0.0502,0.0036223687768579768,0.9819647416996304,0.06063406677317878,0.0,0.0,1.0,0.0,201.0,0.0,0.3166666666666667,0.009220088875598612,0.4215686274509804,0.013670915466243064,0.5061432659626007,0.014525335189930008
PU-C,0.4,0.4,50,10,50.0,0.0,54.0,0.0,248.2,16.852826996613288,302.2,16.852826996613288,0.1984202759922482,0.010054739835592425,0.11101999999999998,0.01002382495191664,0.3497561458032578,0.00851251608478934,0.0,0.0,0.0,0.0,51.0,0.0,0.3592592592592593,0.02790778902582053,0.4166666666666667,0.020519469306906984,0.7578970849514007,0.031121580883433666
PU-C,0.4,0.5,100,10,100.0,0.0,104.0,0.0,155.4,10.239574643943413,259.4,10.239574643943413,0.20674846181063913,0.007361133031937518,0.09455,0.007460879453671812,0.4509733582206536,0.005251093122249033,0.0,0.0,0.0,0.0,101.0,0.0,0.3480769230769231,0.0086952948501606,0.45288461538461533,0.0210394146567645,0.7888058125972748,0.026479568239086624
PU-C,0.4,0.5,200,10,200.0,0.0,204.0,0.0,60.3,6.475681002369129,264.3,6.475681002369129,0.21031910298625006,0.0046579853170714385,0.058740000000000014,0.004036065190531769,0.8201270875986666,0.015519815185164515,0.0,0.0,1.0,0.0,201.0,0.0,0.32205882352941184,0.00889135154275346,0.44460784313725493,0.013093323939585375,0.5372119009494781,0.027014995174451
PU-C,0.4,0.5,50,10,50.0,0.0,54.0,0.0,200.8,10.615292951418931,254.8,10.615292951418931,0.2034308371017687,0.007646662297176502,0.10834000000000002,0.007884234620783154,0.35389609570847824,0.0025996069204303252,0.0,0.0,0.0,0.0,51.0,0.0,0.3648148148148148,0.01768709726159803,0.42407407407407405,0.017986175659670946,0.7780520915985107,0.025532997688680416
PU-C,0.4,0.6,100,10,100.0,0.0,104.0,0.0,102.6,12.174837439024254,206.6,12.174837439024254,0.20965394809609278,0.01100941898708304,0.08237999999999998,0.008872426700489303,0.4729787789983675,0.021793247756307036,0.0,0.0,0.0,0.0,101.0,0.0,0.3471153846153846,0.008038420643579777,0.44326923076923086,0.015199879104332532,0.7123931288719177,0.02529457223354028
PU-C,0.4,0.6,200,10,193.5,2.591653268990022,197.5,2.591653268990022,15.1,5.4271948964860695,212.6,7.614605848119929,0.21520724358852023,0.006879035996979179,0.035580000000000014,0.005842655408478425,0.6874027665995527,0.049132399118400005,0.5,0.16666666666666666,0.5,0.16666666666666666,194.5,2.591653268990022,0.3010128122496552,0.009256899549121162,0.42739725203462653,0.010070294744445952,0.5559429913759232,0.02942956756102918
PU-C,0.4,0.6,50,10,50.0,0.0,54.0,0.0,133.4,12.294714311442945,187.4,12.294714311442945,0.1921809564635623,0.01119900363219138,0.08747999999999999,0.007085537696212227,0.39053754570777527,0.01696141984929909,0.0,0.0,0.0,0.0,51.0,0.0,0.3518518518518518,0.01892556755155048,0.42407407407407416,0.021815551909965793,0.6861311376094819,0.024737373629975922
PU-C,0.4,0.7,100,10,99.5,0.5,103.5,0.5,44.1,7.196372543009275,147.6,7.545712542747554,0.2063483952661045,0.009287869033091907,0.06593000000000002,0.007967169440202019,0.3993879750021733,0.022689129210427702,0.1,0.09999999999999999,0.0,0.0,100.5,0.5,0.32881701631701626,0.012947635190281954,0.45136946386946386,0.013125079697535867,0.7232567727565765,0.028907507147574014
PU-C,0.4,0.7,200,10,144.3,6.456779382943171,148.3,6.456779382943171,0.0,0.0,148.3,6.456779382943171,0.20724990481976419,0.007970979732355974,0.028349999999999986,0.0042209596065349905,0.47028864590101876,0.030056746829780948,1.0,0.0,0.0,0.0,145.3,6.456779382943171,0.307894914706457,0.012219941539428146,0.4416024999436332,0.009447371317715903,0.6315389931201935,0.034168889323214775
PU-C,0.4,0.7,50,10,50.0,0.0,54.0,0.0,86.2,6.373207809084666,140.2,6.373207809084666,0.19731682229903527,0.007853043501090238,0.08538000000000001,0.0076647069959218566,0.33441098339972086,0.02194363192128699,0.0,0.0,0.0,0.0,51.0,0.0,0.3388888888888889,0.010709476279566341,0.43888888888888883,0.01811284043348297,0.692563247680664,0.030465011050694213
PU-C,0.4,0.8,100,10,95.8,1.9652537297311565,99.8,1.9652537297311565,10.6,4.742713709821976,110.4,6.020705015933672,0.2379380298196338,0.011067277187872109,0.05858000000000002,0.006046170505185719,0.31217057069879955,0.006463158064413267,0.4,0.16329931618554522,0.0,0.0,96.8,1.9652537297311565,0.31013565811073696,0.010626514269150083,0.45131414030700434,0.01710805022422331,0.7152492344379425,0.03142481232615703
PU-C,0.4,0.8,200,10,107.1,5.408737786623091,111.1,5.408737786623091,0.0,0.0,111.1,5.408737786623091,0.23927149252267554,0.009995591168909667,0.05364000000000002,0.005511144265133247,0.3291009331936948,0.011037228150211608,1.0,0.0,0.0,0.0,108.1,5.408737786623091,0.29314179459122147,0.00822155050653328,0.4408073907369414,0.01636858081451806,0.715476268529892,0.03201414780619409
PU-C,0.4,0.8,50,10,50.0,0.0,54.0,0.0,46.6,5.121197776562301,100.6,5.121197776562301,0.21979714679764584,0.009514921872971333,0.07022999999999999,0.006843359311527238,0.2605338748893701,0.004397794358376181,0.0,0.0,0.0,0.0,51.0,0.0,0.32407407407407407,0.016390022280681173,0.43518518518518523,0.02394711696453188,0.685912835597992,0.030423827389294254
PU-F,0.0,0.0,100,10,99.8,0.19999999999999996,103.8,0.19999999999999996,30.3,6.834634022551771,134.1,6.935336249158283,0.057840886194026095,0.002627988516593402,0.019599999999999996,0.0015343474907015767,0.3399837251985446,0.012578143207509215,0.1,0.09999999999999999,0.0,0.0,100.8,0.19999999999999996,0.0,0.0,0.12605580693815988,0.019105371481695953,0.7977041840553284,0.015060956041326179
PU-F,0.0,0.0,200,10,122.2,3.4634600554294765,126.2,3.4634600554294765,0.0,0.0,126.2,3.4634600554294765,0.0548635721381288,0.0013231676614586403,0.012540000000000006,0.001241701341797703,0.39488604180514814,0.0151130183190671,1.0,0.0,0.0,0.0,123.2,3.4634600554294765,0.0,0.0,0.13436692357054467,0.01975076966224536,0.7993602693080902,0.013647010484824374
PU-F,0.0,0.0,50,10,50.0,0.0,54.0,0.0,107.8,15.398268300905356,161.8,15.398268300905354,0.06817225401173346,0.00578814302126157,0.0371,0.0034229941409369725,0.21772976270294747,0.012133508560578184,0.0,0.0,0.0,0.0,51.0,0.0,0.0,0.0,0.1037037037037037,0.03174064230168504,0.7934432923793793,0.023462709501993532
PU-F,0.0,0.1,100,10,55.1,4.061882431692095,59.1,4.061882431692095,0.0,0.0,59.1,4.061882431692095,0.031793124676914884,0.0018163090374939835,0.008899999999999996,0.0006502990764939532,0.13325181248947046,0.007910377666591934,1.0,0.0,0.0,0.0,56.1,4.061882431692095,0.0,0.0,0.13260691421753612,0.030936605948621826,0.8979758739471435,0.0038591762933815233
PU-F,0.0,0.1,200,10,55.1,4.061882431692095,59.1,4.061882431692095,0.0,0.0,59.1,4.061882431692095,0.031793124676914884,0.0018163090374939835,0.008899999999999996,0.0006502990764939532,0.13535720418440178,0.007938228474677712,1.0,0.0,0.0,0.0,56.1,4.061882431692095,0.0,0.0,0.13260691421753612,0.030936605948621826,0.8979758739471435,0.0038591762933815233
PU-F,0.0,0.1,50,10,47.3,1.155181563410897,51.3,1.155181563410897,15.5,6.314445519776239,66.8,7.106804251326095,0.03515606546425261,0.0031361142381977837,0.011429999999999996,0.0016552978919551298,0.11810183759080246,0.0029967379250571084,0.4,0.1632993161855452,0.0,0.0,48.3,1.155181563410897,0.0,0.0,0.12517552334943638,0.03085860904853763,0.8963809609413147,0.0038556642955453586
PU-F,0.0,0.2,100,10,37.7,4.948737212663448,41.7,4.948737212663448,0.0,0.0,41.7,4.948737212663448,0.026765906944638117,0.002571147998647212,0.006349999999999989,0.0009210199660038725,0.11758273760206066,0.008288629223730604,1.0,0.0,0.0,0.0,38.7,4.948737212663448,0.0,0.0,0.1341137323546705,0.021839160208158872,0.8690691888332367,0.011353359476634852
PU-F,0.0,0.2,200,10,37.7,4.948737212663448,41.7,4.948737212663448,0.0,0.0,41.7,4.948737212663448,0.026765906944638117,0.002571147998647212,0.006349999999999989,0.0009210199660038725,0.11990568760083989,0.008325651095730548,1.0,0.0,0.0,0.0,38.7,4.948737212663448,0.0,0.0,0.1341137323546705,0.021839160208158872,0.8690691888332367,0.011353359476634852
PU-F,0.0,0.2,50,10,35.5,3.893727149032288,39.5,3.893727149032288,4.3,3.1342197327777344,43.8,6.232174580353152,0.027805402071680873,0.0031985408068145077,0.0069699999999999875,0.0012020399327809389,0.11185948759084567,0.0065052137386462094,0.8,0.13333333333333333,0.0,0.0,36.5,3.893727149032288,0.0,0.0,0.1328146721003864,0.024109738047268688,0.8677593469619751,0.010614958369989307
PU-F,0.0,0.3,100,10,29.9,3.8570282169912455,33.9,3.8570282169912455,0.0,0.0,33.9,3.8570282169912455,0.02591151181841269,0.002345963493338361,0.006040000000000001,0.0009315697624022731,0.1434237293084152,0.015485210669331085,1.0,0.0,0.0,0.0,30.9,3.8570282169912455,0.0,0.0,0.12212091448856152,0.025567982294846317,0.8254330933094025,0.01637522733648355
PU-F,0.0,0.3,200,10,29.9,3.8570282169912455,33.9,3.8570282169912455,0.0,0.0,33.9,3.8570282169912455,0.02591151181841269,0.002345963493338361,0.006040000000000001,0.0009315697624022731,0.14575413740240037,0.015547492976202552,1.0,0.0,0.0,0.0,30.9,3.8570282169912455,0.0,0.0,0.12212091448856152,0.025567982294846317,0.8254330933094025,0.01637522733648355
PU-F,0.0,0.3,50,10,29.9,3.8570282169912455,33.9,3.8570282169912455,0.0,0.0,33.9,3.8570282169912455,0.02591151181841269,0.002345963493338361,0.006040000000000001,0.0009315697624022731,0.14105808739550413,0.01541870267960209,1.0,0.0,0.0,0.0,30.9,3.8570282169912455,0.0,0.0,0.12212091448856152,0.025567982294846317,0.8254330933094025,0.01637522733648355
PU-F,0.0,0.4,100,10,24.4,2.472964932132187,28.4,2.472964932132187,0.0,0.0,28.4,2.472964932132187,0.026358897489262744,0.0017722322337222457,0.006380000000000008,0.0006619499813262168,0.14361945390119218,0.003392900072638134,1.0,0.0,0.0,0.0,25.4,2.472964932132187,0.0,0.0,0.14147369155808764,0.03471068914976721,0.8336154639720916,0.011652127115085134
PU-F,0.0,0.4,200,10,24.4,2.472964932132187,28.4,2.472964932132187,0.0,0.0,28.4,2.472964932132187,0.026358897489262744,0.0017722322337222457,0.006380000000000008,0.0006619499813262168,0.14575911640422418,0.0033976127881925663,1.0,0.0,0.0,0.0,25.4,2.472964932132187,0.0,0.0,0.14147369155808764,0.03471068914976721,0.8336154639720916,0.011652127115085134
PU-F,0.0,0.4,50,10,24.4,2.472964932132187,28.4,2.472964932132187,0.0,0.0,28.4,2.472964932132187,0.026358897489262744,0.0017722322337222457,0.006380000000000008,0.0006619499813262168,0.14135809549479744,0.003418643594579712,1.0,0.0,0.0,0.0,25.4,2.472964932132187,0.0,0.0,0.14147369155808764,0.03471068914976721,0.8336154639720916,0.011652127115085134
PU-F,0.0,0.5,100,10,15.4,2.4276188608044165,19.4,2.4276188608044165,0.0,0.0,19.4,2.4276188608044165,0.023595249041682108,0.002202279468473162,0.0049899999999999944,0.00042490521818923583,0.15148408340173775,0.0030450133007237355,1.0,0.0,0.0,0.0,16.4,2.4276188608044165,0.0,0.0,0.12995511196749587,0.027721513555850858,0.7892559111118317,0.022244862811238903
PU-F,0.0,0.5,200,10,15.4,2.4276188608044165,19.4,2.4276188608044165,0.0,0.0,19.4,2.4276188608044165,0.023595249041682108,0.002202279468473162,0.0049899999999999944,0.00042490521818923583,0.15369598329998552,0.003057829007604177,1.0,0.0,0.0,0.0,16.4,2.4276188608044165,0.0,0.0,0.12995511196749587,0.027721513555850858,0.7892559111118317,0.022244862811238903
PU-F,0.0,0.5,50,10,15.4,2.4276188608044165,19.4,2.4276188608044165,0.0,0.0,19.4,2.4276188608044165,0.023595249041682108,0.002202279468473162,0.0049899999999999944,0.00042490521818923583,0.14924435410648584,0.003044735734298494,1.0,0.0,0.0,0.0,16.4,2.4276188608044165,0.0,0.0,0.12995511196749587,0.027721513555850858,0.7892559111118317,0.022244862811238903
PU-F,0.0,0.6,100,10,12.5,1.607275126832159,16.5,1.607275126832159,0.0,0.0,16.5,1.607275126832159,0.026263973221648484,0.0018159001488784862,0.005769999999999997,0.0005264239947249967,0.17590083720861002,0.0022468822637350962,1.0,0.0,0.0,0.0,13.5,1.607275126832159,0.0,0.0,0.14962343212343213,0.0345947173727984,0.7089936047792434,0.03982920835262997
PU-F,0.0,0.6,200,10,12.5,1.607275126832159,16.5,1.607275126832159,0.0,0.0,16.5,1.607275126832159,0.026263973221648484,0.0018159001488784862,0.005769999999999997,0.0005264239947249967,0.1781104081077501,0.002292575938289711,1.0,0.0,0.0,0.0,13.5,1.607275126832159,0.0,0.0,0.14962343212343213,0.0345947173727984,0.7089936047792434,0.03982920835262997
PU-F,0.0,0.6,50,10,12.5,1.607275126832159,16.5,1.607275126832159,0.0,0.0,16.5,1.607275126832159,0.026263973221648484,0.0018159001488784862,0.005769999999999997,0.0005264239947249967,0.17366992489551195,0.0022327647483609066,1.0,0.0,0.0,0.0,13.5,1.607275126832159,0.0,0.0,0.14962343212343213,0.0345947173727984,0.7089936047792434,0.03982920835262997
PU-F,0.0,0.7,100,10,10.1,1.27758452644912,14.1,1.27758452644912,0.0,0.0,14.1,1.27758452644912,0.03125140587217175,0.0019987101694947367,0.005879999999999996,0.0006327716807822504,0.19603807080420665,0.001983581636695336,1.0,0.0,0.0,0.0,11.1,1.27758452644912,0.0,0.0,0.12574280251911832,0.029517494755109515,0.7060731291770935,0.026400347429605668
PU-F,0.0,0.7,200,10,10.1,1.27758452644912,14.1,1.27758452644912,0.0,0.0,14.1,1.27758452644912,0.03125140587217175,0.0019987101694947367,0.005879999999999996,0.0006327716807822504,0.19823619991075248,0.0020595755637171326,1.0,0.0,0.0,0.0,11.1,1.27758452644912,0.0,0.0,0.12574280251911832,0.029517494755109515,0.7060731291770935,0.026400347429605668
PU-F,0.0,0.7,50,10,10.1,1.27758452644912,14.1,1.27758452644912,0.0,0.0,14.1,1.27758452644912,0.03125140587217175,0.0019987101694947367,0.005879999999999996,0.0006327716807822504,0.1937859916128218,0.0019310510288020359,1.0,0.0,0.0,0.0,11.1,1.27758452644912,0.0,0.0,0.12574280251911832,0.029517494755109515,0.7060731291770935,0.026400347429605668
PU-F,0.0,0.8,100,10,4.5,0.5,8.5,0.5,0.0,0.0,8.5,0.5,0.03333620799239725,0.001271131916047606,0.0035699999999999955,0.0003771383477363874,0.20758760410826654,0.001106367186802173,1.0,0.0,0.0,0.0,5.5,0.5,0.0,0.0,0.0927020202020202,0.024505894149708694,0.5854565083980561,0.02578722363749712
PU-F,0.0,0.8,200,10,4.5,0.5,8.5,0.5,0.0,0.0,8.5,0.5,0.03333620799239725,0.001271131916047606,0.0035699999999999955,0.0003771383477363874,0.2097498332092073,0.0011150754417872662,1.0,0.0,0.0,0.0,5.5,0.5,0.0,0.0,0.0927020202020202,0.024505894149708694,0.5854565083980561,0.02578722363749712
PU-F,0.0,0.8,50,10,4.5,0.5,8.5,0.5,0.0,0.0,8.5,0.5,0.03333620799239725,0.001271131916047606,0.0035699999999999955,0.0003771383477363874,0.2052315334090963,0.0010801225549090447,1.0,0.0,0.0,0.0,5.5,0.5,0.0,0.0,0.0927020202020202,0.024505894149708694,0.5854565083980561,0.02578722363749712
PU-F,0.4,0.0,100,10,100.0,0.0,104.0,0.0,392.2,29.653105514712394,496.2,29.653105514712394,0.18913277349201962,0.01048857249192573,0.09498999999999999,0.007328459744190608,1.347569483204279,0.05550136850163768,0.0,0.0,0.0,0.0,101.0,0.0,0.2759615384615385,0.016471365586576404,0.3615384615384615,0.016292647470690813,0.6891339600086213,0.01765482565155075
PU-F,0.4,0.0,200,10,200.0,0.0,204.0,0.0,246.3,18.250753409106153,450.3,18.250753409106153,0.1729580300336238,0.0064819503464646515,0.06510000000000002,0.00682037796280789,2.7441670375003016,0.13104342571927904,0.0,0.0,1.0,0.0,201.0,0.0,0.2617647058823529,0.016618538738681205,0.35196078431372546,0.017180966572673092,0.5117483139038086,0.02316106809710848
PU-F,0.4,0.0,50,10,50.0,0.0,54.0,0.0,470.3,27.002489597154636,524.3,27.002489597154636,0.19907518601394258,0.009541743332401867,0.11542999999999999,0.007322917603129385,0.6237869873060845,0.03558515013405556,0.0,0.0,0.0,0.0,51.0,0.0,0.34259259259259256,0.02548867015069454,0.3833333333333333,0.02500571493892481,0.7120809972286224,0.0167701357594242
PU-F,0.4,0.1,100,10,100.0,0.0,104.0,0.0,374.2,22.011512139484346,478.2,22.011512139484346,0.20284282937063836,0.008615609127909114,0.11025,0.010529463951745647,1.229845070693409,0.05087352761318538,0.0,0.0,0.0,0.0,101.0,0.0,0.34134615384615385,0.024038461538461536,0.4048076923076923,0.02049528497275406,0.8437609136104584,0.04103345405530898
PU-F,0.4,0.1,200,10,200.0,0.0,204.0,0.0,225.3,21.65643348086455,429.3,21.65643348086455,0.18359546607825905,0.008550630610444632,0.06389000000000002,0.007453104498574181,2.5825544165913015,0.11919038686689577,0.0,0.0,1.0,0.0,201.0,0.0,0.29117647058823526,0.010518612378713122,0.37156862745098035,0.013841711493168216,0.6274069666862487,0.037307532092902974
PU-F,0.4,0.1,50,10,50.0,0.0,54.0,0.0,418.6,10.757116507482642,472.6,10.757116507482642,0.2007096973073203,0.0042231721134553145,0.12118999999999999,0.00643565502148426,0.5302873416920193,0.028713755263882996,0.0,0.0,0.0,0.0,51.0,0.0,0.3944444444444445,0.03673228530076998,0.4333333333333333,0.03349298757098898,0.8478168249130249,0.03051349212465036
PU-F,0.4,0.2,100,10,100.0,0.0,104.0,0.0,310.8,16.01166241629311,414.8,16.01166241629311,0.19981213594437577,0.007091561042460501,0.10943999999999998,0.008898341917958026,1.1165058749029413,0.05494898323376139,0.0,0.0,0.0,0.0,101.0,0.0,0.325,0.03005993355818809,0.3903846153846154,0.028888857280112177,0.8338057458400726,0.036427046623418544
PU-F,0.4,0.2,200,10,200.0,0.0,204.0,0.0,190.6,18.814415277181013,394.6,18.814415277181013,0.19081683385302312,0.008359980726744964,0.07042999999999999,0.01123139498607957,2.2722253126034047,0.13242163590707245,0.0,0.0,1.0,0.0,201.0,0.0,0.29215686274509806,0.015946239083340984,0.38921568627450975,0.013791469180398166,0.6071441233158111,0.03476539321559376
PU-F,0.4,0.2,50,10,50.0,0.0,54.0,0.0,394.0,14.016656757824478,448.0,14.016656757824478,0.21451431632740423,0.006201405330398011,0.13085000000000002,0.007855051453258172,0.5132329000975006,0.02637278871256326,0.0,0.0,0.0,0.0,51.0,0.0,0.37962962962962965,0.03695979599980914,0.40740740740740744,0.03480956093795477,0.8333045721054078,0.03196600607128644
PU-F,0.4,0.3,100,10,100.0,0.0,104.0,0.0,206.4,13.229764422190843,310.4,13.229764422190843,0.17475823708227836,0.006795414063108984,0.06884000000000001,0.006256910845883402,0.6835473498969804,0.022586029368669124,0.0,0.0,0.0,0.0,101.0,0.0,0.3096153846153846,0.01700833225823282,0.41923076923076924,0.01590983800768058,0.618673813343048,0.030105711644028112
PU-F,0.4,0.3,200,10,200.0,0.0,204.0,0.0,119.6,11.200396818367144,323.6,11.200396818367146,0.1815461818187032,0.005719893936212491,0.05497,0.006701244494702293,1.5136997124995104,0.04300915502953259,0.0,0.0,1.0,0.0,201.0,0.0,0.30245098039215684,0.007272618654989503,0.40588235294117647,0.009208498564447956,0.5199565887451172,0.0330170203397065
PU-F,0.4,0.3,50,10,50.0,0.0,54.0,0.0,232.2,18.26033953682132,286.2,18.26033953682132,0.16221943341079167,0.009486005466264021,0.07441,0.008331739180854015,0.43305959170102143,0.01584640661063896,0.0,0.0,0.0,0.0,51.0,0.0,0.3037037037037037,0.023456790123456788,0.38333333333333336,0.02948136774385074,0.5909824728965759,0.02493695266954714
PU-F,0.4,0.4,100,10,100.0,0.0,104.0,0.0,197.0,24.089647384532448,301.0,24.089647384532448,0.1975602583552245,0.014319771700295377,0.08254000000000003,0.010623759535431257,0.6921563374868128,0.038034091781759975,0.0,0.0,0.0,0.0,101.0,0.0,0.30192307692307685,0.013985528352097069,0.4153846153846154,0.01522351549620246,0.7652769148349762,0.030935179185415607
PU-F,0.4,0.4,200,10,200.0,0.0,204.0,0.0,78.8,12.619033243477885,282.8,12.619033243477885,0.18688110349467024,0.007550726650339369,0.042520000000000016,0.006749844442651997,1.4038084667932709,0.06975839018057266,0.0,0.0,1.0,0.0,201.0,0.0,0.27990196078431373,0.008249611478015905,0.3852941176470588,0.006378830488870304,0.5587336301803589,0.02413452750178818
PU-F,0.4,0.4,50,10,50.0,0.0,54.0,0.0,234.0,25.220362143844536,288.0,25.220362143844536,0.18974705790751614,0.015023658824590485,0.09229000000000001,0.011548847465343797,0.43490542099461893,0.005633777642411562,0.0,0.0,0.0,0.0,51.0,0.0,0.3351851851851852,0.033521417240457936,0.43888888888888894,0.0319619591753077,0.7485856533050537,0.033104189785941616
PU-F,0.4,0.5,100,10,100.0,0.0,104.0,0.0,131.0,13.158858444240348,235.0,13.158858444240348,0.18909128683735615,0.009473137809751862,0.06902,0.007002234563972329,0.5701214875036384,0.012537809360576935,0.0,0.0,0.0,0.0,101.0,0.0,0.3115384615384615,0.010552613867406618,0.4480769230769231,0.015182973438880785,0.6912940204143524,0.03986206612168216
PU-F,0.4,0.5,200,10,200.0,0.0,204.0,0.0,43.1,7.606210912434946,247.1,7.606210912434945,0.1979315304371994,0.005452504930987557,0.036449999999999996,0.004513713671812951,1.0690246000071055,0.04360622383477536,0.0,0.0,1.0,0.0,201.0,0.0,0.28970588235294115,0.009110850888529833,0.4147058823529412,0.013810814777199634,0.5913184076547623,0.03414317761720349
PU-F,0.4,0.5,50,10,50.0,0.0,54.0,0.0,163.0,18.156113142532583,217.0,18.156113142532583,0.1758729175955523,0.013144877459205428,0.08213999999999998,0.0089936051355023,0.42218910409719684,0.004802475273573249,0.0,0.0,0.0,0.0,51.0,0.0,0.29259259259259257,0.01674649378549449,0.39259259259259266,0.017847941104692542,0.6593258917331696,0.03643669302828999
PU-F,0.4,0.6,100,10,100.0,0.0,104.0,0.0,71.8,10.135526078546139,175.8,10.135526078546139,0.18164594855043106,0.009267595172405415,0.052650000000000016,0.006792434516921501,0.5571366166113876,0.01686480705787051,0.0,0.0,0.0,0.0,101.0,0.0,0.3038461538461538,0.009636728447674941,0.43173076923076925,0.017522996067739292,0.6216075927019119,0.022304864639281413
PU-F,0.4,0.6,200,10,198.9,0.9938701010583716,202.9,0.9938701010583716,16.8,4.301937547973781,219.7,4.858097478551775,0.22166259592049756,0.004379216720649445,0.034919999999999986,0.004489241460301384,0.7991027918062172,0.026972289041178342,0.2,0.13333333333333333,0.8,0.13333333333333333,199.9,0.9938701010583716,0.27975418749085124,0.005681280010102096,0.4301557843187044,0.0115916300573836,0.5326859295368195,0.028789026435481986
PU-F,0.4,0.6,50,10,50.0,0.0,54.0,0.0,105.7,7.643515770464096,159.7,7.643515770464094,0.16690795629401692,0.007062252361859143,0.05958,0.007506912370164805,0.43006625820416955,0.007266737443323127,0.0,0.0,0.0,0.0,51.0,0.0,0.3111111111111111,0.017633156613686047,0.40555555555555556,0.024760705086582197,0.6107291668653488,0.023303319330409127
PU-F,0.4,0.7,100,10,99.4,0.6,103.4,0.6,31.3,4.543738059742831,134.7,5.017857001638139,0.19058647193596698,0.006227570922669578,0.04156000000000001,0.005471891811795992,0.47833946250611914,0.02259481212812616,0.1,0.09999999999999999,0.0,0.0,100.4,0.6,0.31587519623233906,0.014555744566270125,0.46316718995290423,0.015115808484790251,0.6756871283054352,0.031133171042954294
PU-F,0.4,0.7,200,10,153.7,7.23118247591637,157.7,7.23118247591637,0.0,0.0,157.7,7.23118247591637,0.2186976555036381,0.008920870011389774,0.02611000000000001,0.0021195099014211342,0.5814706375997047,0.03225583666713881,1.0,0.0,0.0,0.0,154.7,7.23118247591637,0.29096710015811594,0.015910491144629918,0.4377904948719504,0.009017884763495645,0.591941061615944,0.021865899180368714
PU-F,0.4,0.7,50,10,50.0,0.0,54.0,0.0,64.5,6.166666666666666,118.5,6.166666666666666,0.17043834009673448,0.0077143616259422515,0.05450000000000001,0.005835885156131463,0.39372400430147536,0.020862862678474713,0.0,0.0,0.0,0.0,51.0,0.0,0.28703703703703703,0.01995460478425261,0.3981481481481481,0.020519469306906984,0.6497782230377197,0.029284646464050237
PU-F,0.4,0.8,100,10,93.3,2.8946310453819306,97.3,2.8946310453819306,6.2,2.7920522121829237,103.5,5.040392400950103,0.22520323150674812,0.009371874803826782,0.047550000000000016,0.005435628349653381,0.35349019169807433,0.010139810742294489,0.5,0.16666666666666666,0.0,0.0,94.3,2.8946310453819306,0.2929982948086397,0.011706838638072807,0.4387095806492359,0.016433261245440336,0.6763382256031036,0.027369715117134423
PU-F,0.4,0.8,200,10,101.4,5.67097875150313,105.4,5.67097875150313,0.0,0.0,105.4,5.67097875150313,0.22868572692968883,0.010526181605969062,0.03972000000000001,0.005092844653694701,0.36743907919735647,0.01442015191322336,1.0,0.0,0.0,0.0,102.4,5.67097875150313,0.2935628092322092,0.012411878011465394,0.4414977698075037,0.017200018536206063,0.6835231244564056,0.027090549533668292
PU-F,0.4,0.8,50,10,50.0,0.0,54.0,0.0,34.2,3.1012542265634684,88.2,3.1012542265634684,0.19665630581439472,0.005842673447302573,0.05611999999999998,0.005081640155173005,0.29495848749065773,0.007036471664662515,0.0,0.0,0.0,0.0,51.0,0.0,0.28888888888888886,0.020878437685540447,0.43888888888888894,0.012962962962962959,0.6386972874403,0.030192601373746738
PU-G,0.0,0.0,100,10,98.1,1.2862520921049823,102.1,1.2862520921049823,26.8,9.168545262047967,128.9,9.850493501455762,0.0558204892964568,0.0037390919837772753,0.014249999999999995,0.0018572530492339712,0.3361439207161311,0.015122315882934891,0.2,0.13333333333333333,0.0,0.0,99.1,1.2862520921049823,0.0,0.0,0.17658447063688998,0.025409238848074722,0.7379938364028931,0.009607889002917877
PU-G,0.0,0.0,200,10,124.5,8.00312438988674,128.5,8.00312438988674,0.0,0.0,128.5,8.00312438988674,0.055693547235568984,0.003048671057449708,0.007310000000000006,0.0009477986190231693,0.39906094170291906,0.02791920829238897,1.0,0.0,0.0,0.0,125.5,8.00312438988674,0.0,0.0,0.17285200916762525,0.024475797700833583,0.6991769134998321,0.018808882736678627
PU-G,0.0,0.0,50,10,50.0,0.0,54.0,0.0,91.9,15.04175669409808,145.9,15.04175669409808,0.06219367273151875,0.00564121177896324,0.02954,0.003291173380759851,0.21674173331120983,0.012665594990841448,0.0,0.0,0.0,0.0,51.0,0.0,0.0,0.0,0.14999999999999997,0.01901595284043131,0.7397681772708893,0.007623821866461407
PU-G,0.0,0.1,100,10,57.5,4.351883372620282,61.5,4.351883372620282,0.0,0.0,61.5,4.351883372620282,0.03286193859530613,0.0019439163409378046,0.007269999999999999,0.0006936297443321075,0.13703790429863147,0.00781863011942163,1.0,0.0,0.0,0.0,58.5,4.351883372620282,0.0,0.0,0.15118679421622944,0.030199460595796226,0.8870815634727478,0.0050184141194226746
PU-G,0.0,0.1,200,10,57.5,4.351883372620282,61.5,4.351883372620282,0.0,0.0,61.5,4.351883372620282,0.03286193859530613,0.0019439163409378046,0.007269999999999999,0.0006936297443321075,0.13929133339552208,0.007838711164864754,1.0,0.0,0.0,0.0,58.5,4.351883372620282,0.0,0.0,0.15118679421622944,0.030199460595796226,0.8870815634727478,0.0050184141194226746
PU-G,0.0,0.1,50,10,47.7,1.238726945070803,51.7,1.238726945070803,11.0,3.9214509786273974,62.7,4.7470458650032485,0.033390395907917994,0.002113419184112573,0.010780000000000001,0.0012344859478971655,0.1186320542008616,0.002486874438082129,0.4,0.1632993161855452,0.0,0.0,48.7,1.238726945070803,0.0,0.0,0.13826965548941134,0.02617040562177409,0.8784550309181214,0.003869709020202962
PU-G,0.0,0.2,100,10,49.3,6.137408066747539,53.3,6.137408066747539,0.0,0.0,53.3,6.137408066747539,0.03269993719295598,0.0031500645239646028,0.008479999999999988,0.0009160058223978004,0.14824436249909922,0.00904016465216159,1.0,0.0,0.0,0.0,50.3,6.137408066747539,0.0,0.0,0.12474885703010893,0.027044380241517115,0.8629518806934356,0.006770203448335318
PU-G,0.0,0.2,200,10,49.3,6.137408066747539,53.3,6.137408066747539,0.0,0.0,53.3,6.137408066747539,0.03269993719295598,0.0031500645239646028,0.008479999999999988,0.0009160058223978004,0.1504794873879291,0.009069982743452498,1.0,0.0,0.0,0.0,50.3,6.137408066747539,0.0,0.0,0.12474885703010893,0.027044380241517115,0.8629518806934356,0.006770203448335318
PU-G,0.0,0.2,50,10,42.2,3.672117161045443,46.2,3.672117161045443,7.4,2.829212689856392,53.6,5.857948066990313,0.03286117048119195,0.003019788035141026,0.008469999999999988,0.0009331011615992009,0.1348952081927564,0.006665336173049417,0.5,0.16666666666666666,0.0,0.0,43.2,3.672117161045443,0.0,0.0,0.12444294496926074,0.025504625314377333,0.862332797050476,0.006546936146983549
PU-G,0.0,0.3,100,10,35.9,3.7960505792204615,39.9,3.7960505792204615,0.0,0.0,39.9,3.7960505792204615,0.029556550760753454,0.0022555872155151082,0.006690000000000018,0.0006320073839231092,0.13863587479572742,0.005483576352100152,1.0,0.0,0.0,0.0,36.9,3.7960505792204615,0.0,0.0,0.12017435323562767,0.03104098219709576,0.8384569466114045,0.012076695305532011
PU-G,0.0,0.3,200,10,35.9,3.7960505792204615,39.9,3.7960505792204615,0.0,0.0,39.9,3.7960505792204615,0.029556550760753454,0.0022555872155151082,0.006690000000000018,0.0006320073839231092,0.14083228328381664,0.005498397465084123,1.0,0.0,0.0,0.0,36.9,3.7960505792204615,0.0,0.0,0.12017435323562767,0.03104098219709576,0.8384569466114045,0.012076695305532011
PU-G,0.0,0.3,50,10,35.1,3.3348329959851224,39.1,3.3348329959851224,0.4,0.39999999999999997,39.5,3.550430333854694,0.029326760134426876,0.002115941388832197,0.0066600000000000105,0.00062203965575623,0.13510462900158018,0.004852571383929312,0.9,0.09999999999999999,0.0,0.0,36.1,3.3348329959851224,0.0,0.0,0.11682907247099206,0.029329784653795526,0.8376511752605438,0.011971310052617293
PU-G,0.0,0.4,100,10,23.3,2.616401260425387,27.3,2.616401260425387,0.0,0.0,27.3,2.616401260425387,0.02553194934152998,0.0019280695399255872,0.005600000000000016,0.0008804039476916901,0.1430097207019571,0.004106083863864223,1.0,0.0,0.0,0.0,24.3,2.616401260425387,0.0,0.0,0.10519585677480414,0.03443106077039188,0.791084623336792,0.01645555888284969
PU-G,0.0,0.4,200,10,23.3,2.616401260425387,27.3,2.616401260425387,0.0,0.0,27.3,2.616401260425387,0.02553194934152998,0.0019280695399255872,0.005600000000000016,0.0008804039476916901,0.14521466640289873,0.004128959523020444,1.0,0.0,0.0,0.0,24.3,2.616401260425387,0.0,0.0,0.10519585677480414,0.03443106077039188,0.791084623336792,0.01645555888284969
PU-G,0.0,0.4,50,10,23.3,2.616401260425387,27.3,2.616401260425387,0.0,0.0,27.3,2.616401260425387,0.02553194934152998,0.0019280695399255872,0.005600000000000016,0.0008804039476916901,0.14085560000385158,0.0041366252975884605,1.0,0.0,0.0,0.0,24.3,2.616401260425387,0.0,0.0,0.10519585677480414,0.03443106077039188,0.791084623336792,0.01645555888284969
PU-G,0.0,0.5,100,10,18.3,2.812867259971971,22.3,2.812867259971971,0.0,0.0,22.3,2.812867259971971,0.02618152103968896,0.002494278370974466,0.004470000000000018,0.0006920260110718359,0.15536706228740513,0.003487964853068754,1.0,0.0,0.0,0.0,19.3,2.812867259971971,0.0,0.0,0.13275137641263401,0.030293332509126972,0.7667105257511139,0.020163954300354052
PU-G,0.0,0.5,200,10,18.3,2.812867259971971,22.3,2.812867259971971,0.0,0.0,22.3,2.812867259971971,0.02618152103968896,0.002494278370974466,0.004470000000000018,0.0006920260110718359,0.1575366665958427,0.003496418024072368,1.0,0.0,0.0,0.0,19.3,2.812867259971971,0.0,0.0,0.13275137641263401,0.030293332509126972,0.7667105257511139,0.020163954300354052
PU-G,0.0,0.5,50,10,18.3,2.812867259971971,22.3,2.812867259971971,0.0,0.0,22.3,2.812867259971971,0.02618152103968896,0.002494278370974466,0.004470000000000018,0.0006920260110718359,0.1531228415959049,0.003489564119688284,1.0,0.0,0.0,0.0,19.3,2.812867259971971,0.0,0.0,0.13275137641263401,0.030293332509126972,0.7667105257511139,0.020163954300354052
PU-G,0.0,0.6,100,10,12.9,2.208317610006918,16.9,2.208317610006918,0.0,0.0,16.9,2.208317610006918,0.026588276628172026,0.002581916981705736,0.004600000000000004,0.0007733045971672486,0.17551497921231202,0.002704854530763294,1.0,0.0,0.0,0.0,13.9,2.208317610006918,0.0,0.0,0.12260589084118494,0.026517420987825436,0.6828257888555527,0.042619677512431654
PU-G,0.0,0.6,200,10,12.9,2.208317610006918,16.9,2.208317610006918,0.0,0.0,16.9,2.208317610006918,0.026588276628172026,0.002581916981705736,0.004600000000000004,0.0007733045971672486,0.17765407501137814,0.002698966286339845,1.0,0.0,0.0,0.0,13.9,2.208317610006918,0.0,0.0,0.12260589084118494,0.026517420987825436,0.6828257888555527,0.042619677512431654
PU-G,0.0,0.6,50,10,12.9,2.208317610006918,16.9,2.208317610006918,0.0,0.0,16.9,2.208317610006918,0.026588276628172026,0.002581916981705736,0.004600000000000004,0.0007733045971672486,0.17318355001043528,0.0026842861569379506,1.0,0.0,0.0,0.0,13.9,2.208317610006918,0.0,0.0,0.12260589084118494,0.026517420987825436,0.6828257888555527,0.042619677512431654
PU-G,0.0,0.7,100,10,10.1,1.2333333333333334,14.1,1.2333333333333334,0.0,0.0,14.1,1.2333333333333334,0.03125895423581824,0.0019303303949933226,0.005200000000000005,0.0007331818025261874,0.19571531250257976,0.0017395440939558728,1.0,0.0,0.0,0.0,11.1,1.2333333333333334,0.0,0.0,0.11570982938629996,0.022848736026354028,0.6955427527427673,0.02334172644378893
PU-G,0.0,0.7,200,10,10.1,1.2333333333333334,14.1,1.2333333333333334,0.0,0.0,14.1,1.2333333333333334,0.03125895423581824,0.0019303303949933226,0.005200000000000005,0.0007331818025261874,0.19779453339870087,0.0017178116208422251,1.0,0.0,0.0,0.0,11.1,1.2333333333333334,0.0,0.0,0.11570982938629996,0.022848736026354028,0.6955427527427673,0.02334172644378893
PU-G,0.0,0.7,50,10,10.1,1.2333333333333334,14.1,1.2333333333333334,0.0,0.0,14.1,1.2333333333333334,0.03125895423581824,0.0019303303949933226,0.005200000000000005,0.0007331818025261874,0.1934926416957751,0.0017138539241372535,1.0,0.0,0.0,0.0,11.1,1.2333333333333334,0.0,0.0,0.11570982938629996,0.022848736026354028,0.6955427527427673,0.02334172644378893
PU-G,0.0,0.8,100,10,4.6,1.0561986345169907,8.6,1.0561986345169907,0.0,0.0,8.6,1.0561986345169907,0.0334200692246668,0.002630660083301821,0.0035499999999999863,0.0006792561290771615,0.20894467509351672,0.001919513220106823,1.0,0.0,0.0,0.0,5.6,1.0561986345169907,0.0,0.0,0.11642246642246643,0.03335408687513585,0.5829440355300903,0.03424840226003968
PU-G,0.0,0.8,200,10,4.6,1.0561986345169907,8.6,1.0561986345169907,0.0,0.0,8.6,1.0561986345169907,0.0334200692246668,0.002630660083301821,0.0035499999999999863,0.0006792561290771615,0.21121832499629817,0.001956053766350858,1.0,0.0,0.0,0.0,5.6,1.0561986345169907,0.0,0.0,0.11642246642246643,0.03335408687513585,0.5829440355300903,0.03424840226003968
PU-G,0.0,0.8,50,10,4.6,1.0561986345169907,8.6,1.0561986345169907,0.0,0.0,8.6,1.0561986345169907,0.0334200692246668,0.002630660083301821,0.0035499999999999863,0.0006792561290771615,0.20663413759320975,0.0019153885349047846,1.0,0.0,0.0,0.0,5.6,1.0561986345169907,0.0,0.0,0.11642246642246643,0.03335408687513585,0.5829440355300903,0.03424840226003968
PU-G,0.4,0.0,100,10,100.0,0.0,104.0,0.0,410.4,27.465614866592734,514.4,27.465614866592734,0.19559277668595315,0.009636200983210937,0.10207000000000002,0.007641524716965844,1.2243937375955283,0.03857912726385011,0.0,0.0,0.0,0.0,101.0,0.0,0.30865384615384617,0.02034436034943378,0.3798076923076923,0.020028845897394867,0.772246652841568,0.013272639863816191
PU-G,0.4,0.0,200,10,200.0,0.0,204.0,0.0,286.7,23.544780030118496,490.7,23.544780030118496,0.18723685351433234,0.008342457348552204,0.07000999999999999,0.00703935682036679,2.709476162592182,0.09610736808043222,0.0,0.0,1.0,0.0,201.0,0.0,0.24607843137254903,0.013330769970177217,0.3529411764705882,0.016518630007974003,0.5660423129796982,0.02527907624213449
PU-G,0.4,0.0,50,10,50.0,0.0,54.0,0.0,479.1,32.62086925744179,533.1,32.62086925744179,0.20213820796343498,0.011467393528830526,0.11722999999999999,0.01016227282102232,0.5427879334951285,0.02195964403424396,0.0,0.0,0.0,0.0,51.0,0.0,0.3462962962962963,0.026485725867808563,0.3907407407407407,0.025066593215119694,0.7690103769302368,0.013057115859544152
PU-G,0.4,0.1,100,10,100.0,0.0,104.0,0.0,358.7,16.58315745300367,462.7,16.58315745300367,0.19678978447336704,0.006524494582209825,0.10329000000000002,0.00885054235626269,1.181342520698672,0.03165717777899588,0.0,0.0,0.0,0.0,101.0,0.0,0.30961538461538457,0.014102564102564103,0.3980769230769231,0.01908061034120155,0.8567202627658844,0.005173692032782211
PU-G,0.4,0.1,200,10,200.0,0.0,204.0,0.0,252.8,23.99944443801425,456.8,23.99944443801425,0.19441689397208392,0.009411923406966295,0.07117000000000001,0.008468018920883712,2.516495995799778,0.086274403621218,0.0,0.0,1.0,0.0,201.0,0.0,0.2549019607843137,0.011058120467770346,0.35049019607843135,0.014417099186130138,0.6665113627910614,0.012773019759726315
PU-G,0.4,0.1,50,10,50.0,0.0,54.0,0.0,385.7,19.599348061719915,439.7,19.599348061719915,0.18771461768774317,0.007732781110982496,0.10407999999999999,0.008690260193010458,0.48512927510309967,0.005572460645992913,0.0,0.0,0.0,0.0,51.0,0.0,0.4185185185185185,0.01955923397253686,0.45925925925925937,0.016285069084287555,0.8514575958251953,0.0076673114915346815
PU-G,0.4,0.2,100,10,100.0,0.0,104.0,0.0,279.9,21.65099433179815,383.9,21.65099433179815,0.18602406072313898,0.009631811837968534,0.08012999999999999,0.009509294283898132,1.0051143916032743,0.05713874785392397,0.0,0.0,0.0,0.0,101.0,0.0,0.2682692307692308,0.026833259828142428,0.3557692307692307,0.022435897435897436,0.7872694969177246,0.02257911142358998
PU-G,0.4,0.2,200,10,200.0,0.0,204.0,0.0,213.2,21.809681845965155,417.2,21.809681845965155,0.20082250849809496,0.009651563395530948,0.06352999999999999,0.009420392183390717,2.1161728125065564,0.10300820724231342,0.0,0.0,1.0,0.0,201.0,0.0,0.24509803921568624,0.025669721420464676,0.33676470588235297,0.02079790015097451,0.6601197004318238,0.025603445040997968
PU-G,0.4,0.2,50,10,50.0,0.0,54.0,0.0,372.7,42.942092791727475,426.7,42.942092791727475,0.2047687871963717,0.01874951428201423,0.11085000000000003,0.017763353349585263,0.47969572900328783,0.02688371520501869,0.0,0.0,0.0,0.0,51.0,0.0,0.33518518518518514,0.03140877588446556,0.3944444444444445,0.0273352960808451,0.8006209313869477,0.01822825296641061
PU-G,0.4,0.3,100,10,100.0,0.0,104.0,0.0,162.9,17.325927905245877,266.9,17.325927905245877,0.1522818381898105,0.00895292533023724,0.05464000000000002,0.009592916368052238,0.6618518126022537,0.04056834116672181,0.0,0.0,0.0,0.0,101.0,0.0,0.2644230769230769,0.027054395859189315,0.3634615384615384,0.03123314798738418,0.7094346761703492,0.023675329431815897
PU-G,0.4,0.3,200,10,200.0,0.0,204.0,0.0,126.6,14.430831191892201,330.6,14.4308311918922,0.18509234653320164,0.007379003125329893,0.04396,0.00813710568254394,1.47653151670238,0.10885066176135814,0.0,0.0,1.0,0.0,201.0,0.0,0.26029411764705884,0.01362102323291989,0.35490196078431374,0.020054818290936284,0.5574807435274124,0.025757447119972663
PU-G,0.4,0.3,50,10,50.0,0.0,54.0,0.0,212.2,24.08817137102773,266.2,24.08817137102773,0.15177971576922572,0.012443853906299245,0.06375000000000001,0.012865502969828522,0.4244024708983488,0.013342370601228946,0.0,0.0,0.0,0.0,51.0,0.0,0.28703703703703703,0.03269274735028484,0.37962962962962965,0.03089504631170913,0.7100848734378815,0.02453117460457652
PU-G,0.4,0.4,100,10,100.0,0.0,104.0,0.0,192.6,14.612931867964683,296.6,14.612931867964683,0.1951176647853572,0.008691095617443046,0.08407,0.0076894306970311166,0.6316890830174089,0.019032118059380477,0.0,0.0,0.0,0.0,101.0,0.0,0.28076923076923077,0.016204134179185304,0.3778846153846154,0.02097094590122511,0.7630186557769776,0.027938403320056693
PU-G,0.4,0.4,200,10,200.0,0.0,204.0,0.0,90.2,13.450154893779724,294.2,13.450154893779724,0.1936976658704225,0.008013970090618243,0.04778000000000001,0.006110842822393646,1.3381166414998007,0.04708521363618924,0.0,0.0,1.0,0.0,201.0,0.0,0.2661764705882353,0.0053723144518867975,0.3774509803921569,0.011895604394249212,0.6244733363389969,0.03467801950102283
PU-G,0.4,0.4,50,10,50.0,0.0,54.0,0.0,208.9,9.039972959644906,262.9,9.039972959644906,0.1749726937559899,0.005429274282206915,0.08358999999999997,0.0068232030601470435,0.4192465166037437,0.005159694035685928,0.0,0.0,0.0,0.0,51.0,0.0,0.32592592592592595,0.02296429041696083,0.3814814814814815,0.024567591039669632,0.7710871458053589,0.030333718085156322
PU-G,0.4,0.5,100,10,100.0,0.0,104.0,0.0,113.6,10.68040781576767,217.6,10.68040781576767,0.17651715423562564,0.007706672368006101,0.06365,0.0068289294752382455,0.5465096457977779,0.013211942139755633,0.0,0.0,0.0,0.0,101.0,0.0,0.3048076923076922,0.014265521207864031,0.4134615384615385,0.016654334688162284,0.7841959893703461,0.01481381096618767
PU-G,0.4,0.5,200,10,200.0,0.0,204.0,0.0,47.3,7.589539584922863,251.3,7.589539584922863,0.20095728939631954,0.005456924429958963,0.037529999999999994,0.006871600977938109,1.0193276917038019,0.05408939195933914,0.0,0.0,1.0,0.0,201.0,0.0,0.27794117647058825,0.008204176608256987,0.4117647058823529,0.007307411691175784,0.621434497833252,0.02740382848379865
PU-G,0.4,0.5,50,10,50.0,0.0,54.0,0.0,144.5,15.885877725549543,198.5,15.885877725549543,0.16244160852511413,0.011516043764065993,0.06588,0.008480917141179692,0.409540654392913,0.005431651184856381,0.0,0.0,0.0,0.0,51.0,0.0,0.32407407407407407,0.026514483450511765,0.4018518518518518,0.01873332210554755,0.7724024951457977,0.011012099488720067
PU-G,0.4,0.6,100,10,100.0,0.0,104.0,0.0,74.5,10.289422832317769,178.5,10.289422832317769,0.1841192840714939,0.009378656008944783,0.05124999999999998,0.007122113450374122,0.5627256710024084,0.018797277642141532,0.0,0.0,0.0,0.0,101.0,0.0,0.2711538461538462,0.019954336431119716,0.4076923076923077,0.015317696340190413,0.770578020811081,0.020540779092129396
PU-G,0.4,0.6,200,10,197.3,2.7,201.3,2.7,23.9,7.709229677615152,225.2,9.003456126522872,0.22654675593366846,0.00808400003554112,0.03815999999999997,0.005224455314512063,0.8206475375103764,0.04165939486280972,0.1,0.09999999999999999,0.9,0.09999999999999999,198.3,2.7,0.26964938517779985,0.011974163612512285,0.4289880358923231,0.008515053688179217,0.6162288844585418,0.02911127644814002
PU-G,0.4,0.6,50,10,50.0,0.0,54.0,0.0,99.6,9.916540615445376,153.6,9.916540615445376,0.1612045796646271,0.009116312502415071,0.05397999999999999,0.006693077684360831,0.43163089600275273,0.015236221628666127,0.0,0.0,0.0,0.0,51.0,0.0,0.2833333333333333,0.02815924624186924,0.3722222222222222,0.0228395061728395,0.7472432494163513,0.02426150647550811
PU-G,0.4,0.7,100,10,100.0,0.0,104.0,0.0,40.1,5.562673218276742,144.1,5.562673218276743,0.20214216407039204,0.006831579782600994,0.05074999999999998,0.005800368762223469,0.5094718626933172,0.016579328328329805,0.0,0.0,0.0,0.0,101.0,0.0,0.26730769230769236,0.015155885150688319,0.40288461538461534,0.019308071130550043,0.7341986894607544,0.015711685813379235
PU-G,0.4,0.7,200,10,175.2,7.139561144309455,179.2,7.139561144309455,0.4,0.39999999999999997,179.6,7.303271717372823,0.2452604826190509,0.008855876796113146,0.02849999999999999,0.004500765367011358,0.6530149416998029,0.029759367494932996,0.9,0.09999999999999999,0.1,0.09999999999999999,176.2,7.139561144309455,0.25955157682513746,0.012662106082528796,0.4214650091701784,0.00703808954929438,0.6089314699172974,0.025213511879332663
PU-G,0.4,0.7,50,10,50.0,0.0,54.0,0.0,74.0,7.086763875156433,128.0,7.086763875156433,0.18222000780515374,0.008760470416645088,0.06221,0.007107249038051845,0.4207721875922289,0.01607943617517917,0.0,0.0,0.0,0.0,51.0,0.0,0.2574074074074074,0.017338977660726097,0.37037037037037035,0.01701734413838299,0.7211359083652497,0.015871988600736662
PU-G,0.4,0.8,100,10,95.9,1.9857828011475305,99.9,1.9857828011475305,5.2,2.6491088648407364,105.1,3.9621823391773483,0.22825399124994875,0.007341233532822399,0.04792,0.007992118339686645,0.3521447791950777,0.006821347369567274,0.4,0.16329931618554522,0.0,0.0,96.9,1.9857828011475305,0.2834051281169853,0.01689055544009877,0.4104763691229304,0.018439452296134053,0.7415753781795502,0.0189909590431897
PU-G,0.4,0.8,200,10,102.0,4.671426144361294,106.0,4.671426144361294,0.0,0.0,106.0,4.671426144361294,0.2298845178214833,0.00861774374215294,0.03841,0.004353349923398708,0.36345709579181856,0.010984547395007897,1.0,0.0,0.0,0.0,103.0,4.671426144361294,0.2898866545625138,0.017342853749366463,0.41985505137524715,0.020292692459122286,0.7367331564426423,0.016199384406794103
PU-G,0.4,0.8,50,10,50.0,0.0,54.0,0.0,31.7,1.7,85.7,1.7,0.19199047345318832,0.003222096634081933,0.05501,0.006392572947482799,0.2906287998892367,0.004580793385385159,0.0,0.0,0.0,0.0,51.0,0.0,0.2833333333333333,0.026050552896307644,0.37592592592592594,0.0191358024691358,0.7277193307876587,0.012279892391335076
