dataset,method,noise_rate,pretrain_fraction,n,compression_size_mean,compression_size_se,remaining_bad_mean,remaining_bad_se,effective_compression_size_mean,effective_compression_size_se,certified_bound_mean,certified_bound_se,test_error_mean,test_error_se,test_inappropriate_risk_mean,test_inappropriate_risk_se,pac_bayes_bound_mean,pac_bayes_bound_se,pac_bayes_empirical_risk_mean,pac_bayes_empirical_risk_se,pac_bayes_mc_upper_mean,pac_bayes_mc_upper_se,pac_bayes_kl_mean,pac_bayes_kl_se,runtime_sec_mean,runtime_sec_se,stop_reached_mean,stop_reached_se,hit_limit_mean,hit_limit_se,train_calls_mean,train_calls_se,noise_hit_rate_mean,noise_hit_rate_se,duplicate_hit_rate_mean,duplicate_hit_rate_se,pairwise_feature_cosine_mean,pairwise_feature_cosine_se,mean_support_redundancy_mean,mean_support_redundancy_se,max_support_redundancy_mean,max_support_redundancy_se,mean_selected_residual_novelty_mean,mean_selected_residual_novelty_se,local_redundancy_hit_rate_mean,local_redundancy_hit_rate_se,residual_redundancy_hit_rate_mean,residual_redundancy_hit_rate_se,strong_redundancy_hit_rate_mean,strong_redundancy_hit_rate_se,mode_entropy_mean,mode_entropy_se,minority_mode_fraction_mean,minority_mode_fraction_se,spectral_entropy_mean,spectral_entropy_se,dynamic_mu_mean,dynamic_mu_se
boundary_duplicate_mnist,GREATS,0.3,0.0,5,800.0,0.0,1891.2,22.929020912372163,2691.2,22.929020912372163,,,0.43981505265861803,0.008095481728231532,0.43981505265861803,0.008095481728231527,,,,,,,,,68.99937585722655,0.5750878648299859,0.0,0.0,,,797.0,0.0,0.32249999999999995,0.009706634329158585,0.7837499999999998,0.009786789565531688,0.603043258190155,0.003514416650875139,0.603043258190155,0.003514416650875139,0.9999984264373779,5.532646840034624e-07,0.005454963365527749,9.992445709147185e-05,0.9977471839799751,0.00025031289111387967,0.997997496871089,0.0005006257822277787,0.9974968710888611,0.0003957794318108084,0.7516317846018372,0.018117450552564737,0.21625,0.00978678956553169,0.1496902674434435,0.0003344694122509285,1.425154866278278,0.00016723470612543928
boundary_duplicate_mnist,GREATS,0.3,0.1,5,800.0,0.0,1629.8,16.466329281293994,2429.8,16.466329281293994,,,0.4686873876188031,0.010860706003222583,0.4686873876188031,0.010860706003222588,,,,,,,,,66.85146864429116,0.4417709748421745,0.0,0.0,,,797.0,0.0,0.32925,0.008202514858261454,0.8240000000000001,0.014649018738468461,0.6124049663543701,0.003738921686915038,0.6124049663543701,0.003738921686915038,0.9999993562698364,3.3046999634812144e-07,0.005735189872739944,0.00022255852044156577,0.9974968710888611,0.0,0.9979974968710887,0.00030656942963492537,0.9972465581977472,0.00025031289111390184,0.6669999447165597,0.03226939640157475,0.176,0.014649018738468455,0.1495831231168606,0.00100965895590464,1.4252084384415695,0.0005048294779523388
boundary_duplicate_mnist,GREATS,0.3,0.2,5,800.0,0.0,1391.4,11.587061750072793,2191.4,11.587061750072793,,,0.4716670947855124,0.007467580704076388,0.4716670947855125,0.0074675807040763854,,,,,,,,,64.68239276446403,0.41609423818434593,0.0,0.0,,,797.0,0.0,0.31975000000000003,0.007929375763576847,0.8380000000000001,0.012378156163177131,0.6085624814033508,0.0019254401127959178,0.6085624814033508,0.0019254401127959178,0.9999960064888,1.4682597387029802e-06,0.0053941042232414586,0.00017376976503101263,0.9974968710888611,0.0003957794318108084,0.9982478097622026,0.0003065694296349253,0.9974968710888611,0.0003957794318108084,0.6358262373978338,0.02915717351761605,0.162,0.01237815616317713,0.14809894566766305,0.0009656243830511868,1.4259505271661683,0.0004828121915256024
boundary_duplicate_mnist,GREATS,0.3,0.3,5,800.0,0.0,1110.6,19.653498416312548,1910.6,19.653498416312548,,,0.45455946570768047,0.00893181096498481,0.4545594657076804,0.008931810964984799,,,,,,,,,62.470344468206164,0.3485714036784037,0.0,0.0,,,797.0,0.0,0.3095,0.005640257086339233,0.84825,0.007165455323983259,0.6047932028770446,0.0012489585579974025,0.6047932028770446,0.0012489585579974025,0.9999977231025696,4.931001157747848e-07,0.005856160905086278,0.00012031077272521101,0.9969962453066333,0.0005006257822277816,0.997747183979975,0.00046829253902051234,0.9967459324155193,0.0007509386733416832,0.6130592637037044,0.017622723261181555,0.15175,0.007165455323983253,0.15018316845255814,0.0009919939959317295,1.4249084157737208,0.0004959969979658767
boundary_duplicate_mnist,GREATS,0.3,0.4,5,800.0,0.0,864.4,7.839642849007855,1664.4,7.839642849007855,,,0.4549190855381454,0.014651800674414238,0.4549190855381454,0.014651800674414238,,,,,,,,,60.23020242266357,0.36660887144943394,0.0,0.0,,,797.0,0.0,0.32449999999999996,0.007881941385217221,0.83925,0.006898822363273316,0.5981741786003113,0.0022755781688822765,0.5981741786003113,0.0022755781688822765,0.9999945878982544,3.3399030700373574e-06,0.0057630917690904135,0.00011787870725210822,0.9972465581977472,0.00025031289111390184,0.9979974968710887,0.00030656942963492537,0.9972465581977472,0.00025031289111390184,0.6351024347566906,0.016004436133198185,0.16075,0.006898822363273316,0.1488485781109202,0.0007944551619487836,1.42557571094454,0.0003972275809743947
boundary_duplicate_mnist,GREATS,0.3,0.5,5,800.0,0.0,606.4,6.946941773183362,1406.4,6.9469417731833625,,,0.43519136912406886,0.015598963550996579,0.43519136912406886,0.01559896355099659,,,,,,,,,57.58104277215898,0.4027650641226026,0.0,0.0,,,797.0,0.0,0.3235,0.003566335654421775,0.8594999999999999,0.0008477912478906616,0.5986459970474243,0.000783720700055163,0.5986459970474243,0.000783720700055163,0.9999896168708802,7.054239297384942e-06,0.005937241300129249,0.0001457168145017757,0.9974968710888611,0.0003957794318108084,0.9982478097622028,0.00030656942963492537,0.9972465581977472,0.00046829253902051825,0.5855296634349721,0.0022052367664794504,0.1405,0.0008477912478906539,0.15036161288302774,0.0006285945588376615,1.4248191935584862,0.00031429727941884706
boundary_duplicate_mnist,GREATS,0.3,0.6,5,800.0,0.0,336.2,6.61362230551458,1136.2,6.61362230551458,,,0.4237349088106859,0.011655448891132892,0.42373490881068576,0.011655448891132894,,,,,,,,,55.85433137491346,0.22223492811895493,0.0,0.0,,,797.0,0.0,0.31225,0.009766012492312301,0.851,0.005733672470589853,0.5890425443649292,0.0016677185220894352,0.5890425443649292,0.0016677185220894352,0.9999925494194031,5.663445032393859e-06,0.005996413958854554,0.00013742853292621985,0.997747183979975,0.00025031289111387967,0.9979974968710887,0.0005006257822277787,0.9974968710888611,0.0003957794318108084,0.6065777977556881,0.014551547521747329,0.149,0.0057336724705898574,0.15053001004842,0.0010208733450745285,1.4247349949757901,0.0005104366725372518
boundary_duplicate_mnist,GREATS,0.3,0.7,5,800.0,0.0,112.8,7.927168473042564,912.8,7.927168473042564,,,0.43889031595170813,0.010933367447174193,0.43889031595170824,0.01093336744717421,,,,,,,,,53.9588340787217,0.21042939588158965,0.0,0.0,,,797.0,0.0,0.31825,0.013894693231590254,0.859,0.004115519408288583,0.5812218427658081,0.0027187192828195574,0.5812218427658081,0.0027187192828195574,0.999947476387024,4.275367006059895e-05,0.005913218728048687,0.00020857978641631794,0.9967459324155195,0.0005006257822277843,0.997747183979975,0.00046829253902051234,0.9967459324155195,0.0005006257822277843,0.586448469294687,0.010718251927461245,0.14100000000000001,0.004115519408288581,0.15029106072672205,0.0005613130548275405,1.4248544696366388,0.0002806565274137553
boundary_duplicate_mnist,GREATS,0.3,0.8,5,659.8,9.041017641836564,0.0,0.0,659.8,9.041017641836564,,,0.42799897251477015,0.008289981722880854,0.42799897251477015,0.008289981722880849,,,,,,,,,33.78764176871628,1.1126687584937691,1.0,0.0,,,656.8,9.041017641836564,0.2967146299331044,0.006953577133012167,0.8622891402551616,0.007982503056540618,0.5732242941856385,0.002820542993833001,0.5732242941856385,0.002820542993833001,0.9983223795890808,0.0016291991042029462,0.007705659340350508,0.0002611538948760118,0.9954128132428132,0.000736469836480806,0.9969470350170777,0.0005064045788046258,0.9954128132428132,0.000736469836480806,0.5766952241668832,0.020609557849772125,0.1377108597448383,0.007982503056540623,0.1537410857412203,0.0006374056899576619,1.4231294571293898,0.0003187028449788461
boundary_duplicate_mnist,MaxLoss,0.3,0.0,5,800.0,0.0,1837.6,18.741931597356764,2637.6,18.741931597356764,0.5534777693916112,0.003743965144050845,0.4469047007449268,0.009210331980548197,0.4469047007449268,0.009210331980548197,,,,,,,,,51.78643903061747,0.19137391387538247,0.0,0.0,,,797.0,0.0,0.33724999999999994,0.004863769114585929,0.7759999999999999,0.016043885127985665,0.6064690589904785,0.00374286191946095,0.6064690589904785,0.00374286191946095,0.9999956607818603,1.6666294317074156e-06,0.005979798430779737,0.00011548418239955899,0.9969962453066332,0.0005006257822277843,0.997997496871089,0.0005006257822277787,0.9967459324155193,0.0005006257822277816,0.7631175139948397,0.0288581033205139,0.22400000000000003,0.016043885127985675,0.15600958870421489,0.0004937869484440525,1.4219952056478926,0.0002468934742220171
boundary_duplicate_mnist,MaxLoss,0.3,0.1,5,800.0,0.0,1602.8,11.77454882362802,2402.8,11.77454882362802,0.561203193536494,0.002611001169451512,0.451425635756486,0.0166712446991391,0.451425635756486,0.0166712446991391,,,,,,,,,51.29617889225483,0.2811876757983341,0.0,0.0,,,797.0,0.0,0.32075,0.011240273573183168,0.7765000000000001,0.018449254727495087,0.6059595704078674,0.0032778715665108915,0.6059595704078674,0.0032778715665108915,0.9999985337257385,8.189079520986365e-07,0.005973998439184696,0.00012820730660363246,0.9962453066332916,0.0003957794318108084,0.9972465581977472,0.00046829253902051825,0.9954943679599498,0.0005006257822277787,0.7605969977481718,0.03600467280841574,0.22349999999999998,0.01844925472749509,0.15576159657738986,0.0007132576792878405,1.4221192017113051,0.00035662883964388697
boundary_duplicate_mnist,MaxLoss,0.3,0.2,5,800.0,0.0,1358.8,22.537524265100632,2158.8,22.537524265100632,0.5684537758468651,0.0056199579329258,0.44027742101207296,0.009191543121828055,0.44027742101207296,0.009191543121828048,,,,,,,,,50.748208810575306,0.2914194257813947,0.0,0.0,,,797.0,0.0,0.3215,0.010142731387550398,0.79525,0.008860022573334679,0.6081819176673889,0.002286011626533166,0.6081819176673889,0.002286011626533166,0.9999963760375976,1.989527687190804e-06,0.005899498813543165,0.00013066050919354586,0.9962453066332916,0.0003957794318108084,0.9984981226533165,0.00025031289111387967,0.9962453066332916,0.0003957794318108084,0.7299127164860206,0.017852912332325048,0.20475000000000004,0.008860022573334677,0.15443171690394691,0.0011236453247066578,1.4227841415480265,0.000561822662353334
boundary_duplicate_mnist,MaxLoss,0.3,0.3,5,800.0,0.0,1082.6,10.64706532336493,1882.6,10.64706532336493,0.5684805242344737,0.0030335665185198834,0.4600565116876445,0.008403657790911429,0.4600565116876445,0.00840365779091144,,,,,,,,,50.53863661531359,0.17316342465694312,0.0,0.0,,,797.0,0.0,0.3255,0.00925,0.7967500000000001,0.005937171043518948,0.6028641939163208,0.0022436840793069253,0.6028641939163208,0.0022436840793069253,0.9999985575675965,7.002975055086381e-07,0.006181004590754663,0.0001914486618117049,0.9974968710888611,0.0,0.9982478097622026,0.0005006257822277816,0.9972465581977472,0.00025031289111390184,0.7277393546725163,0.012140879713280844,0.20325,0.005937171043518957,0.1554325551352864,0.0009831793586194506,1.4222837224323566,0.0004915896793097324
boundary_duplicate_mnist,MaxLoss,0.3,0.4,5,800.0,0.0,831.6,7.58023746329889,1631.6,7.58023746329889,0.5766972313635051,0.0025162063327749977,0.45610069355253013,0.013126752151401426,0.45610069355253013,0.013126752151401432,,,,,,,,,50.13271919135004,0.24141732593213414,0.0,0.0,,,797.0,0.0,0.32975000000000004,0.008708831724175171,0.8262499999999999,0.0062123868198945805,0.5988745093345642,0.0021067459795001977,0.5988745093345642,0.0021067459795001977,0.9999918341636658,5.93953630842687e-06,0.0061105839978933835,8.52512785144251e-05,0.9957446808510639,0.0011606531283473982,0.9982478097622026,0.0003065694296349253,0.9957446808510639,0.0011606531283473982,0.6654368116470559,0.013944364769126078,0.17375000000000002,0.006212386819894589,0.1559910862681777,0.0005398997529448648,1.4220044568659111,0.0002699498764724247
boundary_duplicate_mnist,MaxLoss,0.3,0.5,5,800.0,0.0,587.4,17.33378204547409,1387.4,17.333782045474088,0.5905955436988733,0.006889398931598755,0.44176727459542775,0.015330160547796932,0.44176727459542764,0.01533016054779693,,,,,,,,,49.64332491550594,0.20004116379489703,0.0,0.0,,,797.0,0.0,0.32975,0.008753570700005797,0.8285,0.009069178573608517,0.5924713134765625,0.0016973624908381434,0.5924713134765625,0.0016973624908381434,0.9999986171722413,7.138636074819502e-07,0.006122117418284704,9.663992697019008e-05,0.9962453066332916,0.0006855100844870721,0.997747183979975,0.00025031289111387967,0.9962453066332916,0.0006855100844870721,0.6594073541782566,0.021398199913997586,0.1715,0.009069178573608524,0.1542527014852622,0.0009734942541842046,1.422873649257369,0.0004867471270920997
boundary_duplicate_mnist,MaxLoss,0.3,0.6,5,800.0,0.0,347.6,9.532051195833981,1147.6,9.53205119583398,0.6131253009894863,0.004718616696406295,0.4210634472129463,0.008569420854644532,0.4210634472129463,0.008569420854644523,,,,,,,,,49.03246854320169,0.3067077044391325,0.0,0.0,,,797.0,0.0,0.32775,0.008416872934766213,0.829,0.004190763653560056,0.5886351943016053,0.0007163673929853168,0.5886351943016053,0.0007163673929853168,0.9999932169914245,3.139552665430421e-06,0.006024709568960412,0.0001364808955935195,0.9969962453066333,0.0003065694296349526,0.9982478097622028,0.00030656942963492537,0.9969962453066333,0.0003065694296349526,0.6596263519660654,0.009671977184754854,0.171,0.004190763653560051,0.15266399054481344,0.0011150431369908811,1.4236680047275934,0.0005575215684954042
boundary_duplicate_mnist,MaxLoss,0.3,0.7,5,800.0,0.0,103.0,10.784247771634329,903.0,10.784247771634329,0.6464139542193152,0.007051742182684881,0.44433598767017723,0.010973967960756448,0.44433598767017723,0.01097396796075645,,,,,,,,,48.48312686607242,0.23609218554808212,0.0,0.0,,,797.0,0.0,0.31875,0.007974568953868291,0.85825,0.004430011286667345,0.5806507110595703,0.001336504247156029,0.5806507110595703,0.001336504247156029,0.9999015688896179,8.184094882228783e-05,0.005836735647148423,0.00010023114493238761,0.9949937421777222,0.0013126518750565177,0.997747183979975,0.00025031289111387967,0.9947434292866083,0.0012763503162935724,0.5883370321754873,0.011537607191139634,0.14175,0.004430011286667335,0.15202977094014064,0.0006088373312010208,1.4239851145299298,0.0003044186656004944
boundary_duplicate_mnist,MaxLoss,0.3,0.8,5,629.4,9.080748867797192,0.0,0.0,629.4,9.080748867797192,0.6820462028845213,0.00879450543142283,0.43483174929360385,0.006007933791335713,0.43483174929360385,0.006007933791335717,,,,,,,,,27.72049969919026,1.0476449111637676,1.0,0.0,,,626.4,9.080748867797192,0.30593860790741717,0.00592298255717267,0.8658430651856962,0.007377949041615038,0.5726074576377869,0.0021904795528901004,0.5726074576377869,0.0021904795528901004,0.999212098121643,0.0007684825471843015,0.008230084165737905,0.00024563493302348443,0.9942568139905799,0.0006622810784059647,0.9971266526437143,0.0006030740327853215,0.9942568139905799,0.0006622810784059647,0.5673598416788458,0.020102615769913682,0.13415693481430377,0.007377949041615054,0.15562293186947138,0.0007408603175887555,1.4221885340652642,0.0003704301587943563
boundary_duplicate_mnist,PU-R,0.3,0.0,5,800.0,0.0,2013.0,18.619881847100963,2813.0,18.619881847100963,0.5884558735881,0.0037064342226879317,0.3934240945286412,0.008503022292185391,0.3934240945286412,0.00850302229218539,,,,,,,,,114.49151420276613,0.48111261790075893,0.0,0.0,,,797.0,0.0,0.31100000000000005,0.004319288135792745,0.73325,0.009565563234854498,0.5589527726173401,0.0034755503725791307,0.5589527726173401,0.0034755503725791307,0.9975564360618592,0.0006710825794973639,0.006828596877477345,0.00016298346809035197,0.9974968710888611,0.0003957794318108084,0.9977471839799751,0.00046829253902051234,0.997246558197747,0.00046829253902051825,0.8354017303490583,0.014284751456194036,0.26674999999999993,0.009565563234854494,0.15707629450993235,0.0006070179671837908,1.421461852745034,0.00030350898359189166
boundary_duplicate_mnist,PU-R,0.3,0.1,5,800.0,0.0,1769.2,28.97309096385817,2569.2,28.97309096385817,0.5980265742633492,0.006401516195814592,0.39352684305163116,0.023419987016298306,0.3935268430516311,0.02341998701629829,,,,,,,,,112.3122419860214,0.6371699250618236,0.0,0.0,,,797.0,0.0,0.315,0.007613721166420533,0.73525,0.01028803917177612,0.5605928063392639,0.001247692091098202,0.5605928063392639,0.001247692091098202,0.9977927923202514,0.0006000433555267979,0.006678529698107373,0.00022819757370042256,0.997997496871089,0.0005006257822277787,0.9972465581977472,0.00046829253902051825,0.9972465581977472,0.00046829253902051825,0.8322600215942408,0.015165625484347885,0.26475000000000004,0.010288039171776129,0.15744725620351616,0.0012852484767870965,1.421276371898242,0.0006426242383935376
boundary_duplicate_mnist,PU-R,0.3,0.2,5,800.0,0.0,1545.0,13.133925536563696,2345.0,13.133925536563696,0.6147504054242745,0.0032573159996374225,0.4082712561006936,0.02131855439146871,0.4082712561006936,0.021318554391468705,,,,,,,,,110.25062789488584,0.5592243465952188,0.0,0.0,,,797.0,0.0,0.3135,0.008075812652606549,0.7457499999999999,0.011079259903080169,0.5588932275772095,0.0011947702737861862,0.5588932275772095,0.0011947702737861862,0.997679877281189,0.0002251198756584667,0.006750116173442551,5.582334381628642e-05,0.9974968710888611,0.0005597166401751628,0.9979974968710887,0.00030656942963492537,0.9972465581977472,0.00046829253902051825,0.8160511611800549,0.017825999409465117,0.25425,0.011079259903080169,0.1570120630468769,0.0005289062295904936,1.4214939684765615,0.00026445311479521494
boundary_duplicate_mnist,PU-R,0.3,0.3,5,800.0,0.0,1283.4,14.555411364849844,2083.4,14.555411364849844,0.6254768679151311,0.004114002141500319,0.3795016696634986,0.019125548080111503,0.3795016696634986,0.019125548080111503,,,,,,,,,107.71879335716366,0.5495110608761529,0.0,0.0,,,797.0,0.0,0.31575,0.008773183572683297,0.7577499999999999,0.01001873245475694,0.5607538104057312,0.003308302603739586,0.5607538104057312,0.003308302603739586,0.9970743775367736,0.00039588170653683024,0.006561975575661816,0.0001435600246495147,0.9984981226533167,0.00025031289111387967,0.9982478097622028,0.00030656942963492537,0.997997496871089,0.0003065694296349253,0.7971765160370886,0.016658731528816438,0.24225,0.010018732454756943,0.15575565529705188,0.0005276646567109025,1.422122172351474,0.00026383232835547197
boundary_duplicate_mnist,PU-R,0.3,0.4,5,800.0,0.0,1050.6,14.988662381947229,1850.6,14.988662381947229,0.6490280295372941,0.004924502923915177,0.40708964808630876,0.022296281520992098,0.40708964808630876,0.022296281520992098,,,,,,,,,105.36042924728244,0.3564785296042645,0.0,0.0,,,797.0,0.0,0.3,0.009544304584410537,0.795,0.006578848683470386,0.5581637144088745,0.002006444972894128,0.5581637144088745,0.002006444972894128,0.9981719732284546,0.00021843486696220812,0.006238919220656347,8.232040571324891e-05,0.9984981226533167,0.00025031289111387967,0.9982478097622028,0.00030656942963492537,0.9982478097622028,0.00030656942963492537,0.7310552135574632,0.012684475339784514,0.205,0.006578848683470383,0.15566575844713312,0.0009179265408989481,1.4221671207764333,0.000458963270449468
boundary_duplicate_mnist,PU-R,0.3,0.5,5,800.0,0.0,775.0,11.458621208504974,1575.0,11.458621208504974,0.6647417684434913,0.004502095977507605,0.3674800924736707,0.016267398486175626,0.36748009247367064,0.016267398486175613,,,,,,,,,102.63986694905907,0.34790410234617164,0.0,0.0,,,797.0,0.0,0.3105,0.0050713656937751974,0.79725,0.007378177281686855,0.5630645751953125,0.001141776623638214,0.5630645751953125,0.001141776623638214,0.9981379747390747,0.00045089818247176944,0.006561887300902866,0.00010603851909080817,0.997747183979975,0.00025031289111387967,0.997997496871089,0.0005006257822277787,0.9974968710888611,0.0003957794318108084,0.726417588913032,0.0146923078697053,0.20274999999999999,0.007378177281686853,0.1556417714116347,0.0004573150200126134,1.4221791142941824,0.00022865751000629997
boundary_duplicate_mnist,PU-R,0.3,0.6,5,800.0,0.0,531.0,5.39444158370447,1331.0,5.39444158370447,0.7031324661918916,0.0026238450336226148,0.3897765219624968,0.01437667195796546,0.3897765219624968,0.014376671957965466,,,,,,,,,100.50225813891738,0.3046899003089784,0.0,0.0,,,797.0,0.0,0.3075,0.00740565662179931,0.81225,0.006013006735402848,0.5631502389907836,0.0015865908749176333,0.5631502389907836,0.0015865908749176333,0.9975348711013794,0.000452049592054571,0.006505184365348358,0.0001267221551436537,0.9984981226533165,0.00025031289111387967,0.9982478097622026,0.0003065694296349253,0.9982478097622026,0.0003065694296349253,0.6960488067049795,0.012937606906636862,0.18775000000000003,0.006013006735402847,0.1554237156622,0.000609782536683813,1.4222881421689,0.00030489126834191505
boundary_duplicate_mnist,PU-R,0.3,0.7,5,800.0,0.0,280.6,7.852388171760231,1080.6,7.852388171760231,0.7611693238839508,0.004999288163941026,0.4152067814025173,0.019015175054354048,0.4152067814025173,0.019015175054354055,,,,,,,,,98.03174907267093,0.22590381674251733,0.0,0.0,,,797.0,0.0,0.3215,0.00970180395596612,0.843,0.006807624402095056,0.5722491145133972,0.0016051037531724034,0.5722491145133972,0.0016051037531724034,0.9977332592010498,0.00017742984030455491,0.006753046698777574,0.0001563298428128997,0.9982478097622026,0.0003065694296349253,0.9987484355444305,0.0,0.9982478097622026,0.0003065694296349253,0.6260579785528627,0.01682408048895319,0.157,0.006807624402095052,0.15671090469260965,0.0009318840223520874,1.4216445476536952,0.00046594201117600885
boundary_duplicate_mnist,PU-R,0.3,0.8,5,797.0,3.0,6.2,3.760319135392633,803.2,5.6956123463592565,0.8462085730629042,0.005199896929818396,0.4272283585923452,0.014349751822485041,0.4272283585923452,0.014349751822485043,,,,,,,,,94.61928764525801,0.9355318994828848,0.2,0.20000000000000004,,,794.0,3.0,0.3001130573248408,0.005473303342098237,0.8625509554140127,0.007179290099085603,0.5823704242706299,0.002442292574444884,0.5823704242706299,0.002442292574444884,0.9998488903045655,0.0001328669026661983,0.009022003937221943,0.00030741009670305446,0.9921971980281474,0.0020524895109994387,0.99723219074864,0.000734833150064049,0.9919420959873311,0.002178707998581602,0.5762906681296018,0.018547811280103813,0.13744904458598728,0.007179290099085611,0.16681932405248107,0.0011261277523757554,1.4165903379737592,0.0005630638761878428
