method,dataset,seed,noise_rate,pretrain_fraction,es_budget,step,n_cert,n_pretrain,compression_size,remaining_bad,effective_compression_size,certified_bound,test_error,test_inappropriate_risk,pac_bayes_bound,pac_bayes_empirical_risk,pac_bayes_mc_upper,pac_bayes_kl,runtime_sec,stop_reached,hit_limit,train_calls,noise_hit_rate,duplicate_hit_rate,pairwise_feature_cosine,mean_support_redundancy,max_support_redundancy,mean_selected_residual_novelty,local_redundancy_hit_rate,residual_redundancy_hit_rate,strong_redundancy_hit_rate,mode_entropy,minority_mode_fraction,spectral_entropy,dynamic_mu
MaxLoss,fashion_mnist,0,0.0,0.0,50,50,5000,0,70,3054,3124,0.650146379484795,0.4475,0.6326,,,,,3.3012795839458704,0,1,51,0.0,0.0,0.7230761647224426,0.7230761647224426,0.9924450516700745,0.0486594768969909,0.8115942028985508,0.8985507246376812,0.8115942028985508,0.0,0.0,0.26821452378902294,1.3658927381054884
Marginal,fashion_mnist,0,0.0,0.0,50,50,5000,0,70,1682,1752,0.37487764470279217,0.3125,0.3551,,,,,0.8506144117563963,0,1,51,0.0,0.0,0.6664531826972961,0.6664531826972961,0.9969125986099243,0.03585253353568091,0.8985507246376812,0.9130434782608695,0.8840579710144928,0.0,0.0,0.27646016255928824,1.361769918720356
EL2N,fashion_mnist,0,0.0,0.0,50,50,5000,0,70,2915,2985,0.622629254066851,0.4596,0.6024,,,,,0.9206188153475523,0,1,51,0.0,0.0,0.6832981109619141,0.6832981109619141,0.9949082136154175,0.04348151558551235,0.8985507246376812,0.8985507246376812,0.8840579710144928,0.0,0.0,0.27959759968742565,1.360201200156287
GraNdLast,fashion_mnist,0,0.0,0.0,50,50,5000,0,70,2690,2760,0.5779035607120022,0.44589999999999996,0.5634,,,,,1.0406593699008226,0,1,51,0.0,0.0,0.6668395400047302,0.6668395400047302,0.9968442916870117,0.044153524049814194,0.8985507246376812,0.8985507246376812,0.8985507246376812,0.0,0.0,0.2765504289389441,1.361724785530528
RHO-PretrainRef,fashion_mnist,0,0.0,0.0,50,50,5000,0,70,3321,3391,0.7027431413298473,0.46240000000000003,0.6725,,,,,1.0874317893758416,0,1,51,0.0,0.0,0.7360132336616516,0.7360132336616516,0.990670919418335,0.04482692048169565,0.8695652173913043,0.9130434782608695,0.8695652173913043,0.0,0.0,0.2558949166647039,1.3720525416676481
PU-R,fashion_mnist,0,0.0,0.0,50,50,5000,0,70,1972,2042,0.4337365824030712,0.35960000000000003,0.4039,,,,,1.3054830441251397,0,1,51,0.0,0.0,0.6991682648658752,0.6991682648658752,0.9890732765197754,0.03677068499551303,0.927536231884058,0.927536231884058,0.9130434782608695,0.0,0.0,0.27122443194745693,1.3643877840262715
GREATS,fashion_mnist,0,0.0,0.0,50,50,5000,0,70,3123,3193,,0.46409999999999996,0.6478,,,,,1.6256238156929612,0,1,51,0.0,0.0,0.726386308670044,0.726386308670044,0.9918712973594666,0.04621513403844142,0.8695652173913043,0.8985507246376812,0.8405797101449275,0.0,0.0,0.26997689277870396,1.365011553610648
MaxLoss,fashion_mnist,0,0.0,0.1,50,50,4500,500,70,2764,2834,0.656320336740464,0.45099999999999996,0.6392,,,,,0.5859689405187964,0,1,51,0.0,0.0,0.7218427062034607,0.7218427062034607,0.9920905828475952,0.04638912258804708,0.855072463768116,0.8985507246376812,0.8405797101449275,0.0,0.0,0.2650582870107863,1.3674708564946068
Marginal,fashion_mnist,0,0.0,0.1,50,50,4500,500,70,1382,1452,0.3478067035903223,0.2986,0.3183,,,,,0.7907348610460758,0,1,51,0.0,0.0,0.62514728307724,0.62514728307724,0.9981896281242371,0.03298448544481526,0.927536231884058,0.927536231884058,0.9130434782608695,0.0,0.0,0.29071046568962505,1.3546447671551873
EL2N,fashion_mnist,0,0.0,0.1,50,50,4500,500,70,2497,2567,0.5975501401699148,0.41700000000000004,0.5733,,,,,0.9092080742120743,0,1,51,0.0,0.0,0.6901755332946777,0.6901755332946777,0.9924253821372986,0.045456161317617996,0.8405797101449275,0.8985507246376812,0.8115942028985508,0.0,0.0,0.28160442024675586,1.359197789876622
GraNdLast,fashion_mnist,0,0.0,0.1,50,50,4500,500,70,2351,2421,0.565240649797488,0.45489999999999997,0.5507,,,,,0.9062991747632623,0,1,51,0.0,0.0,0.6418197154998779,0.6418197154998779,0.995305597782135,0.047358866619027176,0.8695652173913043,0.8840579710144928,0.8695652173913043,0.0,0.0,0.29125635702198577,1.354371821489007
RHO-PretrainRef,fashion_mnist,0,0.0,0.1,50,50,4500,500,70,2228,2298,0.5379294813610613,0.3637,0.5178,,,,,0.958126905374229,0,1,51,0.0,0.0,0.7268543839454651,0.7268543839454651,0.9896285533905029,0.04246327648128288,0.8695652173913043,0.927536231884058,0.8695652173913043,0.0,0.0,0.2568111330448413,1.3715944334775794
PU-R,fashion_mnist,0,0.0,0.1,50,50,4500,500,70,1506,1576,0.3759334897622466,0.32220000000000004,0.3514,,,,,1.1371413301676512,0,1,51,0.0,0.0,0.6954345107078552,0.6954345107078552,0.9941402673721313,0.04068226507608441,0.8840579710144928,0.927536231884058,0.8840579710144928,0.0,0.0,0.27845275711473744,1.3607736214426311
GREATS,fashion_mnist,0,0.0,0.1,50,50,4500,500,70,2177,2247,,0.379,0.4969,,,,,1.4079435039311647,0,1,51,0.0,0.0,0.7212384343147278,0.7212384343147278,0.9877257347106934,0.04469181143719217,0.8695652173913043,0.8985507246376812,0.8405797101449275,0.0,0.0,0.2711449964109926,1.3644275017945038
MaxLoss,fashion_mnist,0,0.0,0.2,50,50,4000,1000,70,2283,2353,0.616736066993326,0.40769999999999995,0.6017,,,,,0.5432343622669578,0,1,51,0.0,0.0,0.7229564189910889,0.7229564189910889,0.985679030418396,0.043839906004891877,0.8695652173913043,0.927536231884058,0.8695652173913043,0.0,0.0,0.2648868734847317,1.367556563257634
Marginal,fashion_mnist,0,0.0,0.2,50,50,4000,1000,70,1379,1449,0.3896488739992492,0.3315,0.3661,,,,,0.717970123514533,0,1,51,0.0,0.0,0.6558635830879211,0.6558635830879211,0.9978335499763489,0.033457431240358215,0.9130434782608695,0.9420289855072463,0.8985507246376812,0.0,0.0,0.2864642139749599,1.35676789301252
EL2N,fashion_mnist,0,0.0,0.2,50,50,4000,1000,70,2247,2317,0.6078086558845825,0.44810000000000005,0.5892,,,,,0.7693011881783605,0,1,51,0.0,0.0,0.6412587761878967,0.6412587761878967,0.9940900802612305,0.04578875501950582,0.8695652173913043,0.8985507246376812,0.8405797101449275,0.0,0.0,0.2984827461058978,1.350758626947051
GraNdLast,fashion_mnist,0,0.0,0.2,50,50,4000,1000,70,2055,2125,0.5600303984829225,0.42379999999999995,0.5245,,,,,0.8224003314971924,0,1,51,0.0,0.0,0.6425665616989136,0.6425665616989136,0.9983400702476501,0.04153844670972962,0.8985507246376812,0.8985507246376812,0.8840579710144928,0.0,0.0,0.28648085306825677,1.3567595734658715
RHO-PretrainRef,fashion_mnist,0,0.0,0.2,50,50,4000,1000,70,2200,2270,0.5961385138798505,0.40480000000000005,0.5775,,,,,0.8813321702182293,0,1,51,0.0,0.0,0.7354040741920471,0.7354040741920471,0.984419047832489,0.04334519609161045,0.8695652173913043,0.9130434782608695,0.855072463768116,0.0,0.0,0.2563078916649447,1.3718460541675277
PU-R,fashion_mnist,0,0.0,0.2,50,50,4000,1000,70,1368,1438,0.3868477720534429,0.3104,0.3626,,,,,1.0383943393826485,0,1,51,0.0,0.0,0.6943635940551758,0.6943635940551758,0.9949816465377808,0.03627382499584253,0.9130434782608695,0.9565217391304348,0.9130434782608695,0.0,0.0,0.26989316418781395,1.365053417906093
GREATS,fashion_mnist,0,0.0,0.2,50,50,4000,1000,70,1922,1992,,0.37160000000000004,0.5042,,,,,1.2217810144647956,0,1,51,0.0,0.0,0.7107993960380554,0.7107993960380554,0.986725389957428,0.04423347547434378,0.8260869565217391,0.8840579710144928,0.7971014492753623,0.0,0.0,0.276591283103936,1.361704358448032
MaxLoss,fashion_mnist,0,0.0,0.3,50,50,3500,1500,70,1950,2020,0.6075308307190426,0.4407,0.5854,,,,,0.5275115994736552,0,1,51,0.0,0.0,0.7068386673927307,0.7068386673927307,0.9900325536727905,0.04811365168163742,0.8115942028985508,0.8985507246376812,0.7971014492753623,0.0,0.0,0.27195941408880137,1.3640202929555993
Marginal,fashion_mnist,0,0.0,0.3,50,50,3500,1500,70,1204,1274,0.39319792768219486,0.3398,0.3687,,,,,0.6917904671281576,0,1,51,0.0,0.0,0.6554036736488342,0.6554036736488342,0.9964442253112793,0.04186000081076138,0.9130434782608695,0.9130434782608695,0.9130434782608695,0.0,0.0,0.2881777880519205,1.3559111059740396
EL2N,fashion_mnist,0,0.0,0.3,50,50,3500,1500,70,1841,1911,0.576569975935854,0.41769999999999996,0.5601,,,,,0.7255336586385965,0,1,51,0.0,0.0,0.7124115228652954,0.7124115228652954,0.9906052350997925,0.04274936711442643,0.8695652173913043,0.8985507246376812,0.855072463768116,0.0,0.0,0.2708849158784996,1.36455754206075
GraNdLast,fashion_mnist,0,0.0,0.3,50,50,3500,1500,70,1969,2039,0.6129148810287006,0.4989,0.5825,,,,,0.7748622111976147,0,1,51,0.0,0.0,0.6650197505950928,0.6650197505950928,0.997177004814148,0.04287939162357994,0.8985507246376812,0.8840579710144928,0.8840579710144928,0.0,0.0,0.27462394180981425,1.362688029095093
RHO-PretrainRef,fashion_mnist,0,0.0,0.3,50,50,3500,1500,70,2117,2187,0.6547196721076034,0.4747,0.6402,,,,,0.8224740894511342,0,1,51,0.0,0.0,0.7257202863693237,0.7257202863693237,0.9907093644142151,0.04480254606924195,0.855072463768116,0.9130434782608695,0.855072463768116,0.0,0.0,0.2613028464596089,1.3693485767701956
PU-R,fashion_mnist,0,0.0,0.3,50,50,3500,1500,70,1438,1508,0.4610448788735084,0.40159999999999996,0.4367,,,,,1.0212537935003638,0,1,51,0.0,0.0,0.6747540235519409,0.6747540235519409,0.9901624917984009,0.0391387898420942,0.855072463768116,0.927536231884058,0.8405797101449275,0.0,0.0,0.2851495291902553,1.3574252354048724
GREATS,fashion_mnist,0,0.0,0.3,50,50,3500,1500,70,1496,1566,,0.3499,0.4609,,,,,1.1610705368220806,0,1,51,0.0,0.0,0.7222694754600525,0.7222694754600525,0.9924689531326294,0.04700722081073816,0.855072463768116,0.9130434782608695,0.855072463768116,0.0,0.0,0.27400248710772607,1.362998756446137
MaxLoss,fashion_mnist,0,0.0,0.4,50,50,3000,2000,70,1669,1739,0.6122670446638949,0.42610000000000003,0.5921,,,,,0.5040710121393204,0,1,51,0.0,0.0,0.7197772860527039,0.7197772860527039,0.9890904426574707,0.045941067130669304,0.855072463768116,0.9130434782608695,0.8405797101449275,0.0,0.0,0.2600376300079267,1.3699811849960366
Marginal,fashion_mnist,0,0.0,0.4,50,50,3000,2000,70,1013,1083,0.3923177811084315,0.3419,0.3666,,,,,0.6428000638261437,0,1,51,0.0,0.0,0.6347130537033081,0.6347130537033081,0.9967494010925293,0.04136425753434499,0.8695652173913043,0.9130434782608695,0.855072463768116,0.0,0.0,0.29079590589044946,1.3546020470547753
EL2N,fashion_mnist,0,0.0,0.4,50,50,3000,2000,70,1518,1588,0.5622098746243864,0.4354,0.538,,,,,0.6803699927404523,0,1,51,0.0,0.0,0.6522353887557983,0.6522353887557983,0.9950486421585083,0.050723490075788635,0.8840579710144928,0.8840579710144928,0.855072463768116,0.0,0.0,0.2887924524326295,1.3556037737836852
GraNdLast,fashion_mnist,0,0.0,0.4,50,50,3000,2000,70,1345,1415,0.5044400530750863,0.36739999999999995,0.4795,,,,,0.7145945625379682,0,1,51,0.0,0.0,0.6620070934295654,0.6620070934295654,0.9958580732345581,0.051916528439176254,0.8695652173913043,0.8695652173913043,0.855072463768116,0.0,0.0,0.28249033271330043,1.3587548336433497
RHO-PretrainRef,fashion_mnist,0,0.0,0.4,50,50,3000,2000,70,1732,1802,0.6330478093586862,0.4555,0.6086,,,,,0.7749037872999907,0,1,51,0.0,0.0,0.720615804195404,0.720615804195404,0.9884368181228638,0.04405441707459049,0.855072463768116,0.9130434782608695,0.8260869565217391,0.0,0.0,0.2599847384550354,1.3700076307724824
PU-R,fashion_mnist,0,0.0,0.4,50,50,3000,2000,70,1120,1190,0.42863894056063145,0.3415,0.3997,,,,,0.9403331335633993,0,1,51,0.0,0.0,0.70725417137146,0.70725417137146,0.9945930242538452,0.041384181466655456,0.927536231884058,0.9420289855072463,0.927536231884058,0.0,0.0,0.2662958651709046,1.3668520674145477
GREATS,fashion_mnist,0,0.0,0.4,50,50,3000,2000,70,1364,1434,,0.38239999999999996,0.4861,,,,,1.0768493600189686,0,1,51,0.0,0.0,0.713034451007843,0.713034451007843,0.9895524978637695,0.044781918111054794,0.8695652173913043,0.927536231884058,0.855072463768116,0.0,0.0,0.2695586145935844,1.3652206927032078
MaxLoss,fashion_mnist,0,0.0,0.5,50,50,2500,2500,70,1406,1476,0.6257330980733968,0.4175,0.5948,,,,,0.4945245962589979,0,1,51,0.0,0.0,0.7159057259559631,0.7159057259559631,0.9957786798477173,0.046591053838315216,0.8405797101449275,0.8840579710144928,0.8260869565217391,0.0,0.0,0.26545195729570126,1.3672740213521495
Marginal,fashion_mnist,0,0.0,0.5,50,50,2500,2500,70,796,866,0.3801590414950624,0.32299999999999995,0.3505,,,,,0.6040218584239483,0,1,51,0.0,0.0,0.6727845668792725,0.6727845668792725,0.9960246086120605,0.03624628592228544,0.8695652173913043,0.8840579710144928,0.8695652173913043,0.0,0.0,0.2724385806928992,1.3637807096535504
EL2N,fashion_mnist,0,0.0,0.5,50,50,2500,2500,70,1401,1471,0.6237560693989508,0.42600000000000005,0.5823,,,,,0.6441208990290761,0,1,51,0.0,0.0,0.710500180721283,0.710500180721283,0.9947493076324463,0.04535417237143586,0.8405797101449275,0.8985507246376812,0.8405797101449275,0.0,0.0,0.2715572699317521,1.364221365034124
GraNdLast,fashion_mnist,0,0.0,0.5,50,50,2500,2500,70,1104,1174,0.5052509984816425,0.39590000000000003,0.4806,,,,,0.6549169616773725,0,1,51,0.0,0.0,0.6681656241416931,0.6681656241416931,0.9957183599472046,0.043615989063097084,0.8840579710144928,0.8695652173913043,0.8695652173913043,0.0,0.0,0.2772243262470555,1.3613878368764722
RHO-PretrainRef,fashion_mnist,0,0.0,0.5,50,50,2500,2500,70,1276,1346,0.5741333662299439,0.39970000000000006,0.5532,,,,,0.7065213583409786,0,1,51,0.0,0.0,0.7117389440536499,0.7117389440536499,0.9940041303634644,0.048775864684063454,0.855072463768116,0.8695652173913043,0.8260869565217391,0.0,0.0,0.27318851837678537,1.3634057408116074
PU-R,fashion_mnist,0,0.0,0.5,50,50,2500,2500,70,927,997,0.43364518182352185,0.3658,0.4139,,,,,0.8447823487222195,0,1,51,0.0,0.0,0.6773855686187744,0.6773855686187744,0.9960298538208008,0.04194579197876695,0.8985507246376812,0.9130434782608695,0.8840579710144928,0.0,0.0,0.2830474757765415,1.3584762621117292
GREATS,fashion_mnist,0,0.0,0.5,50,50,2500,2500,70,1130,1200,,0.38060000000000005,0.4859,,,,,0.9411993026733398,0,1,51,0.0,0.0,0.6914551854133606,0.6914551854133606,0.9934942722320557,0.04530421050562375,0.8115942028985508,0.8985507246376812,0.8115942028985508,0.0,0.0,0.2854929174259495,1.3572535412870252
MaxLoss,fashion_mnist,0,0.0,0.6,50,50,2000,3000,70,1030,1100,0.5895346856559627,0.38470000000000004,0.5529,,,,,0.47459434531629086,0,1,51,0.0,0.0,0.7076600193977356,0.7076600193977356,0.9915379881858826,0.04797225845032844,0.855072463768116,0.8840579710144928,0.8260869565217391,0.0,0.0,0.273938287705596,1.363030856147202
Marginal,fashion_mnist,0,0.0,0.6,50,50,2000,3000,70,565,635,0.3541131404344924,0.28290000000000004,0.3095,,,,,0.556021748110652,0,1,51,0.0,0.0,0.6628198027610779,0.6628198027610779,0.996923565864563,0.04023344857969146,0.8695652173913043,0.8985507246376812,0.8695652173913043,0.0,0.0,0.2825870246450052,1.3587064876774975
EL2N,fashion_mnist,0,0.0,0.6,50,50,2000,3000,70,945,1015,0.547163775889203,0.3659,0.504,,,,,0.5821257224306464,0,1,51,0.0,0.0,0.6763728260993958,0.6763728260993958,0.9956263303756714,0.04594225533630537,0.8695652173913043,0.8840579710144928,0.8405797101449275,0.0,0.0,0.2762759540474945,1.3618620229762528
GraNdLast,fashion_mnist,0,0.0,0.6,50,50,2000,3000,70,836,906,0.4924026725930162,0.34530000000000005,0.4634,,,,,0.5988198593258858,0,1,51,0.0,0.0,0.6505956053733826,0.6505956053733826,0.9969931840896606,0.040754069884618126,0.8695652173913043,0.9130434782608695,0.8695652173913043,0.0,0.0,0.2782158534643071,1.3608920732678464
RHO-PretrainRef,fashion_mnist,0,0.0,0.6,50,50,2000,3000,70,1032,1102,0.5905280984006822,0.3942,0.5678,,,,,0.6478491770103574,0,1,51,0.0,0.0,0.7320963740348816,0.7320963740348816,0.9918981194496155,0.04668795349805251,0.855072463768116,0.8985507246376812,0.8405797101449275,0.0,0.0,0.2587590012685617,1.3706204993657192
PU-R,fashion_mnist,0,0.0,0.6,50,50,2000,3000,70,672,742,0.4090952348196879,0.33509999999999995,0.3716,,,,,0.7792410245165229,0,1,51,0.0,0.0,0.6742843389511108,0.6742843389511108,0.9943157434463501,0.043847008783748184,0.8985507246376812,0.9130434782608695,0.8840579710144928,0.0,0.0,0.2855724932583101,1.357213753370845
GREATS,fashion_mnist,0,0.0,0.6,50,50,2000,3000,70,747,817,,0.32509999999999994,0.4127,,,,,0.8287982251495123,0,1,51,0.0,0.0,0.7030383348464966,0.7030383348464966,0.9924532175064087,0.04574381873227548,0.855072463768116,0.8985507246376812,0.8260869565217391,0.0,0.0,0.2821638080443371,1.3589180959778315
MaxLoss,fashion_mnist,0,0.0,0.7,50,50,1500,3500,70,689,759,0.5512864185729995,0.367,0.5047,,,,,0.4646523464471102,0,1,51,0.0,0.0,0.701958179473877,0.701958179473877,0.9923480153083801,0.04757629162159519,0.8985507246376812,0.8985507246376812,0.8695652173913043,0.0,0.0,0.2675484830511023,1.3662257584744488
Marginal,fashion_mnist,0,0.0,0.7,50,50,1500,3500,70,478,548,0.40876335033681244,0.34240000000000004,0.36,,,,,0.5340294353663921,0,1,51,0.0,0.0,0.6244467496871948,0.6244467496871948,0.9976271390914917,0.04030188594175422,0.855072463768116,0.8840579710144928,0.8260869565217391,0.0,0.0,0.290042039921468,1.354978980039266
EL2N,fashion_mnist,0,0.0,0.7,50,50,1500,3500,70,600,670,0.491622083238326,0.3298,0.4579,,,,,0.549102040939033,0,1,51,0.0,0.0,0.6722462177276611,0.6722462177276611,0.9912919998168945,0.05111991581709489,0.855072463768116,0.8695652173913043,0.8260869565217391,0.0,0.0,0.28724782267394927,1.3563760886630254
GraNdLast,fashion_mnist,0,0.0,0.7,50,50,1500,3500,70,683,753,0.5472844676696695,0.4154,0.5091,,,,,0.5655269706621766,0,1,51,0.0,0.0,0.6974706053733826,0.6974706053733826,0.9968925714492798,0.04369469721248184,0.8985507246376812,0.8840579710144928,0.8840579710144928,0.0,0.0,0.26185277831378195,1.369073610843109
RHO-PretrainRef,fashion_mnist,0,0.0,0.7,50,50,1500,3500,70,625,695,0.5084472291637212,0.3329,0.462,,,,,0.5904886340722442,0,1,51,0.0,0.0,0.7054368257522583,0.7054368257522583,0.9929113388061523,0.04933570087819859,0.8840579710144928,0.8840579710144928,0.855072463768116,0.0,0.0,0.2698637862271364,1.3650681068864317
PU-R,fashion_mnist,0,0.0,0.7,50,50,1500,3500,70,590,660,0.4848776091239415,0.40700000000000003,0.44,,,,,0.7282844986766577,0,1,51,0.0,0.0,0.6806302070617676,0.6806302070617676,0.9924516677856445,0.044151446741560234,0.8985507246376812,0.8840579710144928,0.8695652173913043,0.0,0.0,0.28259319766444074,1.3587034011677797
GREATS,fashion_mnist,0,0.0,0.7,50,50,1500,3500,70,633,703,,0.38649999999999995,0.4773,,,,,0.7590507222339511,0,1,51,0.0,0.0,0.6900561451911926,0.6900561451911926,0.9941284656524658,0.045756368101506996,0.8840579710144928,0.8840579710144928,0.855072463768116,0.0,0.0,0.27716388677494525,1.3614180566125273
MaxLoss,fashion_mnist,0,0.0,0.8,50,50,1000,4000,70,392,462,0.5163995292969048,0.3145,0.4427,,,,,0.44486976880580187,0,1,51,0.0,0.0,0.7220638394355774,0.7220638394355774,0.9920028448104858,0.04353783830352451,0.8840579710144928,0.9130434782608695,0.8840579710144928,0.0,0.0,0.2586968782456963,1.370651560877152
Marginal,fashion_mnist,0,0.0,0.8,50,50,1000,4000,70,322,392,0.44524232106050476,0.3378,0.3691,,,,,0.4992162734270096,0,1,51,0.0,0.0,0.667660653591156,0.667660653591156,0.993994951248169,0.03607110225636026,0.8695652173913043,0.927536231884058,0.855072463768116,0.0,0.0,0.2768506902161269,1.3615746548919365
EL2N,fashion_mnist,0,0.0,0.8,50,50,1000,4000,70,446,516,0.5705422965111211,0.368,0.5082,,,,,0.5090524954721332,0,1,51,0.0,0.0,0.6665706038475037,0.6665706038475037,0.9933146238327026,0.04397722171700519,0.855072463768116,0.8985507246376812,0.855072463768116,0.0,0.0,0.2803069357389331,1.3598465321305335
GraNdLast,fashion_mnist,0,0.0,0.8,50,50,1000,4000,70,415,485,0.5395395061932504,0.37260000000000004,0.4805,,,,,0.5192980421707034,0,1,51,0.0,0.0,0.6454927325248718,0.6454927325248718,0.9974914193153381,0.047222229017727615,0.855072463768116,0.9130434782608695,0.855072463768116,0.0,0.0,0.28481643867334683,1.3575917806633266
RHO-PretrainRef,fashion_mnist,0,0.0,0.8,50,50,1000,4000,70,405,475,0.5294930860982276,0.3135,0.4639,,,,,0.5356253450736403,0,1,51,0.0,0.0,0.700126588344574,0.700126588344574,0.9924992322921753,0.044377146423726845,0.8695652173913043,0.8985507246376812,0.855072463768116,0.0,0.0,0.26855701413098104,1.3657214929345094
PU-R,fashion_mnist,0,0.0,0.8,50,50,1000,4000,70,327,397,0.4503621787298471,0.33430000000000004,0.3743,,,,,0.6637157713994384,0,1,51,0.0,0.0,0.685156524181366,0.685156524181366,0.9944673776626587,0.040551398111426315,0.8985507246376812,0.9130434782608695,0.8840579710144928,0.0,0.0,0.273137394552187,1.3634313027239064
GREATS,fashion_mnist,0,0.0,0.8,50,50,1000,4000,70,344,414,,0.31910000000000005,0.3958,,,,,0.657967135310173,0,1,51,0.0,0.0,0.6999209523200989,0.6999209523200989,0.9905414581298828,0.046083132857861725,0.8405797101449275,0.9130434782608695,0.8405797101449275,0.0,0.0,0.27724876579218455,1.3613756171039078
MaxLoss,fashion_mnist,1,0.0,0.0,50,50,5000,0,70,2994,3064,0.6382794032106176,0.3921,0.6189,,,,,0.5768455462530255,0,1,51,0.0,0.0,0.7344260811805725,0.7344260811805725,0.9919134378433228,0.05026350850644319,0.7971014492753623,0.8840579710144928,0.7971014492753623,0.0,0.0,0.26348792698473134,1.3682560365076344
Marginal,fashion_mnist,1,0.0,0.0,50,50,5000,0,70,1769,1839,0.39257542457198724,0.34750000000000003,0.3725,,,,,0.8448345987126231,0,1,51,0.0,0.0,0.6686035990715027,0.6686035990715027,0.9980700612068176,0.042678712286810944,0.8985507246376812,0.9130434782608695,0.8840579710144928,0.0,0.0,0.26847870096168686,1.3657606495191565
EL2N,fashion_mnist,1,0.0,0.0,50,50,5000,0,70,3035,3105,0.6463903212570585,0.49350000000000005,0.6236,,,,,0.9222005978226662,0,1,51,0.0,0.0,0.6677640080451965,0.6677640080451965,0.991591215133667,0.05333671189736629,0.7971014492753623,0.8695652173913043,0.7971014492753623,0.0,0.0,0.29055541066507484,1.3547222946674626
GraNdLast,fashion_mnist,1,0.0,0.0,50,50,5000,0,70,2777,2847,0.5952238088939339,0.4262,0.5644,,,,,1.0115285636857152,0,1,51,0.0,0.0,0.6957254409790039,0.6957254409790039,0.9938580989837646,0.0503322363331698,0.8260869565217391,0.8840579710144928,0.8260869565217391,0.0,0.0,0.2737886200434622,1.3631056899782688
RHO-PretrainRef,fashion_mnist,1,0.0,0.0,50,50,5000,0,70,3041,3111,0.6475766278454103,0.42169999999999996,0.6251,,,,,1.0790912061929703,0,1,51,0.0,0.0,0.7553761601448059,0.7553761601448059,0.9906656742095947,0.046165982450264084,0.8405797101449275,0.8985507246376812,0.8405797101449275,0.0,0.0,0.2435329401797133,1.3782335299101434
PU-R,fashion_mnist,1,0.0,0.0,50,50,5000,0,70,1811,1881,0.4011066893581301,0.32489999999999997,0.3818,,,,,1.3310412215068936,0,1,51,0.0,0.0,0.7020948529243469,0.7020948529243469,0.9954063892364502,0.047496900610301804,0.8840579710144928,0.927536231884058,0.8840579710144928,0.0,0.0,0.27846493479853307,1.3607675326007334
GREATS,fashion_mnist,1,0.0,0.0,50,50,5000,0,70,2629,2699,,0.39770000000000005,0.5436,,,,,1.641778226941824,0,1,51,0.0,0.0,0.7307296991348267,0.7307296991348267,0.9934770464897156,0.051755445374958756,0.8115942028985508,0.8840579710144928,0.8115942028985508,0.0,0.0,0.26650611260104484,1.3667469436994777
MaxLoss,fashion_mnist,1,0.0,0.1,50,50,4500,500,70,2410,2480,0.5783115511294454,0.38859999999999995,0.5534,,,,,0.5743596376851201,0,1,51,0.0,0.0,0.7220130562782288,0.7220130562782288,0.9939074516296387,0.0480108345332353,0.7971014492753623,0.9130434782608695,0.7971014492753623,0.0,0.0,0.2688694811511388,1.3655652594244305
Marginal,fashion_mnist,1,0.0,0.1,50,50,4500,500,70,1685,1755,0.41637061146320775,0.361,0.3836,,,,,0.7716908175498247,0,1,51,0.0,0.0,0.6657251715660095,0.6657251715660095,0.9986011385917664,0.03769862403472265,0.8695652173913043,0.927536231884058,0.8695652173913043,0.0,0.0,0.2633963418236506,1.3683018290881748
EL2N,fashion_mnist,1,0.0,0.1,50,50,4500,500,70,2303,2373,0.5545925074256957,0.371,0.5291,,,,,0.8436227068305016,0,1,51,0.0,0.0,0.6669285893440247,0.6669285893440247,0.9965475797653198,0.04589860422023828,0.7971014492753623,0.8840579710144928,0.7971014492753623,0.0,0.0,0.288035584131468,1.355982207934266
GraNdLast,fashion_mnist,1,0.0,0.1,50,50,4500,500,70,2219,2289,0.5359278526739217,0.40380000000000005,0.5098,,,,,0.8889245195314288,0,1,51,0.0,0.0,0.6523020267486572,0.6523020267486572,0.9981372356414795,0.050265524482381516,0.8260869565217391,0.8985507246376812,0.8260869565217391,0.0,0.0,0.2908591793396642,1.354570410330168
RHO-PretrainRef,fashion_mnist,1,0.0,0.1,50,50,4500,500,70,2237,2307,0.5399306681356393,0.37429999999999997,0.517,,,,,0.9475246760994196,0,1,51,0.0,0.0,0.7072412967681885,0.7072412967681885,0.9932609796524048,0.049533709451772164,0.8695652173913043,0.9130434782608695,0.8695652173913043,0.0,0.0,0.2704115294653278,1.3647942352673361
PU-R,fashion_mnist,1,0.0,0.1,50,50,4500,500,70,1775,1845,0.4366316166706383,0.3649,0.4129,,,,,1.1634891228750348,0,1,51,0.0,0.0,0.7010536789894104,0.7010536789894104,0.9964885115623474,0.04739116650560628,0.855072463768116,0.927536231884058,0.8405797101449275,0.0,0.0,0.2743083321615802,1.3628458339192098
GREATS,fashion_mnist,1,0.0,0.1,50,50,4500,500,70,2248,2318,,0.3689,0.5184,,,,,1.353543438948691,0,1,51,0.0,0.0,0.7307600975036621,0.7307600975036621,0.9932637214660645,0.049065013942511185,0.8260869565217391,0.8840579710144928,0.8260869565217391,0.0,0.0,0.2655082720684614,1.3672458639657692
MaxLoss,fashion_mnist,1,0.0,0.2,50,50,4000,1000,70,2419,2489,0.6503703462076373,0.4185,0.6192,,,,,0.5446510836482048,0,1,51,0.0,0.0,0.7370116710662842,0.7370116710662842,0.9941647052764893,0.04865464049836864,0.855072463768116,0.8840579710144928,0.8260869565217391,0.0,0.0,0.26005151930165676,1.3699742403491717
Marginal,fashion_mnist,1,0.0,0.2,50,50,4000,1000,70,1514,1584,0.42394816514570266,0.34619999999999995,0.3855,,,,,0.7195155574008822,0,1,51,0.0,0.0,0.6912372708320618,0.6912372708320618,0.9960916042327881,0.0438970777651538,0.855072463768116,0.8840579710144928,0.855072463768116,0.0,0.0,0.2654605434045526,1.3672697282977238
EL2N,fashion_mnist,1,0.0,0.2,50,50,4000,1000,70,2055,2125,0.5600303984829225,0.3749,0.5361,,,,,0.7832496855407953,0,1,51,0.0,0.0,0.6739376187324524,0.6739376187324524,0.9957720041275024,0.04906891480736111,0.8405797101449275,0.8840579710144928,0.8405797101449275,0.0,0.0,0.2739171310844395,1.3630414344577804
GraNdLast,fashion_mnist,1,0.0,0.2,50,50,4000,1000,70,2304,2374,0.6219391018967144,0.43510000000000004,0.5839,,,,,0.8586958153173327,0,1,51,0.0,0.0,0.6340818405151367,0.6340818405151367,0.9973323345184326,0.04534554632677548,0.8840579710144928,0.8840579710144928,0.8840579710144928,0.0,0.0,0.28104579004701447,1.3594771049764929
RHO-PretrainRef,fashion_mnist,1,0.0,0.2,50,50,4000,1000,70,2202,2272,0.596635457186494,0.3943,0.5682,,,,,0.9104275433346629,0,1,51,0.0,0.0,0.7165830731391907,0.7165830731391907,0.995297908782959,0.051593341905137764,0.7971014492753623,0.8695652173913043,0.7971014492753623,0.0,0.0,0.274500874249612,1.362749562875194
PU-R,fashion_mnist,1,0.0,0.2,50,50,4000,1000,70,1759,1829,0.48584110371302813,0.41359999999999997,0.4663,,,,,1.097359323874116,0,1,51,0.0,0.0,0.6944777965545654,0.6944777965545654,0.9961569309234619,0.04587598058624544,0.8405797101449275,0.9130434782608695,0.8405797101449275,0.0,0.0,0.2775073872473564,1.3612463063763218
GREATS,fashion_mnist,1,0.0,0.2,50,50,4000,1000,70,1908,1978,,0.37629999999999997,0.5028,,,,,1.3110151290893555,0,1,51,0.0,0.0,0.725754976272583,0.725754976272583,0.9965925812721252,0.046229083468948586,0.7971014492753623,0.8840579710144928,0.782608695652174,0.0,0.0,0.2648425399815125,1.3675787300092437
MaxLoss,fashion_mnist,1,0.0,0.3,50,50,3500,1500,70,1895,1965,0.5919239013455808,0.40900000000000003,0.5664,,,,,0.5288763586431742,0,1,51,0.0,0.0,0.7534275650978088,0.7534275650978088,0.9898520708084106,0.04968098885771157,0.8115942028985508,0.8985507246376812,0.8115942028985508,0.0,0.0,0.2534236325112042,1.373288183744398
Marginal,fashion_mnist,1,0.0,0.3,50,50,3500,1500,70,1210,1280,0.39494496857514605,0.3237,0.3582,,,,,0.6877719890326262,0,1,51,0.0,0.0,0.6818059086799622,0.6818059086799622,0.9973320364952087,0.04211992759635483,0.8695652173913043,0.8985507246376812,0.8695652173913043,0.0,0.0,0.27129634762388155,1.3643518261880592
EL2N,fashion_mnist,1,0.0,0.3,50,50,3500,1500,70,1782,1852,0.5597599936299957,0.3891,0.5389,,,,,0.7324057761579752,0,1,51,0.0,0.0,0.699080228805542,0.699080228805542,0.9943554401397705,0.05033379534016485,0.8695652173913043,0.8840579710144928,0.855072463768116,0.0,0.0,0.2740815017565016,1.3629592491217493
GraNdLast,fashion_mnist,1,0.0,0.3,50,50,3500,1500,70,1831,1901,0.5737233437830582,0.39390000000000003,0.5379,,,,,0.7818000819534063,0,1,51,0.0,0.0,0.6447737812995911,0.6447737812995911,0.9968217611312866,0.046186086492262024,0.855072463768116,0.8840579710144928,0.8405797101449275,0.0,0.0,0.2821743021773776,1.3589128489113111
RHO-PretrainRef,fashion_mnist,1,0.0,0.3,50,50,3500,1500,70,1767,1837,0.5554805867723189,0.3516,0.526,,,,,0.8338687969371676,0,1,51,0.0,0.0,0.7331146001815796,0.7331146001815796,0.9905350208282471,0.047387027222177254,0.8260869565217391,0.8985507246376812,0.8115942028985508,0.0,0.0,0.26243893456837025,1.368780532715815
PU-R,fashion_mnist,1,0.0,0.3,50,50,3500,1500,70,1285,1355,0.41674961760872975,0.3339,0.385,,,,,0.9983982276171446,0,1,51,0.0,0.0,0.7060873508453369,0.7060873508453369,0.986766517162323,0.04342015260371609,0.8695652173913043,0.8985507246376812,0.855072463768116,0.0,0.0,0.26789072086044713,1.3660546395697764
GREATS,fashion_mnist,1,0.0,0.3,50,50,3500,1500,70,1869,1939,,0.3789,0.5499,,,,,1.186180050484836,0,1,51,0.0,0.0,0.7326684594154358,0.7326684594154358,0.9942723512649536,0.04604680555454199,0.8405797101449275,0.9130434782608695,0.8405797101449275,0.0,0.0,0.26534906428538174,1.367325467857309
MaxLoss,fashion_mnist,1,0.0,0.4,50,50,3000,2000,70,1697,1767,0.6215106628951617,0.4586,0.5966,,,,,0.5061433780938387,0,1,51,0.0,0.0,0.712066113948822,0.712066113948822,0.9958312511444092,0.04927055019399394,0.7681159420289855,0.9130434782608695,0.7681159420289855,0.0,0.0,0.26995335112731095,1.3650233244363446
Marginal,fashion_mnist,1,0.0,0.4,50,50,3000,2000,70,969,1039,0.37732823635451496,0.31279999999999997,0.3454,,,,,0.6382001331076026,0,1,51,0.0,0.0,0.674332857131958,0.674332857131958,0.9984025955200195,0.04217942490957785,0.8840579710144928,0.9130434782608695,0.8695652173913043,0.0,0.0,0.2701059650032662,1.3649470174983669
EL2N,fashion_mnist,1,0.0,0.4,50,50,3000,2000,70,1816,1886,0.6606563614332117,0.5079,0.6358,,,,,0.6705598821863532,0,1,51,0.0,0.0,0.6432809829711914,0.6432809829711914,0.997355580329895,0.05260325341984846,0.8260869565217391,0.8840579710144928,0.8115942028985508,0.0,0.0,0.2991125624434033,1.3504437187782985
GraNdLast,fashion_mnist,1,0.0,0.4,50,50,3000,2000,70,1558,1628,0.5755036990740336,0.43010000000000004,0.5436,,,,,0.7090167524293065,0,1,51,0.0,0.0,0.659553050994873,0.659553050994873,0.9936573505401611,0.049047406060972076,0.8695652173913043,0.8985507246376812,0.855072463768116,0.0,0.0,0.27828134358868284,1.3608593282056587
RHO-PretrainRef,fashion_mnist,1,0.0,0.4,50,50,3000,2000,70,1486,1556,0.5515575904282741,0.39170000000000005,0.5216,,,,,0.7319290144369006,0,1,51,0.0,0.0,0.7119040489196777,0.7119040489196777,0.9947545528411865,0.0496779578751412,0.8260869565217391,0.8985507246376812,0.7971014492753623,0.0,0.0,0.2739489782528913,1.3630255108735545
PU-R,fashion_mnist,1,0.0,0.4,50,50,3000,2000,70,1086,1156,0.41711732983822003,0.33520000000000005,0.373,,,,,0.9285230962559581,0,1,51,0.0,0.0,0.6933460235595703,0.6933460235595703,0.9970771074295044,0.04800337790579036,0.855072463768116,0.927536231884058,0.855072463768116,0.0,0.0,0.28163121676294217,1.3591843916185289
GREATS,fashion_mnist,1,0.0,0.4,50,50,3000,2000,70,1433,1503,,0.362,0.5034,,,,,1.0317617943510413,0,1,51,0.0,0.0,0.7041476368904114,0.7041476368904114,0.9964220523834229,0.05212540525025216,0.782608695652174,0.9130434782608695,0.782608695652174,0.0,0.0,0.2776381710818531,1.3611809144590734
MaxLoss,fashion_mnist,1,0.0,0.5,50,50,2500,2500,70,1232,1302,0.5565778554882854,0.3689,0.5324,,,,,0.49531698133796453,0,1,51,0.0,0.0,0.6906808018684387,0.6906808018684387,0.9893721342086792,0.05747919194940208,0.7971014492753623,0.8695652173913043,0.782608695652174,0.0,0.0,0.29389481776547294,1.3530525911172635
Marginal,fashion_mnist,1,0.0,0.5,50,50,2500,2500,70,816,886,0.3883530796156265,0.32210000000000005,0.3485,,,,,0.6084417905658484,0,1,51,0.0,0.0,0.6497728228569031,0.6497728228569031,0.99357008934021,0.04218864505705626,0.8695652173913043,0.8985507246376812,0.8405797101449275,0.0,0.0,0.28834645177840834,1.3558267741107959
EL2N,fashion_mnist,1,0.0,0.5,50,50,2500,2500,70,1355,1425,0.6055386565858498,0.41169999999999995,0.5653,,,,,0.6447046743705869,0,1,51,0.0,0.0,0.6977478265762329,0.6977478265762329,0.993888258934021,0.0468893573767897,0.8985507246376812,0.8840579710144928,0.8695652173913043,0.0,0.0,0.2707924608828621,1.364603769558569
GraNdLast,fashion_mnist,1,0.0,0.5,50,50,2500,2500,70,1392,1462,0.6201958646415733,0.46199999999999997,0.5868,,,,,0.6654314287006855,0,1,51,0.0,0.0,0.6678494215011597,0.6678494215011597,0.9950364828109741,0.04827211775641511,0.8695652173913043,0.8695652173913043,0.855072463768116,0.0,0.0,0.27800369800997765,1.360998150995011
RHO-PretrainRef,fashion_mnist,1,0.0,0.5,50,50,2500,2500,70,1266,1336,0.5701474645757116,0.3899,0.5505,,,,,0.6945289866998792,0,1,51,0.0,0.0,0.708642303943634,0.708642303943634,0.9914803504943848,0.04795425806356513,0.855072463768116,0.8840579710144928,0.8405797101449275,0.0,0.0,0.2725736575818216,1.3637131712090893
PU-R,fashion_mnist,1,0.0,0.5,50,50,2500,2500,70,853,923,0.4034848354640417,0.33430000000000004,0.3833,,,,,0.8555033197626472,0,1,51,0.0,0.0,0.6920057535171509,0.6920057535171509,0.9921635985374451,0.044896898494250534,0.8405797101449275,0.8840579710144928,0.8115942028985508,0.0,0.0,0.2846154227131807,1.3576922886434097
GREATS,fashion_mnist,1,0.0,0.5,50,50,2500,2500,70,1161,1231,,0.406,0.5073,,,,,0.9346870873123407,0,1,51,0.0,0.0,0.6831275820732117,0.6831275820732117,0.9875069260597229,0.05393647845240607,0.7536231884057971,0.8840579710144928,0.7391304347826086,0.0,0.0,0.29351526124772204,1.3532423693761388
MaxLoss,fashion_mnist,1,0.0,0.6,50,50,2000,3000,70,945,1015,0.547163775889203,0.3712,0.4936,,,,,0.4733519470319152,0,1,51,0.0,0.0,0.7164214849472046,0.7164214849472046,0.9947555065155029,0.050133284019387284,0.8405797101449275,0.8985507246376812,0.8260869565217391,0.0,0.0,0.27213674810167826,1.363931625949161
Marginal,fashion_mnist,1,0.0,0.6,50,50,2000,3000,70,647,717,0.39629547228105366,0.3076,0.3293,,,,,0.5643274607136846,0,1,51,0.0,0.0,0.6727214455604553,0.6727214455604553,0.9974799156188965,0.041477090206699097,0.8405797101449275,0.8985507246376812,0.8405797101449275,0.0,0.0,0.2750913796769845,1.3624543101615076
EL2N,fashion_mnist,1,0.0,0.6,50,50,2000,3000,70,1021,1091,0.5850622925790958,0.4083,0.5492,,,,,0.5937935635447502,0,1,51,0.0,0.0,0.6552173495292664,0.6552173495292664,0.997464120388031,0.04240935997686524,0.855072463768116,0.9130434782608695,0.855072463768116,0.0,0.0,0.2731802970372643,1.363409851481368
GraNdLast,fashion_mnist,1,0.0,0.6,50,50,2000,3000,70,1007,1077,0.5780986355384812,0.4014,0.5363,,,,,0.6127162110060453,0,1,51,0.0,0.0,0.6609204411506653,0.6609204411506653,0.9975532293319702,0.04532984201458917,0.8695652173913043,0.9130434782608695,0.855072463768116,0.0,0.0,0.2833275344446624,1.3583362327776687
RHO-PretrainRef,fashion_mnist,1,0.0,0.6,50,50,2000,3000,70,1050,1120,0.5994613829534501,0.41400000000000003,0.5548,,,,,0.6434355452656746,0,1,51,0.0,0.0,0.6903509497642517,0.6903509497642517,0.9963856339454651,0.051608777996422585,0.8695652173913043,0.8695652173913043,0.855072463768116,0.0,0.0,0.2853483284752605,1.3573258357623699
PU-R,fashion_mnist,1,0.0,0.6,50,50,2000,3000,70,720,790,0.4335945943603292,0.3368,0.3801,,,,,0.7905692206695676,0,1,51,0.0,0.0,0.6731905937194824,0.6731905937194824,0.9971580505371094,0.04422461079514545,0.8405797101449275,0.9130434782608695,0.8405797101449275,0.0,0.0,0.2890875227616506,1.3554562386191746
GREATS,fashion_mnist,1,0.0,0.6,50,50,2000,3000,70,895,965,,0.32830000000000004,0.4683,,,,,0.8433642042800784,0,1,51,0.0,0.0,0.7161787152290344,0.7161787152290344,0.9956120252609253,0.04719830984654634,0.8260869565217391,0.9130434782608695,0.8260869565217391,0.0,0.0,0.27738134541415344,1.3613093272929233
MaxLoss,fashion_mnist,1,0.0,0.7,50,50,1500,3500,70,662,732,0.5332544589764439,0.36339999999999995,0.5119,,,,,0.4623025441542268,0,1,51,0.0,0.0,0.6963738799095154,0.6963738799095154,0.988897442817688,0.05045777343321538,0.7971014492753623,0.8985507246376812,0.7971014492753623,0.0,0.0,0.2824732166139563,1.3587633916930217
Marginal,fashion_mnist,1,0.0,0.7,50,50,1500,3500,70,486,556,0.4142360789119266,0.33530000000000004,0.3617,,,,,0.5372052481397986,0,1,51,0.0,0.0,0.662386953830719,0.662386953830719,0.9959519505500793,0.04149951364683068,0.8695652173913043,0.9130434782608695,0.8695652173913043,0.0,0.0,0.28143802931378753,1.3592809853431063
EL2N,fashion_mnist,1,0.0,0.7,50,50,1500,3500,70,659,729,0.5312472304212861,0.34519999999999995,0.4816,,,,,0.5517937187105417,0,1,51,0.0,0.0,0.7097325921058655,0.7097325921058655,0.9930860996246338,0.04340188788331073,0.8985507246376812,0.8985507246376812,0.8840579710144928,0.0,0.0,0.26177185564081723,1.3691140721795914
GraNdLast,fashion_mnist,1,0.0,0.7,50,50,1500,3500,70,719,789,0.571251894289162,0.39890000000000003,0.5081,,,,,0.5681452602148056,0,1,51,0.0,0.0,0.6505309343338013,0.6505309343338013,0.995356559753418,0.047225357181784035,0.8985507246376812,0.8840579710144928,0.855072463768116,0.0,0.0,0.28493184607761307,1.3575340769611934
RHO-PretrainRef,fashion_mnist,1,0.0,0.7,50,50,1500,3500,70,676,746,0.542611803044565,0.37470000000000003,0.5235,,,,,0.5896791508421302,0,1,51,0.0,0.0,0.7000172734260559,0.7000172734260559,0.9910706877708435,0.04550600138263426,0.855072463768116,0.8985507246376812,0.8405797101449275,0.0,0.0,0.2675326015556453,1.3662336992221773
PU-R,fashion_mnist,1,0.0,0.7,50,50,1500,3500,70,540,610,0.4510303080896847,0.36029999999999995,0.3966,,,,,0.7268658503890038,0,1,51,0.0,0.0,0.6820902824401855,0.6820902824401855,0.9912976622581482,0.04088800670444102,0.8840579710144928,0.9130434782608695,0.8695652173913043,0.0,0.0,0.2762292355140388,1.3618853822429806
GREATS,fashion_mnist,1,0.0,0.7,50,50,1500,3500,70,585,655,,0.3278,0.4445,,,,,0.7624534629285336,0,1,51,0.0,0.0,0.7115333676338196,0.7115333676338196,0.9881042242050171,0.042274280518725296,0.8405797101449275,0.8985507246376812,0.8260869565217391,0.0,0.0,0.2686488237654958,1.3656755881172522
MaxLoss,fashion_mnist,1,0.0,0.8,50,50,1000,4000,70,474,544,0.5983604637440294,0.3499,0.5153,,,,,0.44159698486328125,0,1,51,0.0,0.0,0.7115513682365417,0.7115513682365417,0.9936835765838623,0.05533506040987761,0.8260869565217391,0.8695652173913043,0.8115942028985508,0.0,0.0,0.27739122224525037,1.3613043888773748
Marginal,fashion_mnist,1,0.0,0.8,50,50,1000,4000,70,273,343,0.39475124527234584,0.2975,0.329,,,,,0.49613285902887583,0,1,51,0.0,0.0,0.6682309508323669,0.6682309508323669,0.9945964813232422,0.04356206284053084,0.8985507246376812,0.8840579710144928,0.8840579710144928,0.0,0.0,0.2759516460536921,1.3620241769731538
EL2N,fashion_mnist,1,0.0,0.8,50,50,1000,4000,70,427,497,0.551565914938692,0.3708,0.4852,,,,,0.5033573741093278,0,1,51,0.0,0.0,0.7016080617904663,0.7016080617904663,0.9941507577896118,0.04977241201677184,0.8260869565217391,0.8840579710144928,0.8115942028985508,0.0,0.0,0.27349402672048845,1.3632529866397558
GraNdLast,fashion_mnist,1,0.0,0.8,50,50,1000,4000,70,409,479,0.533514317823574,0.3689,0.4547,,,,,0.5191924218088388,0,1,51,0.0,0.0,0.6627480983734131,0.6627480983734131,0.9949252605438232,0.04592587377714074,0.8115942028985508,0.8695652173913043,0.7971014492753623,0.0,0.0,0.2765636448123721,1.361718177593814
RHO-PretrainRef,fashion_mnist,1,0.0,0.8,50,50,1000,4000,70,392,462,0.5163995292969048,0.3437,0.4515,,,,,0.5347657855600119,0,1,51,0.0,0.0,0.704382061958313,0.704382061958313,0.9922965168952942,0.05296398483324742,0.7971014492753623,0.8840579710144928,0.7971014492753623,0.0,0.0,0.2799483955464425,1.3600258022267786
PU-R,fashion_mnist,1,0.0,0.8,50,50,1000,4000,70,329,399,0.4524084883159958,0.32420000000000004,0.3891,,,,,0.6573169166222215,0,1,51,0.0,0.0,0.7076835632324219,0.7076835632324219,0.9886280298233032,0.047627631088961724,0.8840579710144928,0.8985507246376812,0.8695652173913043,0.0,0.0,0.27156801659740587,1.364215991701297
GREATS,fashion_mnist,1,0.0,0.8,50,50,1000,4000,70,397,467,,0.3496,0.4602,,,,,0.6705851908773184,0,1,51,0.0,0.0,0.6886265873908997,0.6886265873908997,0.9950696229934692,0.05194453106842179,0.8115942028985508,0.8695652173913043,0.7971014492753623,0.0,0.0,0.29153924966721123,1.3542303751663944
MaxLoss,fashion_mnist,2,0.0,0.0,50,50,5000,0,70,2893,2963,0.6182659473270178,0.4204,0.5943,,,,,0.5728742564097047,0,1,51,0.0,0.0,0.7333983778953552,0.7333983778953552,0.9950628876686096,0.0491667363954627,0.8840579710144928,0.8985507246376812,0.8695652173913043,0.0,0.0,0.2634839145220982,1.368258042738951
Marginal,fashion_mnist,2,0.0,0.0,50,50,5000,0,70,1593,1663,0.3567359937587753,0.3105,0.3401,,,,,0.8177843242883682,0,1,51,0.0,0.0,0.685611367225647,0.685611367225647,0.995904803276062,0.04115441916645437,0.855072463768116,0.9130434782608695,0.855072463768116,0.0,0.0,0.2751969102501538,1.3624015448749232
EL2N,fashion_mnist,2,0.0,0.0,50,50,5000,0,70,3167,3237,0.6724495179369114,0.5267,0.6549,,,,,0.9240222135558724,0,1,51,0.0,0.0,0.6955959796905518,0.6955959796905518,0.9921088814735413,0.04902806705322819,0.8695652173913043,0.9130434782608695,0.8695652173913043,0.0,0.0,0.2715108881084474,1.3642445559457763
GraNdLast,fashion_mnist,2,0.0,0.0,50,50,5000,0,70,2912,2982,0.622034385916777,0.45009999999999994,0.5989,,,,,0.9938222300261259,0,1,51,0.0,0.0,0.6865329146385193,0.6865329146385193,0.9953594207763672,0.050073845662932465,0.8695652173913043,0.8985507246376812,0.8695652173913043,0.0,0.0,0.27445586732609073,1.3627720663369547
RHO-PretrainRef,fashion_mnist,2,0.0,0.0,50,50,5000,0,70,3137,3207,0.6665343372151256,0.42290000000000005,0.6447,,,,,1.1004232754930854,0,1,51,0.0,0.0,0.7375451922416687,0.7375451922416687,0.9932000637054443,0.04824662294940672,0.8695652173913043,0.9130434782608695,0.8695652173913043,0.0,0.0,0.26511855812782104,1.3674407209360895
PU-R,fashion_mnist,2,0.0,0.0,50,50,5000,0,70,1737,1807,0.3860699861543253,0.3127,0.3615,,,,,1.2783309547230601,0,1,51,0.0,0.0,0.6901578903198242,0.6901578903198242,0.9948580265045166,0.04369589168092479,0.8405797101449275,0.9130434782608695,0.8405797101449275,0.0,0.0,0.2834059037323151,1.3582970481338426
GREATS,fashion_mnist,2,0.0,0.0,50,50,5000,0,70,2922,2992,,0.3873,0.5999,,,,,1.6127957180142403,0,1,51,0.0,0.0,0.7265657186508179,0.7265657186508179,0.9982990622520447,0.04669163365294968,0.8695652173913043,0.9130434782608695,0.8695652173913043,0.0,0.0,0.2652002664578048,1.3673998667710976
MaxLoss,fashion_mnist,2,0.0,0.1,50,50,4500,500,70,2832,2902,0.6712194542051293,0.42500000000000004,0.6447,,,,,0.5719052813947201,0,1,51,0.0,0.0,0.7150489687919617,0.7150489687919617,0.9914014339447021,0.05229434198227482,0.8840579710144928,0.9130434782608695,0.8840579710144928,0.0,0.0,0.27160429711617956,1.3641978514419102
Marginal,fashion_mnist,2,0.0,0.1,50,50,4500,500,70,1393,1463,0.35030576423741877,0.29769999999999996,0.3273,,,,,0.7647814610973,0,1,51,0.0,0.0,0.6561249494552612,0.6561249494552612,0.9977039098739624,0.04083435993263687,0.855072463768116,0.9130434782608695,0.855072463768116,0.0,0.0,0.28254591794739997,1.3587270410263002
EL2N,fashion_mnist,2,0.0,0.1,50,50,4500,500,70,2417,2487,0.5798610526253469,0.4083,0.5608,,,,,0.8493443606421351,0,1,51,0.0,0.0,0.6952025890350342,0.6952025890350342,0.9951723217964172,0.05272483393765878,0.855072463768116,0.8985507246376812,0.855072463768116,0.0,0.0,0.2787349482804815,1.3606325258597591
GraNdLast,fashion_mnist,2,0.0,0.1,50,50,4500,500,70,2246,2316,0.5419314127066173,0.3909,0.5251,,,,,0.9244862180203199,0,1,51,0.0,0.0,0.6945996284484863,0.6945996284484863,0.9979326128959656,0.04849528532097305,0.855072463768116,0.9130434782608695,0.855072463768116,0.0,0.0,0.26570575257204165,1.3671471237139792
RHO-PretrainRef,fashion_mnist,2,0.0,0.1,50,50,4500,500,70,2620,2690,0.6246760751237161,0.41269999999999996,0.6067,,,,,0.9918983764946461,0,1,51,0.0,0.0,0.7076942920684814,0.7076942920684814,0.994853138923645,0.05139239758685015,0.8115942028985508,0.8840579710144928,0.8115942028985508,0.0,0.0,0.27439582068249,1.362802089658755
PU-R,fashion_mnist,2,0.0,0.1,50,50,4500,500,70,1533,1603,0.3820452042273246,0.3154,0.3624,,,,,1.1415985291823745,0,1,51,0.0,0.0,0.6818034648895264,0.6818034648895264,0.9963580369949341,0.04410783622575843,0.8985507246376812,0.9130434782608695,0.8840579710144928,0.0,0.0,0.27875270974094846,1.3606236451295257
GREATS,fashion_mnist,2,0.0,0.1,50,50,4500,500,70,2415,2485,,0.4212,0.552,,,,,1.3872064100578427,0,1,51,0.0,0.0,0.7179149389266968,0.7179149389266968,0.993322491645813,0.04536158278368521,0.855072463768116,0.9130434782608695,0.855072463768116,0.0,0.0,0.26865348158925173,1.3656732592053742
MaxLoss,fashion_mnist,2,0.0,0.2,50,50,4000,1000,70,2058,2128,0.5607790420763195,0.38160000000000005,0.5391,,,,,0.5409710137173533,0,1,51,0.0,0.0,0.7119017243385315,0.7119017243385315,0.9940710067749023,0.05445599555969238,0.8260869565217391,0.8840579710144928,0.8260869565217391,0.0,0.0,0.28136563663131564,1.3593171816843421
Marginal,fashion_mnist,2,0.0,0.2,50,50,4000,1000,70,1235,1305,0.35290127783082426,0.2953,0.3271,,,,,0.7018207143992186,0,1,51,0.0,0.0,0.6442127823829651,0.6442127823829651,0.9969227313995361,0.042949022158332496,0.9130434782608695,0.9130434782608695,0.9130434782608695,0.0,0.0,0.2888170042144756,1.3555914978927621
EL2N,fashion_mnist,2,0.0,0.2,50,50,4000,1000,70,2019,2089,0.5510415189201012,0.3852,0.5243,,,,,0.7643830627202988,0,1,51,0.0,0.0,0.6721301674842834,0.6721301674842834,0.9957938194274902,0.04875950407290804,0.8695652173913043,0.9130434782608695,0.8695652173913043,0.0,0.0,0.2850199238412872,1.3574900380793564
GraNdLast,fashion_mnist,2,0.0,0.2,50,50,4000,1000,70,2140,2210,0.5812162205693312,0.4143,0.5437,,,,,0.8342759618535638,0,1,51,0.0,0.0,0.6695421934127808,0.6695421934127808,0.9961843490600586,0.04860968347908794,0.8695652173913043,0.8840579710144928,0.8695652173913043,0.0,0.0,0.27946437470433394,1.360267812647833
RHO-PretrainRef,fashion_mnist,2,0.0,0.2,50,50,4000,1000,70,2526,2596,0.6767271897988394,0.45120000000000005,0.6554,,,,,0.8850859049707651,0,1,51,0.0,0.0,0.7185817360877991,0.7185817360877991,0.9912976026535034,0.04963669396828914,0.8840579710144928,0.8985507246376812,0.8840579710144928,0.0,0.0,0.27299465750732865,1.3635026712463356
PU-R,fashion_mnist,2,0.0,0.2,50,50,4000,1000,70,1397,1467,0.39423040277324617,0.3349,0.3747,,,,,1.0338879274204373,0,1,51,0.0,0.0,0.680318295955658,0.680318295955658,0.9962332844734192,0.04043332087820855,0.8985507246376812,0.9130434782608695,0.8840579710144928,0.0,0.0,0.28384160666775055,1.3580791966661248
GREATS,fashion_mnist,2,0.0,0.2,50,50,4000,1000,70,1866,1936,,0.34809999999999997,0.4824,,,,,1.2116094091907144,0,1,51,0.0,0.0,0.709311842918396,0.709311842918396,0.9967473745346069,0.04456009812977003,0.8695652173913043,0.9130434782608695,0.8695652173913043,0.0,0.0,0.2735436914677657,1.363228154266117
MaxLoss,fashion_mnist,2,0.0,0.3,50,50,3500,1500,70,1890,1960,0.590503515326418,0.4122,0.565,,,,,0.5248593119904399,0,1,51,0.0,0.0,0.706500232219696,0.706500232219696,0.9935979247093201,0.04931093342062356,0.855072463768116,0.9130434782608695,0.8405797101449275,0.0,0.0,0.2812980701276752,1.3593509649361624
Marginal,fashion_mnist,2,0.0,0.3,50,50,3500,1500,70,1028,1098,0.3417679693666287,0.3002,0.3174,,,,,0.6701517384499311,0,1,51,0.0,0.0,0.6231837272644043,0.6231837272644043,0.9979318976402283,0.039994311937387436,0.8985507246376812,0.9420289855072463,0.8985507246376812,0.0,0.0,0.2839344825510769,1.3580327587244616
EL2N,fashion_mnist,2,0.0,0.3,50,50,3500,1500,70,1918,1988,0.598454307531938,0.43710000000000004,0.5796,,,,,0.7418503006920218,0,1,51,0.0,0.0,0.6657483577728271,0.6657483577728271,0.9955906867980957,0.050188013608904854,0.8405797101449275,0.927536231884058,0.8405797101449275,0.0,0.0,0.2913033000288755,1.3543483499855622
GraNdLast,fashion_mnist,2,0.0,0.3,50,50,3500,1500,70,1778,1848,0.5586190429748967,0.41190000000000004,0.5467,,,,,0.7870212756097317,0,1,51,0.0,0.0,0.6664867401123047,0.6664867401123047,0.9964876174926758,0.04612755948218746,0.8695652173913043,0.927536231884058,0.8695652173913043,0.0,0.0,0.2782617863407437,1.3608691068296281
RHO-PretrainRef,fashion_mnist,2,0.0,0.3,50,50,3500,1500,70,2159,2229,0.6665385916130617,0.4374,0.6418,,,,,0.8619966255500913,0,1,51,0.0,0.0,0.7310670018196106,0.7310670018196106,0.9930285215377808,0.04565603577572366,0.8840579710144928,0.927536231884058,0.8840579710144928,0.0,0.0,0.2585955284902357,1.3707022357548821
PU-R,fashion_mnist,2,0.0,0.3,50,50,3500,1500,70,1169,1239,0.3829988396028057,0.32420000000000004,0.3689,,,,,0.9962167171761394,0,1,51,0.0,0.0,0.6924481391906738,0.6924481391906738,0.9967027902603149,0.04339544151140296,0.8695652173913043,0.9130434782608695,0.855072463768116,0.0,0.0,0.2839899274892802,1.35800503625536
GREATS,fashion_mnist,2,0.0,0.3,50,50,3500,1500,70,1681,1751,,0.3591,0.5012,,,,,1.1793984761461616,0,1,51,0.0,0.0,0.7202208042144775,0.7202208042144775,0.992466151714325,0.04345064750616101,0.8405797101449275,0.927536231884058,0.8405797101449275,0.0,0.0,0.2663879834563911,1.3668060082718045
MaxLoss,fashion_mnist,2,0.0,0.4,50,50,3000,2000,70,1469,1539,0.5458923653932288,0.37770000000000004,0.529,,,,,0.5041028279811144,0,1,51,0.0,0.0,0.7047268748283386,0.7047268748283386,0.991590678691864,0.05077582813691402,0.855072463768116,0.8985507246376812,0.855072463768116,0.0,0.0,0.2737162554201696,1.3631418722899151
Marginal,fashion_mnist,2,0.0,0.4,50,50,3000,2000,70,1006,1076,0.3899352177977562,0.3325,0.3548,,,,,0.6341226361691952,0,1,51,0.0,0.0,0.645214855670929,0.645214855670929,0.9973137974739075,0.0448789920495904,0.8405797101449275,0.9130434782608695,0.8405797101449275,0.0,0.0,0.2847492369390367,1.3576253815304815
EL2N,fashion_mnist,2,0.0,0.4,50,50,3000,2000,70,1529,1599,0.5658680671476759,0.39059999999999995,0.5324,,,,,0.6668240530416369,0,1,51,0.0,0.0,0.6775029301643372,0.6775029301643372,0.9908473491668701,0.0485880806826163,0.8405797101449275,0.9130434782608695,0.8260869565217391,0.0,0.0,0.27761606044860204,1.3611919697756991
GraNdLast,fashion_mnist,2,0.0,0.4,50,50,3000,2000,70,1443,1513,0.5372196075622924,0.394,0.5139,,,,,0.7110476959496737,0,1,51,0.0,0.0,0.6291095018386841,0.6291095018386841,0.9969394207000732,0.05444752522136854,0.8260869565217391,0.8985507246376812,0.8260869565217391,0.0,0.0,0.2955948392588545,1.3522025803705726
RHO-PretrainRef,fashion_mnist,2,0.0,0.4,50,50,3000,2000,70,1665,1735,0.6109455283149146,0.35850000000000004,0.5817,,,,,0.7324552517384291,0,1,51,0.0,0.0,0.6920900940895081,0.6920900940895081,0.9914547204971313,0.05534332861071047,0.8260869565217391,0.8985507246376812,0.8115942028985508,0.0,0.0,0.28910960533572244,1.3554451973321386
PU-R,fashion_mnist,2,0.0,0.4,50,50,3000,2000,70,1253,1323,0.4735378645709716,0.4206,0.4615,,,,,0.9340555919334292,0,1,51,0.0,0.0,0.6812556385993958,0.6812556385993958,0.9927994012832642,0.04457148974356444,0.8840579710144928,0.927536231884058,0.8695652173913043,0.0,0.0,0.2835571146493077,1.358221442675346
GREATS,fashion_mnist,2,0.0,0.4,50,50,3000,2000,70,1383,1453,,0.4084,0.4913,,,,,1.0356151424348354,0,1,51,0.0,0.0,0.7011763453483582,0.7011763453483582,0.9936360120773315,0.05118691057398699,0.855072463768116,0.927536231884058,0.855072463768116,0.0,0.0,0.2803660283704393,1.3598169858147804
MaxLoss,fashion_mnist,2,0.0,0.5,50,50,2500,2500,70,1418,1488,0.6304754414013587,0.39649999999999996,0.5843,,,,,0.4943256275728345,0,1,51,0.0,0.0,0.6912795901298523,0.6912795901298523,0.9899276494979858,0.049459956046463784,0.855072463768116,0.8985507246376812,0.855072463768116,0.0,0.0,0.27815807961422584,1.360920960192887
Marginal,fashion_mnist,2,0.0,0.5,50,50,2500,2500,70,810,880,0.3858959628851153,0.31889999999999996,0.3441,,,,,0.6000737631693482,0,1,51,0.0,0.0,0.6525746583938599,0.6525746583938599,0.995207667350769,0.0366407406070958,0.8985507246376812,0.9420289855072463,0.8840579710144928,0.0,0.0,0.28075795898624056,1.3596210205068797
EL2N,fashion_mnist,2,0.0,0.5,50,50,2500,2500,70,1431,1501,0.6356089350301772,0.45489999999999997,0.6024,,,,,0.6383549179881811,0,1,51,0.0,0.0,0.6777337789535522,0.6777337789535522,0.9980341196060181,0.045994120231573135,0.8695652173913043,0.8985507246376812,0.855072463768116,0.0,0.0,0.2842526736438022,1.3578736631780988
GraNdLast,fashion_mnist,2,0.0,0.5,50,50,2500,2500,70,1338,1408,0.5987931419513188,0.4124,0.5581,,,,,0.6639398923143744,0,1,51,0.0,0.0,0.684775173664093,0.684775173664093,0.9906504154205322,0.04111671037432076,0.927536231884058,0.8985507246376812,0.8985507246376812,0.0,0.0,0.26465350529088727,1.3676732473545563
RHO-PretrainRef,fashion_mnist,2,0.0,0.5,50,50,2500,2500,70,1309,1379,0.5872701000771485,0.3536,0.5533,,,,,0.7036587269976735,0,1,51,0.0,0.0,0.7158375978469849,0.7158375978469849,0.989547610282898,0.04927280890768853,0.8695652173913043,0.9130434782608695,0.8695652173913043,0.0,0.0,0.26994813211996993,1.365025933940015
PU-R,fashion_mnist,2,0.0,0.5,50,50,2500,2500,70,894,964,0.4202120427507907,0.34240000000000004,0.3753,,,,,0.8625845303758979,0,1,51,0.0,0.0,0.6641616821289062,0.6641616821289062,0.9929611682891846,0.04270423171312913,0.9420289855072463,0.927536231884058,0.927536231884058,0.0,0.0,0.28776604765556685,1.3561169761722165
GREATS,fashion_mnist,2,0.0,0.5,50,50,2500,2500,70,1236,1306,,0.4044,0.5157,,,,,0.9584660306572914,0,1,51,0.0,0.0,0.7136675119400024,0.7136675119400024,0.9930306673049927,0.045013864835103355,0.8260869565217391,0.8985507246376812,0.8115942028985508,0.0,0.0,0.27137235994047704,1.3643138200297615
MaxLoss,fashion_mnist,2,0.0,0.6,50,50,2000,3000,70,1210,1280,0.6782608975772746,0.47940000000000005,0.6408,,,,,0.47410485707223415,0,1,51,0.0,0.0,0.7097901701927185,0.7097901701927185,0.992475152015686,0.047218670015749725,0.855072463768116,0.8985507246376812,0.855072463768116,0.0,0.0,0.2676175086320639,1.366191245683968
Marginal,fashion_mnist,2,0.0,0.6,50,50,2000,3000,70,580,650,0.3618529074592516,0.2934,0.3241,,,,,0.5633248034864664,0,1,51,0.0,0.0,0.6479657888412476,0.6479657888412476,0.9953271150588989,0.03967226415440656,0.8695652173913043,0.927536231884058,0.8695652173913043,0.0,0.0,0.2836805469788402,1.3581597265105798
EL2N,fashion_mnist,2,0.0,0.6,50,50,2000,3000,70,919,989,0.5341448975959793,0.38,0.4956,,,,,0.5864630807191133,0,1,51,0.0,0.0,0.7028347849845886,0.7028347849845886,0.9955087304115295,0.049017791730770165,0.8695652173913043,0.8840579710144928,0.855072463768116,0.0,0.0,0.2693238434407773,1.3653380782796114
GraNdLast,fashion_mnist,2,0.0,0.6,50,50,2000,3000,70,1179,1249,0.6630816157558002,0.44210000000000005,0.6116,,,,,0.6198680652305484,0,1,51,0.0,0.0,0.6458113789558411,0.6458113789558411,0.9972306489944458,0.045024258934933205,0.8695652173913043,0.8985507246376812,0.8695652173913043,0.0,0.0,0.27475483788102795,1.362622581059486
RHO-PretrainRef,fashion_mnist,2,0.0,0.6,50,50,2000,3000,70,950,1020,0.5496642859652638,0.35150000000000003,0.5097,,,,,0.6422485485672951,0,1,51,0.0,0.0,0.718550443649292,0.718550443649292,0.9947004318237305,0.050948245801787445,0.8405797101449275,0.8695652173913043,0.8405797101449275,0.0,0.0,0.2657077728329479,1.3671461135835261
PU-R,fashion_mnist,2,0.0,0.6,50,50,2000,3000,70,755,825,0.45139701664447784,0.3607,0.4146,,,,,0.8003468979150057,0,1,51,0.0,0.0,0.6727210283279419,0.6727210283279419,0.9941060543060303,0.043512319309124046,0.8695652173913043,0.9130434782608695,0.855072463768116,0.0,0.0,0.28639762954259335,1.3568011852287034
GREATS,fashion_mnist,2,0.0,0.6,50,50,2000,3000,70,844,914,,0.36719999999999997,0.4743,,,,,0.8481575613841414,0,1,51,0.0,0.0,0.6853768229484558,0.6853768229484558,0.9941486120223999,0.049802004427149674,0.855072463768116,0.8695652173913043,0.8405797101449275,0.0,0.0,0.28619577180704964,1.3569021140964752
MaxLoss,fashion_mnist,2,0.0,0.7,50,50,1500,3500,70,725,795,0.5752361047198065,0.3688,0.5114,,,,,0.46191096119582653,0,1,51,0.0,0.0,0.7025587558746338,0.7025587558746338,0.994613528251648,0.04879382123117861,0.855072463768116,0.8695652173913043,0.8405797101449275,0.0,0.0,0.28325432804599215,1.358372835977004
Marginal,fashion_mnist,2,0.0,0.7,50,50,1500,3500,70,419,489,0.3682214028085582,0.2954,0.3167,,,,,0.5314071597531438,0,1,51,0.0,0.0,0.6483811140060425,0.6483811140060425,0.9968634843826294,0.04321424209553262,0.8985507246376812,0.8985507246376812,0.8840579710144928,0.0,0.0,0.2920954667775369,1.3539522666112316
EL2N,fashion_mnist,2,0.0,0.7,50,50,1500,3500,70,718,788,0.5705875704879873,0.36660000000000004,0.5129,,,,,0.5458517326042056,0,1,51,0.0,0.0,0.6426934599876404,0.6426934599876404,0.9955158233642578,0.05321761145107988,0.8405797101449275,0.8840579710144928,0.8405797101449275,0.0,0.0,0.30565542992072026,1.34717228503964
GraNdLast,fashion_mnist,2,0.0,0.7,50,50,1500,3500,70,685,755,0.5486187786445953,0.3993,0.4819,,,,,0.5599671080708504,0,1,51,0.0,0.0,0.6481238603591919,0.6481238603591919,0.9973782300949097,0.04837099408757859,0.855072463768116,0.8840579710144928,0.855072463768116,0.0,0.0,0.28242719955998197,1.358786400220009
RHO-PretrainRef,fashion_mnist,2,0.0,0.7,50,50,1500,3500,70,641,711,0.5191884174128063,0.3409,0.4822,,,,,0.5832893764600158,0,1,51,0.0,0.0,0.7073660492897034,0.7073660492897034,0.9959490895271301,0.04436440096385237,0.8405797101449275,0.8695652173913043,0.8115942028985508,0.0,0.0,0.2767743973077389,1.3616128013461306
PU-R,fashion_mnist,2,0.0,0.7,50,50,1500,3500,70,533,603,0.4462748772930354,0.35029999999999994,0.4066,,,,,0.7246531173586845,0,1,51,0.0,0.0,0.695844829082489,0.695844829082489,0.9970464706420898,0.04106086838072625,0.855072463768116,0.8840579710144928,0.8405797101449275,0.0,0.0,0.27759605425379485,1.3612019728731026
GREATS,fashion_mnist,2,0.0,0.7,50,50,1500,3500,70,526,596,,0.345,0.4006,,,,,0.7469492880627513,0,1,51,0.0,0.0,0.7034674882888794,0.7034674882888794,0.9916495680809021,0.04223365887351658,0.8405797101449275,0.8840579710144928,0.8405797101449275,0.0,0.0,0.274726862879313,1.3626365685603434
MaxLoss,fashion_mnist,2,0.0,0.8,50,50,1000,4000,70,397,467,0.5214399601682089,0.3237,0.4658,,,,,0.4439671589061618,0,1,51,0.0,0.0,0.6921254396438599,0.6921254396438599,0.9950566291809082,0.05436526843603107,0.8695652173913043,0.9130434782608695,0.8695652173913043,0.0,0.0,0.28203613877873746,1.3589819306106312
Marginal,fashion_mnist,2,0.0,0.8,50,50,1000,4000,70,271,341,0.39267783251125365,0.3063,0.3373,,,,,0.49610059056431055,0,1,51,0.0,0.0,0.6539285182952881,0.6539285182952881,0.997707724571228,0.03668954234192337,0.8985507246376812,0.9130434782608695,0.8840579710144928,0.0,0.0,0.27649655531477896,1.3617517223426105
EL2N,fashion_mnist,2,0.0,0.8,50,50,1000,4000,70,380,450,0.5042797606438398,0.33630000000000004,0.4504,,,,,0.504524989053607,0,1,51,0.0,0.0,0.6801340579986572,0.6801340579986572,0.9936372637748718,0.05185638238554415,0.8840579710144928,0.8985507246376812,0.8840579710144928,0.0,0.0,0.2807766744588021,1.359611662770599
GraNdLast,fashion_mnist,2,0.0,0.8,50,50,1000,4000,70,380,450,0.5042797606438398,0.37370000000000003,0.4593,,,,,0.515364907681942,0,1,51,0.0,0.0,0.6471285820007324,0.6471285820007324,0.9968052506446838,0.05057519371958746,0.8840579710144928,0.8985507246376812,0.8840579710144928,0.0,0.0,0.2842167578943588,1.3578916210528207
RHO-PretrainRef,fashion_mnist,2,0.0,0.8,50,50,1000,4000,70,392,462,0.5163995292969048,0.34440000000000004,0.4715,,,,,0.5345678413286805,0,1,51,0.0,0.0,0.6985799670219421,0.6985799670219421,0.9888641834259033,0.05045613365760748,0.8405797101449275,0.9130434782608695,0.8405797101449275,0.0,0.0,0.27322796958281464,1.3633860152085928
PU-R,fashion_mnist,2,0.0,0.8,50,50,1000,4000,70,424,494,0.5485623091226444,0.45389999999999997,0.5036,,,,,0.667331013828516,0,1,51,0.0,0.0,0.6625229120254517,0.6625229120254517,0.9960784912109375,0.04372732924378436,0.8985507246376812,0.9130434782608695,0.8695652173913043,0.0,0.0,0.28253806137720927,1.3587309693113954
GREATS,fashion_mnist,2,0.0,0.8,50,50,1000,4000,70,327,397,,0.32820000000000005,0.4252,,,,,0.6634201416745782,0,1,51,0.0,0.0,0.6930578351020813,0.6930578351020813,0.9951653480529785,0.04778562421384065,0.8695652173913043,0.9130434782608695,0.8695652173913043,0.0,0.0,0.2748677480183407,1.3625661259908297
MaxLoss,fashion_mnist,3,0.0,0.0,50,50,5000,0,70,3032,3102,0.6457971047493629,0.403,0.6336,,,,,0.5769199440255761,0,1,51,0.0,0.0,0.7384441494941711,0.7384441494941711,0.9968652725219727,0.0532610250124033,0.8115942028985508,0.8840579710144928,0.8115942028985508,0.0,0.0,0.26195168692064763,1.3690241565396761
Marginal,fashion_mnist,3,0.0,0.0,50,50,5000,0,70,1827,1897,0.40435458719730377,0.35840000000000005,0.3952,,,,,0.832773694768548,0,1,51,0.0,0.0,0.6720835566520691,0.6720835566520691,0.9982125163078308,0.03890304310598235,0.8695652173913043,0.9130434782608695,0.855072463768116,0.0,0.0,0.2705436881996079,1.364728155900196
EL2N,fashion_mnist,3,0.0,0.0,50,50,5000,0,70,3102,3172,0.6596277712960728,0.5044,0.6371,,,,,0.9377737436443567,0,1,51,0.0,0.0,0.6793493628501892,0.6793493628501892,0.997543215751648,0.05479712568331456,0.855072463768116,0.8840579710144928,0.8405797101449275,0.0,0.0,0.2884239792906835,1.3557880103546582
GraNdLast,fashion_mnist,3,0.0,0.0,50,50,5000,0,70,2762,2832,0.5922399015980773,0.41000000000000003,0.5684,,,,,0.9914418393746018,0,1,51,0.0,0.0,0.7079398036003113,0.7079398036003113,0.9960062503814697,0.0536606812822646,0.8405797101449275,0.8840579710144928,0.8405797101449275,0.0,0.0,0.26934991041830303,1.3653250447908485
RHO-PretrainRef,fashion_mnist,3,0.0,0.0,50,50,5000,0,70,2736,2806,0.5870654772152193,0.3799,0.5707,,,,,1.0870321206748486,0,1,51,0.0,0.0,0.7311240434646606,0.7311240434646606,0.9967895746231079,0.053562255873196365,0.8405797101449275,0.8840579710144928,0.8405797101449275,0.0,0.0,0.26682054376375025,1.3665897281181247
PU-R,fashion_mnist,3,0.0,0.0,50,50,5000,0,70,2282,2352,0.49624818429583684,0.3961,0.4764,,,,,1.3523752186447382,0,1,51,0.0,0.0,0.7082406282424927,0.7082406282424927,0.9970906376838684,0.04831463390070459,0.8695652173913043,0.8985507246376812,0.8695652173913043,0.0,0.0,0.27359882775499716,1.3632005861225014
GREATS,fashion_mnist,3,0.0,0.0,50,50,5000,0,70,2613,2683,,0.41479999999999995,0.5376,,,,,1.58502462413162,0,1,51,0.0,0.0,0.7213952541351318,0.7213952541351318,0.9972736835479736,0.05110862246458081,0.8115942028985508,0.8985507246376812,0.7971014492753623,0.0,0.0,0.2725039305213787,1.3637480347393107
MaxLoss,fashion_mnist,3,0.0,0.1,50,50,4500,500,70,2479,2549,0.5935732364305295,0.41069999999999995,0.5711,,,,,0.5735859973356128,0,1,51,0.0,0.0,0.73171067237854,0.73171067237854,0.9960113763809204,0.052226854191310165,0.8260869565217391,0.8985507246376812,0.8260869565217391,0.0,0.0,0.2626275483713067,1.3686862258143466
Marginal,fashion_mnist,3,0.0,0.1,50,50,4500,500,70,1557,1627,0.3874741272884421,0.3305,0.3654,,,,,0.7720572343096137,0,1,51,0.0,0.0,0.666792631149292,0.666792631149292,0.9968479871749878,0.04393165267032126,0.8695652173913043,0.8985507246376812,0.8695652173913043,0.0,0.0,0.28251047920400385,1.358744760397998
EL2N,fashion_mnist,3,0.0,0.1,50,50,4500,500,70,2428,2498,0.5822954311734065,0.369,0.5505,,,,,0.8597220797091722,0,1,51,0.0,0.0,0.6831651329994202,0.6831651329994202,0.9960110187530518,0.049818878156551415,0.8405797101449275,0.8840579710144928,0.8405797101449275,0.0,0.0,0.27851468372334803,1.360742658138326
GraNdLast,fashion_mnist,3,0.0,0.1,50,50,4500,500,70,2065,2135,0.5016094299498945,0.35,0.4701,,,,,0.9142100792378187,0,1,51,0.0,0.0,0.6776896715164185,0.6776896715164185,0.9958184957504272,0.05274858768435492,0.855072463768116,0.8840579710144928,0.855072463768116,0.0,0.0,0.28191063006994027,1.35904468496503
RHO-PretrainRef,fashion_mnist,3,0.0,0.1,50,50,4500,500,70,2449,2519,0.5869410019367933,0.3931,0.5598,,,,,0.9817562075331807,0,1,51,0.0,0.0,0.7179189324378967,0.7179189324378967,0.9932315349578857,0.05270162753868794,0.7971014492753623,0.8985507246376812,0.7971014492753623,0.0,0.0,0.26774969542552324,1.3661251522872384
PU-R,fashion_mnist,3,0.0,0.1,50,50,4500,500,70,1733,1803,0.42718222783878446,0.3547,0.4081,,,,,1.1415606085211039,0,1,51,0.0,0.0,0.6909676790237427,0.6909676790237427,0.9981057643890381,0.04657857022855593,0.8695652173913043,0.9130434782608695,0.855072463768116,0.0,0.0,0.2792533135579954,1.3603733432210023
GREATS,fashion_mnist,3,0.0,0.1,50,50,4500,500,70,2055,2125,,0.38439999999999996,0.4896,,,,,1.339632666669786,0,1,51,0.0,0.0,0.7146714925765991,0.7146714925765991,0.9963855743408203,0.04902595432772153,0.855072463768116,0.8985507246376812,0.8405797101449275,0.0,0.0,0.2714213793266314,1.3642893103366842
MaxLoss,fashion_mnist,3,0.0,0.2,50,50,4000,1000,70,2273,2343,0.6142572312382981,0.43879999999999997,0.5848,,,,,0.540910080075264,0,1,51,0.0,0.0,0.7120794653892517,0.7120794653892517,0.9888508915901184,0.05802174862744151,0.8405797101449275,0.8840579710144928,0.8260869565217391,0.0,0.0,0.27893287773092984,1.360533561134535
Marginal,fashion_mnist,3,0.0,0.2,50,50,4000,1000,70,1432,1502,0.4031315571628511,0.345,0.3805,,,,,0.7208155980333686,0,1,51,0.0,0.0,0.6840272545814514,0.6840272545814514,0.9964051246643066,0.04603535239247308,0.8695652173913043,0.8840579710144928,0.855072463768116,0.0,0.0,0.2772065367274093,1.3613967316362954
EL2N,fashion_mnist,3,0.0,0.2,50,50,4000,1000,70,2149,2219,0.5834562845993787,0.4232,0.5679,,,,,0.7949686916545033,0,1,51,0.0,0.0,0.6424418687820435,0.6424418687820435,0.9971255660057068,0.0595666478941406,0.8260869565217391,0.8695652173913043,0.8115942028985508,0.0,0.0,0.30912062632170806,1.3454396868391458
GraNdLast,fashion_mnist,3,0.0,0.2,50,50,4000,1000,70,2015,2085,0.5500421678298153,0.4183,0.5231,,,,,0.8450458142906427,0,1,51,0.0,0.0,0.643304169178009,0.643304169178009,0.9969472289085388,0.05512455105781555,0.8695652173913043,0.8840579710144928,0.8695652173913043,0.0,0.0,0.29566754059229816,1.352166229703851
RHO-PretrainRef,fashion_mnist,3,0.0,0.2,50,50,4000,1000,70,2393,2463,0.6439516451209784,0.44120000000000004,0.6314,,,,,0.9023888474330306,0,1,51,0.0,0.0,0.7134003639221191,0.7134003639221191,0.9929065704345703,0.05153066870095073,0.855072463768116,0.8985507246376812,0.855072463768116,0.0,0.0,0.26809395349577425,1.3659530232521129
PU-R,fashion_mnist,3,0.0,0.2,50,50,4000,1000,70,1676,1746,0.46492323972051963,0.38680000000000003,0.4525,,,,,1.0879571279510856,0,1,51,0.0,0.0,0.6984552145004272,0.6984552145004272,0.9844930171966553,0.04878593959670136,0.855072463768116,0.8985507246376812,0.855072463768116,0.0,0.0,0.2779801563585847,1.3610099218207077
GREATS,fashion_mnist,3,0.0,0.2,50,50,4000,1000,70,2148,2218,,0.4495,0.556,,,,,1.306370479054749,0,1,51,0.0,0.0,0.7084644436836243,0.7084644436836243,0.9887990355491638,0.05111857946368231,0.8260869565217391,0.8840579710144928,0.8115942028985508,0.0,0.0,0.27560918377091326,1.3621954081145433
MaxLoss,fashion_mnist,3,0.0,0.3,50,50,3500,1500,70,1813,1883,0.5685968118486926,0.3385,0.5332,,,,,0.5307296961545944,0,1,51,0.0,0.0,0.7392676472663879,0.7392676472663879,0.9953205585479736,0.046282734128012176,0.8115942028985508,0.8840579710144928,0.7971014492753623,0.0,0.0,0.25382754439654637,1.3730862278017268
Marginal,fashion_mnist,3,0.0,0.3,50,50,3500,1500,70,1092,1162,0.3605117085389793,0.29169999999999996,0.316,,,,,0.680193274281919,0,1,51,0.0,0.0,0.6671201586723328,0.6671201586723328,0.9973533153533936,0.0403966823781746,0.8840579710144928,0.8985507246376812,0.8695652173913043,0.0,0.0,0.27713383539396563,1.3614330823030172
EL2N,fashion_mnist,3,0.0,0.3,50,50,3500,1500,70,1631,1701,0.5165763525292277,0.3427,0.4743,,,,,0.7327817585319281,0,1,51,0.0,0.0,0.6584650874137878,0.6584650874137878,0.9966347217559814,0.050567588512448296,0.855072463768116,0.8695652173913043,0.855072463768116,0.0,0.0,0.28834241125659593,1.355828794371702
GraNdLast,fashion_mnist,3,0.0,0.3,50,50,3500,1500,70,1516,1586,0.4835332915536128,0.34019999999999995,0.4429,,,,,0.7677823808044195,0,1,51,0.0,0.0,0.6596904397010803,0.6596904397010803,0.9970866441726685,0.05192106011985005,0.8260869565217391,0.8695652173913043,0.8260869565217391,0.0,0.0,0.28529495991632187,1.357352520041839
RHO-PretrainRef,fashion_mnist,3,0.0,0.3,50,50,3500,1500,70,1790,1860,0.5620414044824429,0.33540000000000003,0.5303,,,,,0.8135697469115257,0,1,51,0.0,0.0,0.7382323145866394,0.7382323145866394,0.9944881796836853,0.047025317083234375,0.8405797101449275,0.8840579710144928,0.8260869565217391,0.0,0.0,0.25083677259836273,1.3745816137008187
PU-R,fashion_mnist,3,0.0,0.3,50,50,3500,1500,70,1395,1465,0.4486206524888985,0.3782,0.4178,,,,,1.0099630178883672,0,1,51,0.0,0.0,0.6945812106132507,0.6945812106132507,0.9964417815208435,0.04137369774389958,0.855072463768116,0.8985507246376812,0.855072463768116,0.0,0.0,0.27729371659734736,1.3613531417013263
GREATS,fashion_mnist,3,0.0,0.3,50,50,3500,1500,70,1361,1431,,0.2923,0.4046,,,,,1.1278437208384275,0,1,51,0.0,0.0,0.7197166681289673,0.7197166681289673,0.995313286781311,0.0445766850658085,0.855072463768116,0.8695652173913043,0.855072463768116,0.0,0.0,0.27311887549388025,1.3634405622530599
MaxLoss,fashion_mnist,3,0.0,0.4,50,50,3000,2000,70,1863,1933,0.6760528453742154,0.4738,0.6454,,,,,0.506122637540102,0,1,51,0.0,0.0,0.7139614820480347,0.7139614820480347,0.9855124354362488,0.05113760435926742,0.8115942028985508,0.8840579710144928,0.7971014492753623,0.0,0.0,0.2696603852367338,1.365169807381633
Marginal,fashion_mnist,3,0.0,0.4,50,50,3000,2000,70,975,1045,0.37937415775377303,0.3205,0.3408,,,,,0.6325998147949576,0,1,51,0.0,0.0,0.6419367790222168,0.6419367790222168,0.9960761070251465,0.03826188954754152,0.8840579710144928,0.9130434782608695,0.8840579710144928,0.0,0.0,0.2851073281846593,1.3574463359076705
EL2N,fashion_mnist,3,0.0,0.4,50,50,3000,2000,70,1431,1501,0.533213417918887,0.37960000000000005,0.5047,,,,,0.6764677381142974,0,1,51,0.0,0.0,0.6803081035614014,0.6803081035614014,0.9928480386734009,0.047550855339437294,0.855072463768116,0.8985507246376812,0.855072463768116,0.0,0.0,0.28500740944734054,1.3574962952763299
GraNdLast,fashion_mnist,3,0.0,0.4,50,50,3000,2000,70,1418,1488,0.5288709739106707,0.42300000000000004,0.4986,,,,,0.6990798693150282,0,1,51,0.0,0.0,0.6588553786277771,0.6588553786277771,0.9963972568511963,0.0476603520953137,0.8260869565217391,0.8695652173913043,0.8115942028985508,0.0,0.0,0.2847865275882635,1.3576067362058684
RHO-PretrainRef,fashion_mnist,3,0.0,0.4,50,50,3000,2000,70,1437,1507,0.535216779273469,0.3458,0.498,,,,,0.7486635586246848,0,1,51,0.0,0.0,0.7055761814117432,0.7055761814117432,0.9933132529258728,0.050873446291771485,0.782608695652174,0.8840579710144928,0.7681159420289855,0.0,0.0,0.2769140759020587,1.3615429620489707
PU-R,fashion_mnist,3,0.0,0.4,50,50,3000,2000,70,1056,1126,0.4069360696012154,0.3248,0.3688,,,,,0.9333539735525846,0,1,51,0.0,0.0,0.6907927989959717,0.6907927989959717,0.9942631721496582,0.044157319850679756,0.927536231884058,0.9130434782608695,0.9130434782608695,0.0,0.0,0.2750962900333537,1.362451854983323
GREATS,fashion_mnist,3,0.0,0.4,50,50,3000,2000,70,1529,1599,,0.43500000000000005,0.5276,,,,,1.0381328761577606,0,1,51,0.0,0.0,0.7226004600524902,0.7226004600524902,0.9854103326797485,0.04523885854776355,0.8840579710144928,0.9130434782608695,0.8840579710144928,0.0,0.0,0.2661515287528288,1.3669242356235856
MaxLoss,fashion_mnist,3,0.0,0.5,50,50,2500,2500,70,1223,1293,0.5529813774046488,0.3669,0.5364,,,,,0.4963463759049773,0,1,51,0.0,0.0,0.7152218818664551,0.7152218818664551,0.9860592484474182,0.049165900202764984,0.8260869565217391,0.8695652173913043,0.8115942028985508,0.0,0.0,0.27165589794682526,1.3641720510265873
Marginal,fashion_mnist,3,0.0,0.5,50,50,2500,2500,70,820,890,0.3899906391161494,0.32689999999999997,0.3501,,,,,0.6030692551285028,0,1,51,0.0,0.0,0.6573980450630188,0.6573980450630188,0.9955050945281982,0.03495650274166162,0.8695652173913043,0.927536231884058,0.8695652173913043,0.0,0.0,0.281232860595092,1.3593835697024539
EL2N,fashion_mnist,3,0.0,0.5,50,50,2500,2500,70,1204,1274,0.5453826156444848,0.3729,0.5005,,,,,0.6434533596038818,0,1,51,0.0,0.0,0.7039773464202881,0.7039773464202881,0.9932067394256592,0.04890607275824616,0.8115942028985508,0.8985507246376812,0.782608695652174,0.0,0.0,0.27502311169386273,1.3624884441530687
GraNdLast,fashion_mnist,3,0.0,0.5,50,50,2500,2500,70,1184,1254,0.5373748507699929,0.384,0.4978,,,,,0.6678566904738545,0,1,51,0.0,0.0,0.6731594204902649,0.6731594204902649,0.9959172010421753,0.04912549818771473,0.855072463768116,0.8840579710144928,0.855072463768116,0.0,0.0,0.27994884449331053,1.3600255777533448
RHO-PretrainRef,fashion_mnist,3,0.0,0.5,50,50,2500,2500,70,1165,1235,0.5297588738612831,0.3316,0.5089,,,,,0.7072669127956033,0,1,51,0.0,0.0,0.7251420021057129,0.7251420021057129,0.9834294319152832,0.047958502302999084,0.855072463768116,0.8985507246376812,0.8405797101449275,0.0,0.0,0.2671971821268589,1.3664014089365706
PU-R,fashion_mnist,3,0.0,0.5,50,50,2500,2500,70,943,1013,0.440148658468388,0.3627,0.4041,,,,,0.8585459524765611,0,1,51,0.0,0.0,0.68067866563797,0.68067866563797,0.9894025325775146,0.0444529324338056,0.8840579710144928,0.9130434782608695,0.8695652173913043,0.0,0.0,0.28011116684528725,1.3599444165773564
GREATS,fashion_mnist,3,0.0,0.5,50,50,2500,2500,70,1029,1099,,0.3499,0.4421,,,,,0.9487893674522638,0,1,51,0.0,0.0,0.7140741348266602,0.7140741348266602,0.9888419508934021,0.04899475777494735,0.8405797101449275,0.8840579710144928,0.8260869565217391,0.0,0.0,0.27077674774248056,1.3646116261287597
MaxLoss,fashion_mnist,3,0.0,0.6,50,50,2000,3000,70,952,1022,0.550664207781665,0.3328,0.5155,,,,,0.4759231461212039,0,1,51,0.0,0.0,0.731102705001831,0.731102705001831,0.9848673343658447,0.04618002841438072,0.8405797101449275,0.8695652173913043,0.8405797101449275,0.0,0.0,0.2549773815031416,1.3725113092484293
Marginal,fashion_mnist,3,0.0,0.6,50,50,2000,3000,70,645,715,0.39527029503369704,0.3034,0.3465,,,,,0.5676359422504902,0,1,51,0.0,0.0,0.6733524799346924,0.6733524799346924,0.9965002536773682,0.04283840047276538,0.8695652173913043,0.8840579710144928,0.8695652173913043,0.0,0.0,0.26928296121660616,1.3653585193916968
EL2N,fashion_mnist,3,0.0,0.6,50,50,2000,3000,70,1039,1109,0.5940037446562201,0.4024,0.5536,,,,,0.5962959872558713,0,1,51,0.0,0.0,0.6966431140899658,0.6966431140899658,0.9954819679260254,0.04651578267415365,0.8405797101449275,0.8985507246376812,0.8260869565217391,0.0,0.0,0.26806014218477475,1.3659699289076126
GraNdLast,fashion_mnist,3,0.0,0.6,50,50,2000,3000,70,1045,1115,0.5969812593539245,0.45609999999999995,0.5735,,,,,0.6178966900333762,0,1,51,0.0,0.0,0.6771379709243774,0.6771379709243774,0.9988491535186768,0.04489455274913622,0.8840579710144928,0.8840579710144928,0.8695652173913043,0.0,0.0,0.26514566329497913,1.3674271683525103
RHO-PretrainRef,fashion_mnist,3,0.0,0.6,50,50,2000,3000,70,941,1011,0.5451626425492577,0.3365,0.5344,,,,,0.6452659592032433,0,1,51,0.0,0.0,0.7291287779808044,0.7291287779808044,0.9867543578147888,0.04614028982494189,0.855072463768116,0.8840579710144928,0.8405797101449275,0.0,0.0,0.2552389772313142,1.372380511384343
PU-R,fashion_mnist,3,0.0,0.6,50,50,2000,3000,70,782,852,0.46509545762091875,0.39270000000000005,0.4317,,,,,0.7972757695242763,0,1,51,0.0,0.0,0.6947857737541199,0.6947857737541199,0.9882084131240845,0.04151440449598907,0.927536231884058,0.9130434782608695,0.8840579710144928,0.0,0.0,0.27114118036261425,1.3644294098186929
GREATS,fashion_mnist,3,0.0,0.6,50,50,2000,3000,70,771,841,,0.33740000000000003,0.4354,,,,,0.8574114572256804,0,1,51,0.0,0.0,0.7115625739097595,0.7115625739097595,0.9846087694168091,0.04767792434364125,0.8260869565217391,0.8840579710144928,0.8260869565217391,0.0,0.0,0.26977747619175524,1.3651112619041224
MaxLoss,fashion_mnist,3,0.0,0.7,50,50,1500,3500,70,668,738,0.5372667102492414,0.3509,0.5168,,,,,0.46364013012498617,0,1,51,0.0,0.0,0.7072510123252869,0.7072510123252869,0.9959229230880737,0.04935732527055602,0.8260869565217391,0.8985507246376812,0.8260869565217391,0.0,0.0,0.272372922213448,1.363813538893276
Marginal,fashion_mnist,3,0.0,0.7,50,50,1500,3500,70,398,468,0.3537115469807759,0.26849999999999996,0.3006,,,,,0.5377899874001741,0,1,51,0.0,0.0,0.6684181690216064,0.6684181690216064,0.9960709810256958,0.038135979486548385,0.8695652173913043,0.927536231884058,0.8695652173913043,0.0,0.0,0.27889356682079686,1.3605532165896017
EL2N,fashion_mnist,3,0.0,0.7,50,50,1500,3500,70,638,708,0.5171760404482484,0.3631,0.4898,,,,,0.5488449251279235,0,1,51,0.0,0.0,0.6549349427223206,0.6549349427223206,0.996592104434967,0.05164835116137629,0.8405797101449275,0.8985507246376812,0.8405797101449275,0.0,0.0,0.2827094749032638,1.358645262548368
GraNdLast,fashion_mnist,3,0.0,0.7,50,50,1500,3500,70,508,578,0.429256891598925,0.2992,0.4025,,,,,0.5716574210673571,0,1,51,0.0,0.0,0.6611360311508179,0.6611360311508179,0.9984529614448547,0.04810293645098589,0.855072463768116,0.8985507246376812,0.855072463768116,0.0,0.0,0.2763344574362363,1.3618327712818818
RHO-PretrainRef,fashion_mnist,3,0.0,0.7,50,50,1500,3500,70,600,670,0.491622083238326,0.3125,0.4623,,,,,0.5885786321014166,0,1,51,0.0,0.0,0.6952992677688599,0.6952992677688599,0.9955337047576904,0.05056554381398187,0.8405797101449275,0.9130434782608695,0.8405797101449275,0.0,0.0,0.2757486659509783,1.362125667024511
PU-R,fashion_mnist,3,0.0,0.7,50,50,1500,3500,70,416,486,0.36615120159694925,0.28869999999999996,0.3224,,,,,0.7219492932781577,0,1,51,0.0,0.0,0.6640015244483948,0.6640015244483948,0.9967997074127197,0.04075558030087015,0.8695652173913043,0.9130434782608695,0.855072463768116,0.0,0.0,0.2869694194974043,1.3565152902512978
GREATS,fashion_mnist,3,0.0,0.7,50,50,1500,3500,70,543,613,,0.31389999999999996,0.4026,,,,,0.7516740579158068,0,1,51,0.0,0.0,0.6908707618713379,0.6908707618713379,0.9978770017623901,0.04370458834413169,0.8695652173913043,0.8985507246376812,0.855072463768116,0.0,0.0,0.2806754088808792,1.3596622955595605
MaxLoss,fashion_mnist,3,0.0,0.8,50,50,1000,4000,70,447,517,0.5715388267417438,0.3659,0.4958,,,,,0.4434980656951666,0,1,51,0.0,0.0,0.6953650712966919,0.6953650712966919,0.9966561794281006,0.046430816684944046,0.8695652173913043,0.8985507246376812,0.8695652173913043,0.0,0.0,0.2714341462531914,1.3642829268734042
Marginal,fashion_mnist,3,0.0,0.8,50,50,1000,4000,70,315,385,0.43806466565001756,0.3188,0.3434,,,,,0.4985713539645076,0,1,51,0.0,0.0,0.6506709456443787,0.6506709456443787,0.9972043037414551,0.04118347275948179,0.855072463768116,0.9130434782608695,0.855072463768116,0.0,0.0,0.2825588812882147,1.3587205593558926
EL2N,fashion_mnist,3,0.0,0.8,50,50,1000,4000,70,410,480,0.5345190707594156,0.35319999999999996,0.4835,,,,,0.5050873858854175,0,1,51,0.0,0.0,0.634912371635437,0.634912371635437,0.9954037666320801,0.0554666545080102,0.855072463768116,0.8840579710144928,0.855072463768116,0.0,0.0,0.30216136062428145,1.3489193196878593
GraNdLast,fashion_mnist,3,0.0,0.8,50,50,1000,4000,70,395,465,0.5194244554149918,0.36,0.4451,,,,,0.5158813036978245,0,1,51,0.0,0.0,0.6591982841491699,0.6591982841491699,0.998907744884491,0.04802692627561265,0.8695652173913043,0.8840579710144928,0.8695652173913043,0.0,0.0,0.2838875956625457,1.358056202168727
RHO-PretrainRef,fashion_mnist,3,0.0,0.8,50,50,1000,4000,70,403,473,0.5274811378330924,0.3226,0.4584,,,,,0.5354697946459055,0,1,51,0.0,0.0,0.6929931640625,0.6929931640625,0.9972741603851318,0.04666438007700271,0.8695652173913043,0.8840579710144928,0.8695652173913043,0.0,0.0,0.27108865357905326,1.3644556732104733
PU-R,fashion_mnist,3,0.0,0.8,50,50,1000,4000,70,317,387,0.44011660222895443,0.33220000000000005,0.37,,,,,0.6559452144429088,0,1,51,0.0,0.0,0.6958315372467041,0.6958315372467041,0.9982622861862183,0.03987135360206383,0.8985507246376812,0.9130434782608695,0.8840579710144928,0.0,0.0,0.26097042936300247,1.3695147853184988
GREATS,fashion_mnist,3,0.0,0.8,50,50,1000,4000,70,354,424,,0.3318,0.4096,,,,,0.6640909351408482,0,1,51,0.0,0.0,0.6836678385734558,0.6836678385734558,0.9962756633758545,0.04577544849851857,0.8695652173913043,0.8985507246376812,0.855072463768116,0.0,0.0,0.2743044038764848,1.3628477980617575
MaxLoss,fashion_mnist,4,0.0,0.0,50,50,5000,0,70,2987,3057,0.6368938341620378,0.38980000000000004,0.6149,,,,,0.5746983028948307,0,1,51,0.0,0.0,0.7323059439659119,0.7323059439659119,0.9927949905395508,0.0515641665113145,0.855072463768116,0.8985507246376812,0.8260869565217391,0.0,0.0,0.259118832183298,1.3704405839083509
Marginal,fashion_mnist,4,0.0,0.0,50,50,5000,0,70,1874,1944,0.4138886272558011,0.33420000000000005,0.3904,,,,,0.8625130346044898,0,1,51,0.0,0.0,0.66859370470047,0.66859370470047,0.9956912994384766,0.0365914775841478,0.8985507246376812,0.8985507246376812,0.8840579710144928,0.0,0.0,0.26481518228174117,1.3675924088591294
EL2N,fashion_mnist,4,0.0,0.0,50,50,5000,0,70,2884,2954,0.6164803321007639,0.40769999999999995,0.5836,,,,,0.9430130925029516,0,1,51,0.0,0.0,0.6855785250663757,0.6855785250663757,0.9973033666610718,0.05011805503264717,0.8260869565217391,0.8985507246376812,0.8260869565217391,0.0,0.0,0.2815045856869749,1.3592477071565126
GraNdLast,fashion_mnist,4,0.0,0.0,50,50,5000,0,70,2299,2369,0.49966446950566024,0.34640000000000004,0.4748,,,,,0.9810091871768236,0,1,51,0.0,0.0,0.7086206078529358,0.7086206078529358,0.995386004447937,0.052929281540538956,0.8260869565217391,0.8840579710144928,0.8260869565217391,0.0,0.0,0.2585136237459971,1.3707431881270016
RHO-PretrainRef,fashion_mnist,4,0.0,0.0,50,50,5000,0,70,3306,3376,0.6997978233266622,0.41400000000000003,0.6721,,,,,1.113635559566319,0,1,51,0.0,0.0,0.7398313283920288,0.7398313283920288,0.9898182153701782,0.049828063750612564,0.8695652173913043,0.9130434782608695,0.855072463768116,0.0,0.0,0.2556826209144782,1.3721586895427609
PU-R,fashion_mnist,4,0.0,0.0,50,50,5000,0,70,2054,2124,0.4503118396969512,0.3546,0.4193,,,,,1.3044143784791231,0,1,51,0.0,0.0,0.7127649784088135,0.7127649784088135,0.990978479385376,0.04291627890821816,0.8985507246376812,0.927536231884058,0.8985507246376812,0.0,0.0,0.26634746600155024,1.3668262669992248
GREATS,fashion_mnist,4,0.0,0.0,50,50,5000,0,70,2760,2830,,0.4095,0.5574,,,,,1.5982969962060452,0,1,51,0.0,0.0,0.7227478623390198,0.7227478623390198,0.9916151165962219,0.05017292845076409,0.8405797101449275,0.9130434782608695,0.8260869565217391,0.0,0.0,0.2745049989489622,1.362747500525519
MaxLoss,fashion_mnist,4,0.0,0.1,50,50,4500,500,70,2550,2620,0.6092492187162861,0.4181,0.5806,,,,,0.5703342445194721,0,1,51,0.0,0.0,0.7326717972755432,0.7326717972755432,0.9868441224098206,0.04734753007474153,0.8840579710144928,0.927536231884058,0.8840579710144928,0.0,0.0,0.25622391054144145,1.3718880447292792
Marginal,fashion_mnist,4,0.0,0.1,50,50,4500,500,70,1489,1559,0.37208308454137295,0.3166,0.3421,,,,,0.774723008275032,0,1,51,0.0,0.0,0.6545692086219788,0.6545692086219788,0.9963279962539673,0.04022662665532983,0.8985507246376812,0.927536231884058,0.8985507246376812,0.0,0.0,0.28514576926023544,1.3574271153698823
EL2N,fashion_mnist,4,0.0,0.1,50,50,4500,500,70,2457,2527,0.5887100928812288,0.4103,0.562,,,,,0.868287006393075,0,1,51,0.0,0.0,0.6807126402854919,0.6807126402854919,0.9946171045303345,0.04858010489007701,0.855072463768116,0.9130434782608695,0.855072463768116,0.0,0.0,0.2788072848445949,1.3605963575777027
GraNdLast,fashion_mnist,4,0.0,0.1,50,50,4500,500,70,1875,1945,0.4590902408817783,0.3338,0.4278,,,,,0.8773755943402648,0,1,51,0.0,0.0,0.6286079287528992,0.6286079287528992,0.9968302249908447,0.05094731264356254,0.8695652173913043,0.8985507246376812,0.855072463768116,0.0,0.0,0.29417246334417807,1.352913768327911
RHO-PretrainRef,fashion_mnist,4,0.0,0.1,50,50,4500,500,70,2221,2291,0.5363726972136647,0.38270000000000004,0.5209,,,,,0.9934314666315913,0,1,51,0.0,0.0,0.72517329454422,0.72517329454422,0.9892807006835938,0.04652405433032824,0.8840579710144928,0.9130434782608695,0.8695652173913043,0.0,0.0,0.2663971307488275,1.3668014346255863
PU-R,fashion_mnist,4,0.0,0.1,50,50,4500,500,70,1822,1892,0.44719413202255964,0.4051,0.4313,,,,,1.1351009514182806,0,1,51,0.0,0.0,0.6772545576095581,0.6772545576095581,0.9952048063278198,0.04307831543079321,0.9130434782608695,0.927536231884058,0.9130434782608695,0.0,0.0,0.27261922568892794,1.3636903871555361
GREATS,fashion_mnist,4,0.0,0.1,50,50,4500,500,70,2258,2328,,0.37250000000000005,0.5128,,,,,1.3793474985286593,0,1,51,0.0,0.0,0.7281962633132935,0.7281962633132935,0.9925430417060852,0.048844723597816796,0.8695652173913043,0.927536231884058,0.8695652173913043,0.0,0.0,0.2681496229074115,1.3659251885462942
MaxLoss,fashion_mnist,4,0.0,0.2,50,50,4000,1000,70,2354,2424,0.6343134148046374,0.42400000000000004,0.6047,,,,,0.5409458493813872,0,1,51,0.0,0.0,0.738084077835083,0.738084077835083,0.9888966083526611,0.0517956100512242,0.8405797101449275,0.8985507246376812,0.8405797101449275,0.0,0.0,0.26548343969482274,1.3672582801525888
Marginal,fashion_mnist,4,0.0,0.2,50,50,4000,1000,70,1334,1404,0.3781836337875575,0.3145,0.3458,,,,,0.7057178299874067,0,1,51,0.0,0.0,0.6601849794387817,0.6601849794387817,0.9973037242889404,0.03491921096608259,0.8840579710144928,0.927536231884058,0.8840579710144928,0.0,0.0,0.2692901163073156,1.3653549418463422
EL2N,fashion_mnist,4,0.0,0.2,50,50,4000,1000,70,2316,2386,0.6249107245821506,0.44010000000000005,0.5888,,,,,0.7820874722674489,0,1,51,0.0,0.0,0.6536314487457275,0.6536314487457275,0.9965842962265015,0.04869010137475055,0.8260869565217391,0.8840579710144928,0.8260869565217391,0.0,0.0,0.28583754026553077,1.3570812298672346
GraNdLast,fashion_mnist,4,0.0,0.2,50,50,4000,1000,70,1748,1818,0.4830717626027763,0.36560000000000004,0.4474,,,,,0.809069961309433,0,1,51,0.0,0.0,0.5934101939201355,0.5934101939201355,0.997345507144928,0.053359304649242455,0.855072463768116,0.8695652173913043,0.8405797101449275,0.0,0.0,0.31293897555277,1.343530512223615
RHO-PretrainRef,fashion_mnist,4,0.0,0.2,50,50,4000,1000,70,2368,2438,0.6377746881917119,0.41800000000000004,0.6142,,,,,0.8995469147339463,0,1,51,0.0,0.0,0.7285749912261963,0.7285749912261963,0.9887663125991821,0.046099243388659714,0.8405797101449275,0.8985507246376812,0.8260869565217391,0.0,0.0,0.25894935474061187,1.370525322629694
PU-R,fashion_mnist,4,0.0,0.2,50,50,4000,1000,70,1562,1632,0.4361095157219097,0.36150000000000004,0.4255,,,,,1.058758513070643,0,1,51,0.0,0.0,0.7014140486717224,0.7014140486717224,0.9941415786743164,0.03982172236926314,0.8840579710144928,0.927536231884058,0.8840579710144928,0.0,0.0,0.268516917563829,1.3657415412180856
GREATS,fashion_mnist,4,0.0,0.2,50,50,4000,1000,70,2058,2128,,0.39349999999999996,0.5272,,,,,1.2709118751809,0,1,51,0.0,0.0,0.7198654413223267,0.7198654413223267,0.9932228326797485,0.04426706528318101,0.8405797101449275,0.8985507246376812,0.8405797101449275,0.0,0.0,0.2662979415501693,1.3668510292249154
MaxLoss,fashion_mnist,4,0.0,0.3,50,50,3500,1500,70,1888,1958,0.5899352878914215,0.37439999999999996,0.562,,,,,0.5259726727381349,0,1,51,0.0,0.0,0.7116507887840271,0.7116507887840271,0.992996096611023,0.0492730054302492,0.8840579710144928,0.9130434782608695,0.8840579710144928,0.0,0.0,0.2701768705492377,1.364911564725381
Marginal,fashion_mnist,4,0.0,0.3,50,50,3500,1500,70,1234,1304,0.40192914969520643,0.3486,0.3795,,,,,0.678910874761641,0,1,51,0.0,0.0,0.65418541431427,0.65418541431427,0.9973669052124023,0.0402844306351482,0.8985507246376812,0.8985507246376812,0.8840579710144928,0.0,0.0,0.28111206582840925,1.3594439670857954
EL2N,fashion_mnist,4,0.0,0.3,50,50,3500,1500,70,1941,2011,0.6049791524419561,0.3839,0.5648,,,,,0.7352694058790803,0,1,51,0.0,0.0,0.6783626675605774,0.6783626675605774,0.9962441921234131,0.05073582175849141,0.855072463768116,0.9130434782608695,0.855072463768116,0.0,0.0,0.2828141637010555,1.3585929181494723
GraNdLast,fashion_mnist,4,0.0,0.3,50,50,3500,1500,70,1563,1633,0.4970540421199985,0.34099999999999997,0.4743,,,,,0.7620641719549894,0,1,51,0.0,0.0,0.6531091928482056,0.6531091928482056,0.996731162071228,0.049947531758875084,0.8840579710144928,0.9130434782608695,0.8840579710144928,0.0,0.0,0.2795610946952179,1.360219452652391
RHO-PretrainRef,fashion_mnist,4,0.0,0.3,50,50,3500,1500,70,1768,1838,0.5557659519836307,0.405,0.5268,,,,,0.8095463467761874,0,1,51,0.0,0.0,0.7295340299606323,0.7295340299606323,0.9927875995635986,0.049177611651627914,0.8405797101449275,0.9130434782608695,0.8405797101449275,0.0,0.0,0.26411805197320853,1.3679409740133956
PU-R,fashion_mnist,4,0.0,0.3,50,50,3500,1500,70,1242,1312,0.40425580187002197,0.3389,0.3837,,,,,1.0003752326592803,0,1,51,0.0,0.0,0.6861537098884583,0.6861537098884583,0.9928976893424988,0.045200712007025017,0.927536231884058,0.9130434782608695,0.9130434782608695,0.0,0.0,0.2801615050128666,1.3599192474935666
GREATS,fashion_mnist,4,0.0,0.3,50,50,3500,1500,70,1686,1756,,0.38339999999999996,0.5036,,,,,1.1395322317257524,0,1,51,0.0,0.0,0.7159910798072815,0.7159910798072815,0.9908384084701538,0.049298761547475624,0.8695652173913043,0.9130434782608695,0.8695652173913043,0.0,0.0,0.27478946290822576,1.3626052685458871
MaxLoss,fashion_mnist,4,0.0,0.4,50,50,3000,2000,70,1517,1587,0.5618772219750099,0.3741,0.5241,,,,,0.5074808923527598,0,1,51,0.0,0.0,0.7126114964485168,0.7126114964485168,0.9905855655670166,0.05038532398749089,0.8260869565217391,0.8985507246376812,0.8115942028985508,0.0,0.0,0.27591031488265294,1.3620448425586735
Marginal,fashion_mnist,4,0.0,0.4,50,50,3000,2000,70,958,1028,0.3735758108086884,0.3067,0.336,,,,,0.6435856465250254,0,1,51,0.0,0.0,0.6869078874588013,0.6869078874588013,0.9944208264350891,0.03664888204007909,0.855072463768116,0.8985507246376812,0.8405797101449275,0.0,0.0,0.27356787848028147,1.3632160607598593
EL2N,fashion_mnist,4,0.0,0.4,50,50,3000,2000,70,1617,1687,0.5950680317473598,0.3799,0.5472,,,,,0.6774805737659335,0,1,51,0.0,0.0,0.6928071975708008,0.6928071975708008,0.9938392639160156,0.04380585058875706,0.8840579710144928,0.9130434782608695,0.8840579710144928,0.0,0.0,0.2778353990528202,1.36108230047359
GraNdLast,fashion_mnist,4,0.0,0.4,50,50,3000,2000,70,1339,1409,0.5024285254767165,0.37529999999999997,0.4588,,,,,0.6978605184704065,0,1,51,0.0,0.0,0.6473815441131592,0.6473815441131592,0.9965057373046875,0.045864030070926834,0.8695652173913043,0.8840579710144928,0.8405797101449275,0.0,0.0,0.28578456453510176,1.357107717732449
RHO-PretrainRef,fashion_mnist,4,0.0,0.4,50,50,3000,2000,70,1649,1719,0.6056569791398942,0.40880000000000005,0.5594,,,,,0.746736572124064,0,1,51,0.0,0.0,0.7202957272529602,0.7202957272529602,0.9922682046890259,0.04366849989130877,0.8840579710144928,0.9130434782608695,0.8695652173913043,0.0,0.0,0.2597005831467436,1.370149708426628
PU-R,fashion_mnist,4,0.0,0.4,50,50,3000,2000,70,1206,1276,0.45770204317523167,0.3813,0.4229,,,,,0.9306072173640132,0,1,51,0.0,0.0,0.6987163424491882,0.6987163424491882,0.9926769137382507,0.04109731014224066,0.9130434782608695,0.8985507246376812,0.8840579710144928,0.0,0.0,0.27158597447212757,1.364207012763936
GREATS,fashion_mnist,4,0.0,0.4,50,50,3000,2000,70,1150,1220,,0.3265,0.4039,,,,,1.0315936114639044,0,1,51,0.0,0.0,0.7135273814201355,0.7135273814201355,0.9937920570373535,0.041506064974743385,0.8695652173913043,0.8985507246376812,0.8405797101449275,0.0,0.0,0.271288294639436,1.3643558526802821
MaxLoss,fashion_mnist,4,0.0,0.5,50,50,2500,2500,70,1459,1529,0.6466512604965828,0.4204,0.6038,,,,,0.49738633446395397,0,1,51,0.0,0.0,0.7203471660614014,0.7203471660614014,0.9953912496566772,0.05255902331808339,0.8405797101449275,0.8840579710144928,0.8115942028985508,0.0,0.0,0.27179507147591847,1.3641024642620407
Marginal,fashion_mnist,4,0.0,0.5,50,50,2500,2500,70,810,880,0.3858959628851153,0.31389999999999996,0.346,,,,,0.6060116393491626,0,1,51,0.0,0.0,0.6774482727050781,0.6774482727050781,0.9978387355804443,0.039464784273202866,0.8985507246376812,0.927536231884058,0.8840579710144928,0.0,0.0,0.26967842728899327,1.3651607863555033
EL2N,fashion_mnist,4,0.0,0.5,50,50,2500,2500,70,1630,1700,0.7136390270316042,0.5142,0.6754,,,,,0.6553486362099648,0,1,51,0.0,0.0,0.6940134167671204,0.6940134167671204,0.9924553632736206,0.0470250343930894,0.855072463768116,0.9130434782608695,0.8405797101449275,0.0,0.0,0.27947506525162924,1.3602624673741854
GraNdLast,fashion_mnist,4,0.0,0.5,50,50,2500,2500,70,1372,1442,0.612277188396547,0.47850000000000004,0.5628,,,,,0.6649609273299575,0,1,51,0.0,0.0,0.6651214361190796,0.6651214361190796,0.9974786639213562,0.047962265602056534,0.8260869565217391,0.9130434782608695,0.8260869565217391,0.0,0.0,0.2731576252204282,1.363421187389786
RHO-PretrainRef,fashion_mnist,4,0.0,0.5,50,50,2500,2500,70,1444,1514,0.6407381924218498,0.44189999999999996,0.6107,,,,,0.7149192923679948,0,1,51,0.0,0.0,0.7069849371910095,0.7069849371910095,0.9946929216384888,0.04959351817766825,0.8115942028985508,0.8985507246376812,0.7971014492753623,0.0,0.0,0.2718145726054991,1.3640927136972505
PU-R,fashion_mnist,4,0.0,0.5,50,50,2500,2500,70,977,1047,0.45394805824616924,0.346,0.4075,,,,,0.8697288781404495,0,1,51,0.0,0.0,0.704826831817627,0.704826831817627,0.9943305253982544,0.03843621823234834,0.9130434782608695,0.927536231884058,0.8985507246376812,0.0,0.0,0.2620473126035407,1.3689763436982296
GREATS,fashion_mnist,4,0.0,0.5,50,50,2500,2500,70,1149,1219,,0.3396,0.4739,,,,,0.9606674490496516,0,1,51,0.0,0.0,0.7153523564338684,0.7153523564338684,0.99791419506073,0.050225393495697906,0.8260869565217391,0.9130434782608695,0.8115942028985508,0.0,0.0,0.2755895984637949,1.3622052007681025
MaxLoss,fashion_mnist,4,0.0,0.6,50,50,2000,3000,70,1059,1129,0.6039229893940501,0.36029999999999995,0.5503,,,,,0.4773227898404002,0,1,51,0.0,0.0,0.7069955468177795,0.7069955468177795,0.9935557842254639,0.05141353153664133,0.8260869565217391,0.8985507246376812,0.8260869565217391,0.0,0.0,0.27054349178535314,1.3647282541073236
Marginal,fashion_mnist,4,0.0,0.6,50,50,2000,3000,70,637,707,0.3911677966825664,0.30400000000000005,0.3374,,,,,0.5641489261761308,0,1,51,0.0,0.0,0.6698209047317505,0.6698209047317505,0.9956884384155273,0.04093267736227616,0.8840579710144928,0.8985507246376812,0.8840579710144928,0.0,0.0,0.2686584480639795,1.3656707759680102
EL2N,fashion_mnist,4,0.0,0.6,50,50,2000,3000,70,954,1024,0.5516639683046378,0.38039999999999996,0.5075,,,,,0.5895586041733623,0,1,51,0.0,0.0,0.6845423579216003,0.6845423579216003,0.9940720796585083,0.04972615449324898,0.8695652173913043,0.9130434782608695,0.8695652173913043,0.0,0.0,0.2842665629375323,1.3578667185312339
GraNdLast,fashion_mnist,4,0.0,0.6,50,50,2000,3000,70,844,914,0.4964381096069701,0.36460000000000004,0.4384,,,,,0.6040452551096678,0,1,51,0.0,0.0,0.6605674028396606,0.6605674028396606,0.9980444312095642,0.04537898129311161,0.8405797101449275,0.8985507246376812,0.8405797101449275,0.0,0.0,0.2839664980746042,1.358016750962698
RHO-PretrainRef,fashion_mnist,4,0.0,0.6,50,50,2000,3000,70,1024,1094,0.586553460045252,0.371,0.5265,,,,,0.6474310653284192,0,1,51,0.0,0.0,0.7269067168235779,0.7269067168235779,0.9961574077606201,0.04822505427443463,0.8405797101449275,0.9130434782608695,0.8405797101449275,0.0,0.0,0.2616089721052555,1.3691955139473722
PU-R,fashion_mnist,4,0.0,0.6,50,50,2000,3000,70,740,810,0.4437736958498135,0.357,0.3912,,,,,0.8000955432653427,0,1,51,0.0,0.0,0.6987363696098328,0.6987363696098328,0.9945924282073975,0.04439139106999273,0.8840579710144928,0.8985507246376812,0.8840579710144928,0.0,0.0,0.2667823832799667,1.3666088083600165
GREATS,fashion_mnist,4,0.0,0.6,50,50,2000,3000,70,860,930,,0.363,0.4505,,,,,0.8568589827045798,0,1,51,0.0,0.0,0.7122641205787659,0.7122641205787659,0.9918574094772339,0.05029262105623881,0.8260869565217391,0.9130434782608695,0.8260869565217391,0.0,0.0,0.2787994002152249,1.3606002998923876
MaxLoss,fashion_mnist,4,0.0,0.7,50,50,1500,3500,70,796,866,0.6221545982989483,0.4092,0.5752,,,,,0.46482935547828674,0,1,51,0.0,0.0,0.7090429663658142,0.7090429663658142,0.9966754913330078,0.04658334605071856,0.8405797101449275,0.8840579710144928,0.8115942028985508,0.0,0.0,0.2685283937681433,1.3657358031159283
Marginal,fashion_mnist,4,0.0,0.7,50,50,1500,3500,70,499,569,0.4231171539868228,0.33919999999999995,0.3564,,,,,0.5388339031487703,0,1,51,0.0,0.0,0.67615807056427,0.67615807056427,0.9986015558242798,0.03777106171068938,0.855072463768116,0.9130434782608695,0.855072463768116,0.0,0.0,0.2676443612666087,1.3661778193666958
EL2N,fashion_mnist,4,0.0,0.7,50,50,1500,3500,70,706,776,0.5626092632883228,0.34940000000000004,0.5273,,,,,0.5547516075894237,0,1,51,0.0,0.0,0.6848089694976807,0.6848089694976807,0.9969877004623413,0.04427100804404936,0.8985507246376812,0.9130434782608695,0.8840579710144928,0.0,0.0,0.268819199101918,1.3655904004490411
GraNdLast,fashion_mnist,4,0.0,0.7,50,50,1500,3500,70,661,731,0.5325854644761421,0.4075,0.4848,,,,,0.56823237426579,0,1,51,0.0,0.0,0.627627432346344,0.627627432346344,0.9979456663131714,0.0424289686092432,0.8840579710144928,0.8985507246376812,0.8840579710144928,0.0,0.0,0.286210250343544,1.3568948748282281
RHO-PretrainRef,fashion_mnist,4,0.0,0.7,50,50,1500,3500,70,748,818,0.5904813024098985,0.36140000000000005,0.5514,,,,,0.5999070797115564,0,1,51,0.0,0.0,0.7073633670806885,0.7073633670806885,0.9955837726593018,0.04546162723631099,0.8840579710144928,0.8840579710144928,0.855072463768116,0.0,0.0,0.2667110849054856,1.3666444575472572
PU-R,fashion_mnist,4,0.0,0.7,50,50,1500,3500,70,531,601,0.4449154152534902,0.3547,0.3912,,,,,0.7335801851004362,0,1,51,0.0,0.0,0.6790075302124023,0.6790075302124023,0.9954570531845093,0.04552064425703408,0.8695652173913043,0.8985507246376812,0.8695652173913043,0.0,0.0,0.28601450950907736,1.3569927452454613
GREATS,fashion_mnist,4,0.0,0.7,50,50,1500,3500,70,605,675,,0.3658,0.4403,,,,,0.7642198465764523,0,1,51,0.0,0.0,0.6999567747116089,0.6999567747116089,0.9971948266029358,0.046216662379278656,0.8115942028985508,0.8840579710144928,0.8115942028985508,0.0,0.0,0.2806827603858434,1.3596586198070784
MaxLoss,fashion_mnist,4,0.0,0.8,50,50,1000,4000,70,473,543,0.5973699957830831,0.3702,0.5155,,,,,0.4446929795667529,0,1,51,0.0,0.0,0.723166823387146,0.723166823387146,0.9942837953567505,0.049355472775473114,0.8405797101449275,0.8985507246376812,0.8405797101449275,0.0,0.0,0.2632836000414134,1.3683581999792933
Marginal,fashion_mnist,4,0.0,0.8,50,50,1000,4000,70,303,373,0.42573309352155775,0.3085,0.3294,,,,,0.5014398572966456,0,1,51,0.0,0.0,0.6330038905143738,0.6330038905143738,0.9976609945297241,0.05051647018695223,0.8260869565217391,0.8695652173913043,0.8115942028985508,0.0,0.0,0.3000753851202794,1.3499623074398603
EL2N,fashion_mnist,4,0.0,0.8,50,50,1000,4000,70,474,544,0.5983604637440294,0.3556,0.5188,,,,,0.5095333233475685,0,1,51,0.0,0.0,0.6989701390266418,0.6989701390266418,0.9955716729164124,0.04581758401532104,0.8405797101449275,0.8695652173913043,0.8405797101449275,0.0,0.0,0.26147322179603105,1.3692633891019845
GraNdLast,fashion_mnist,4,0.0,0.8,50,50,1000,4000,70,399,469,0.5234545751591213,0.3326,0.4382,,,,,0.5191969322040677,0,1,51,0.0,0.0,0.6693107485771179,0.6693107485771179,0.9960733652114868,0.048976138450097344,0.8695652173913043,0.8840579710144928,0.8695652173913043,0.0,0.0,0.2759833809854269,1.3620083095072866
RHO-PretrainRef,fashion_mnist,4,0.0,0.8,50,50,1000,4000,70,488,558,0.6122031709528528,0.4102,0.5439,,,,,0.5396783938631415,0,1,51,0.0,0.0,0.6911266446113586,0.6911266446113586,0.9951683282852173,0.04958419480185578,0.8405797101449275,0.8840579710144928,0.8260869565217391,0.0,0.0,0.2742345365201457,1.3628827317399272
PU-R,fashion_mnist,4,0.0,0.8,50,50,1000,4000,70,409,479,0.533514317823574,0.38549999999999995,0.4425,,,,,0.6677213115617633,0,1,51,0.0,0.0,0.6908989548683167,0.6908989548683167,0.9942398071289062,0.04508504833000294,0.8260869565217391,0.9130434782608695,0.8260869565217391,0.0,0.0,0.27292523909785754,1.363537380451071
GREATS,fashion_mnist,4,0.0,0.8,50,50,1000,4000,70,423,493,,0.34040000000000004,0.4559,,,,,0.6706476053223014,0,1,51,0.0,0.0,0.7037950754165649,0.7037950754165649,0.9932832717895508,0.04852805146272632,0.8115942028985508,0.8840579710144928,0.8115942028985508,0.0,0.0,0.2740290310912991,1.3629854844543505
