dataset,method,noise_rate,pretrain_fraction,es_budget,n,step_mean,step_se,compression_size_mean,compression_size_se,remaining_bad_mean,remaining_bad_se,effective_compression_size_mean,effective_compression_size_se,certified_bound_mean,certified_bound_se,test_error_mean,test_error_se,test_inappropriate_risk_mean,test_inappropriate_risk_se,pac_bayes_bound_mean,pac_bayes_bound_se,pac_bayes_empirical_risk_mean,pac_bayes_empirical_risk_se,pac_bayes_mc_upper_mean,pac_bayes_mc_upper_se,pac_bayes_kl_mean,pac_bayes_kl_se,runtime_sec_mean,runtime_sec_se,stop_reached_mean,stop_reached_se,hit_limit_mean,hit_limit_se,train_calls_mean,train_calls_se,noise_hit_rate_mean,noise_hit_rate_se,duplicate_hit_rate_mean,duplicate_hit_rate_se,pairwise_feature_cosine_mean,pairwise_feature_cosine_se,mean_support_redundancy_mean,mean_support_redundancy_se,max_support_redundancy_mean,max_support_redundancy_se,mean_selected_residual_novelty_mean,mean_selected_residual_novelty_se,local_redundancy_hit_rate_mean,local_redundancy_hit_rate_se,residual_redundancy_hit_rate_mean,residual_redundancy_hit_rate_se,strong_redundancy_hit_rate_mean,strong_redundancy_hit_rate_se,mode_entropy_mean,mode_entropy_se,minority_mode_fraction_mean,minority_mode_fraction_se,spectral_entropy_mean,spectral_entropy_se,dynamic_mu_mean,dynamic_mu_se
fashion_mnist,EL2N,0.0,0.0,50,5,50.0,0.0,70.0,0.0,3020.6,53.88747535374059,3090.6,53.88747535374059,0.6435154393315315,0.010658758956964135,0.4783799999999999,0.020722967934154606,0.62032,0.012565006963786372,,,,,,,,,0.9295256925746799,0.004545426600709213,0.0,0.0,1.0,0.0,51.0,0.0,0.0,0.0,0.0,0.0,0.6823171973228455,0.004519556786871369,0.6823171973228455,0.004519556786871369,0.9946909785270691,0.0012506553945926487,0.05015229505041371,0.0019682393388675014,0.8492753623188406,0.01751166083129648,0.8927536231884059,0.007389883353033016,0.8434782608695652,0.015474026452219295,0.0,0.0,0.0,0.0,0.28231849268772125,0.003391119317360155,1.3588407536561395,0.0016955596586800744
fashion_mnist,EL2N,0.0,0.1,50,5,50.0,0.0,70.0,0.0,2420.4,32.44934513977131,2490.4,32.44934513977131,0.5806018448551186,0.007186414409819498,0.39512,0.010360762520200918,0.5551400000000001,0.007444769976298801,,,,,,,,,0.8660368455573917,0.011596825303878453,0.0,0.0,1.0,0.0,51.0,0.0,0.0,0.0,0.0,0.0,0.6832368969917297,0.004814874765461516,0.6832368969917297,0.004814874765461516,0.9949546813964844,0.0007145576971483379,0.0484957165044287,0.0013346759976056298,0.8376811594202899,0.010649955403405126,0.8956521739130434,0.005422691864889752,0.8318840579710146,0.011773968702370958,0.0,0.0,0.0,0.0,0.2811393842453297,0.0018149777423738633,1.3594303078773353,0.0009074888711869202
fashion_mnist,EL2N,0.0,0.2,50,5,50.0,0.0,70.0,0.0,2157.2,56.07708979610123,2227.2,56.07708979610123,0.5854495164938271,0.013948356334988124,0.41430000000000006,0.014639774588428616,0.56126,0.013383295558269635,,,,,,,,,0.7787980200722814,0.005431893095822137,0.0,0.0,1.0,0.0,51.0,0.0,0.0,0.0,0.0,0.0,0.6566799759864808,0.007022696308387804,0.6566799759864808,0.007022696308387804,0.9958731532096863,0.0005133291501239711,0.05037478463373322,0.0023735480066485177,0.846376811594203,0.009829463743659802,0.8898550724637682,0.007389883353033012,0.8376811594202899,0.009613405189435929,0.0,0.0,0.0,0.0,0.2904755935237727,0.006071286060527072,1.3547622032381137,0.003035643030263573
fashion_mnist,EL2N,0.0,0.3,50,5,50.0,0.0,70.0,0.0,1822.6,55.595503415294296,1892.6,55.595503415294296,0.5712679564137944,0.015854429315935774,0.3941,0.016088753836142812,0.54354,0.018496286113704012,,,,,,,,,0.7335681799799204,0.002626888535635991,0.0,0.0,1.0,0.0,51.0,0.0,0.0,0.0,0.0,0.0,0.682813572883606,0.01011069633518609,0.682813572883606,0.01011069633518609,0.9946860551834107,0.0010910052556034097,0.04891491726688717,0.001544263795127709,0.8579710144927537,0.00542269186488977,0.898550724637681,0.010247924365022426,0.8521739130434783,0.0028985507246376938,0.0,0.0,0.0,0.0,0.2814852585243056,0.003951982730437366,1.3592573707378475,0.001975991365218682
fashion_mnist,EL2N,0.0,0.4,50,5,50.0,0.0,70.0,0.0,1582.2,65.4548699486906,1652.2,65.4548699486906,0.5834031505743041,0.021656143933169125,0.41868,0.02455543524354639,0.55162,0.022206089254976885,,,,,,,,,0.6743404479697347,0.0024650561238519827,0.0,0.0,1.0,0.0,51.0,0.0,0.0,0.0,0.0,0.0,0.6692269206047058,0.00924450714209058,0.6692269206047058,0.00924450714209058,0.993987774848938,0.0010874484060794806,0.04865430602128955,0.0014934057970289734,0.8579710144927537,0.011594202898550735,0.898550724637681,0.006481356456521108,0.846376811594203,0.012634489691422241,0.0,0.0,0.0,0.0,0.28567277676495906,0.003982072928929788,1.3571636116175205,0.001991036464464886
fashion_mnist,EL2N,0.0,0.5,50,5,50.0,0.0,70.0,0.0,1404.2,68.6348308076883,1474.2,68.6348308076883,0.6247850607382134,0.027100198120669015,0.43594,0.023605647629328024,0.58518,0.028293451539181298,,,,,,,,,0.6451964974403381,0.002777683048775251,0.0,0.0,1.0,0.0,51.0,0.0,0.0,0.0,0.0,0.0,0.6967945098876953,0.005528984124820564,0.6967945098876953,0.005528984124820564,0.994466757774353,0.0009688632474507526,0.04683375142622685,0.0006011793251894089,0.855072463768116,0.014492753623188397,0.898550724637681,0.004583011101693288,0.8376811594202899,0.014779766706066034,0.0,0.0,0.0,0.0,0.27622011628078164,0.0025273609731038204,1.361889941859609,0.0012636804865519449
fashion_mnist,EL2N,0.0,0.6,50,5,50.0,0.0,70.0,0.0,975.6,23.116228066014575,1045.6,23.116228066014575,0.5624077358050272,0.011528511602983828,0.38739999999999997,0.007835240902486659,0.5219799999999999,0.012185253382675312,,,,,,,,,0.5896473916247487,0.002530985895626155,0.0,0.0,1.0,0.0,51.0,0.0,0.0,0.0,0.0,0.0,0.6831220865249634,0.008359583425341623,0.6831220865249634,0.008359583425341623,0.9956306457519531,0.0005398029537434205,0.046722268842268676,0.001295086769760681,0.8608695652173914,0.005797101449275363,0.898550724637681,0.006481356456521108,0.8492753623188406,0.007389883353033022,0.0,0.0,0.0,0.0,0.27422135992956864,0.00289963397916958,1.3628893200352157,0.0014498169895847918
fashion_mnist,EL2N,0.0,0.7,50,5,50.0,0.0,70.0,0.0,664.2,21.767866225241278,734.2,21.767866225241278,0.5346484375768341,0.01456287933080302,0.35081999999999997,0.00661531556314588,0.4939,0.012125716473676931,,,,,,,,,0.5500688049942255,0.0015020016924516119,0.0,0.0,1.0,0.0,51.0,0.0,0.0,0.0,0.0,0.0,0.6728832364082337,0.011692022417896568,0.6728832364082337,0.011692022417896568,0.9946947455406189,0.0010885357592386362,0.048731754871382225,0.0020327137063928303,0.8666666666666668,0.013282828101321281,0.8927536231884057,0.007389883353033014,0.855072463768116,0.012125507630928645,0.0,0.0,0.0,0.0,0.28124075644813373,0.0076408489216357655,1.359379621775933,0.003820424460817879
fashion_mnist,EL2N,0.0,0.8,50,5,50.0,0.0,70.0,0.0,427.4,15.917286200857232,497.4,15.917286200857232,0.5518535013194196,0.015931093199016075,0.35678,0.006148528279190065,0.48922,0.011813314522182164,,,,,,,,,0.5063111135736108,0.001251202174302926,0.0,0.0,1.0,0.0,51.0,0.0,0.0,0.0,0.0,0.0,0.6764390468597412,0.012199658718185047,0.6764390468597412,0.012199658718185047,0.9944156169891357,0.0004583162159515176,0.04937805092853049,0.0020641538440595917,0.8521739130434783,0.00961340518943595,0.8869565217391304,0.00542269186488977,0.8492753623188406,0.011773968702370956,0.0,0.0,0.0,0.0,0.27964244386770726,0.006621001829316763,1.3601787780661465,0.00331050091465839
fashion_mnist,GREATS,0.0,0.0,50,5,50.0,0.0,70.0,0.0,2809.4,96.06799675230039,2879.4,96.06799675230039,,,0.41468,0.013242295873450334,0.57726,0.020722924504036597,,,,,,,,,1.612703876197338,0.009964813918745197,0.0,0.0,1.0,0.0,51.0,0.0,0.0,0.0,0.0,0.0,0.725564968585968,0.001638187231003029,0.725564968585968,0.001638187231003029,0.9945072412490845,0.0013857307810450372,0.049188752796338955,0.0011471796848912003,0.8405797101449275,0.012962712913042242,0.9014492753623188,0.005422691864889752,0.8289855072463768,0.012467138068177711,0.0,0.0,0.0,0.0,0.2697384402615789,0.0017531092561297343,1.3651307798692105,0.0008765546280648637
fashion_mnist,GREATS,0.0,0.1,50,5,50.0,0.0,70.0,0.0,2230.6,58.63667794137045,2300.6,58.63667794137045,,,0.38520000000000004,0.00938631983260745,0.51394,0.010845625846395411,,,,,,,,,1.3735347036272287,0.012152506846240214,0.0,0.0,1.0,0.0,51.0,0.0,0.0,0.0,0.0,0.0,0.7225562453269958,0.0030377678509289773,0.7225562453269958,0.0030377678509289773,0.9926481127738953,0.0013971976527211028,0.047397817217785375,0.0009744904154347133,0.855072463768116,0.00793800807978501,0.9043478260869564,0.007389883353033016,0.846376811594203,0.007389883353033022,0.0,0.0,0.0,0.0,0.2689755504605498,0.0010838929537363479,1.365512224769725,0.0005419464768681558
fashion_mnist,GREATS,0.0,0.2,50,5,50.0,0.0,70.0,0.0,1980.4,52.84467806695391,2050.4,52.84467806695391,,,0.38780000000000003,0.017044295233303138,0.51452,0.012563693724378997,,,,,,,,,1.2643375813961029,0.020712436863038176,0.0,0.0,1.0,0.0,51.0,0.0,0.0,0.0,0.0,0.0,0.7148392200469971,0.003405337603770103,0.7148392200469971,0.003405337603770103,0.9924174427986145,0.0020288060471828494,0.04608166036398514,0.001311792321881366,0.8318840579710145,0.011773968702370952,0.8927536231884059,0.005797101449275343,0.8202898550724637,0.015609173354013043,0.0,0.0,0.0,0.0,0.27137692797485935,0.002431981518426205,1.3643115360125704,0.0012159907592131142
fashion_mnist,GREATS,0.0,0.3,50,5,50.0,0.0,70.0,0.0,1618.6,87.32846042385036,1688.6,87.32846042385036,,,0.35272,0.01631852934550169,0.4840400000000001,0.024352383866882522,,,,,,,,,1.1588050032034516,0.01119968238432606,0.0,0.0,1.0,0.0,51.0,0.0,0.0,0.0,0.0,0.0,0.7221732974052429,0.00281269219190446,0.7221732974052429,0.00281269219190446,0.9930718302726745,0.000780508111521592,0.046076024096945056,0.0010098177432531538,0.8521739130434783,0.005422691864889776,0.9072463768115941,0.00982946374365981,0.8521739130434783,0.005422691864889776,0.0,0.0,0.0,0.0,0.270729574650321,0.0020087647077740556,1.3646352126748396,0.0010043823538870168
fashion_mnist,GREATS,0.0,0.4,50,5,50.0,0.0,70.0,0.0,1371.8,62.385414962152815,1441.8,62.385414962152815,,,0.38286000000000003,0.018685117072151303,0.48246,0.02090355472162569,,,,,,,,,1.042790556885302,0.008602871099233094,0.0,0.0,1.0,0.0,51.0,0.0,0.0,0.0,0.0,0.0,0.7108972549438477,0.003798049560913721,0.7108972549438477,0.003798049560913721,0.9917625904083252,0.0019309934846004205,0.046967831491560176,0.0020248413964036034,0.8521739130434783,0.01798503426955196,0.9159420289855073,0.005422691864889776,0.8434782608695652,0.01677657522143511,0.0,0.0,0.0,0.0,0.2730005274876283,0.0026215036784986894,1.3634997362561858,0.0013107518392493423
fashion_mnist,GREATS,0.0,0.5,50,5,50.0,0.0,70.0,0.0,1141.0,33.282127335854,1211.0,33.282127335854,,,0.3761,0.013663528094895551,0.48498,0.0130464707871516,,,,,,,,,0.9487618474289775,0.004955836130021152,0.0,0.0,1.0,0.0,51.0,0.0,0.0,0.0,0.0,0.0,0.7035353541374206,0.006766741093218453,0.7035353541374206,0.006766741093218453,0.9921576023101807,0.0018481020394589406,0.04869494101275569,0.0016576076861303229,0.8115942028985508,0.015200128234350015,0.8956521739130434,0.005422691864889752,0.8,0.015474026452219307,0.0,0.0,0.0,0.0,0.2793493769640848,0.004414034853063819,1.3603253115179577,0.002207017426531936
fashion_mnist,GREATS,0.0,0.6,50,5,50.0,0.0,70.0,0.0,823.4,27.81474429147246,893.4,27.81474429147246,,,0.3442,0.00879289485891876,0.44824,0.011212921118067314,,,,,,,,,0.8469180861487985,0.005250847544535953,0.0,0.0,1.0,0.0,51.0,0.0,0.0,0.0,0.0,0.0,0.7056841135025025,0.005510787827638357,0.7056841135025025,0.005510787827638357,0.9917360067367553,0.0018996160874287975,0.04814293568117031,0.0008437408358498761,0.8376811594202899,0.007099970268936752,0.8956521739130434,0.008450654920065644,0.8289855072463768,0.0028985507246376717,0.0,0.0,0.0,0.0,0.2788635603345041,0.002733230347633682,1.3605682198327478,0.0013666151738168282
fashion_mnist,GREATS,0.0,0.7,50,5,50.0,0.0,70.0,0.0,578.4,19.661129163911212,648.4,19.661129163911212,,,0.3478,0.012997576697215525,0.43306000000000006,0.0143560649204439,,,,,,,,,0.756869475543499,0.0032815331062037924,0.0,0.0,1.0,0.0,51.0,0.0,0.0,0.0,0.0,0.0,0.6991769075393677,0.004024175342294493,0.6991769075393677,0.004024175342294493,0.9937908172607421,0.0018072144096823368,0.04403711164343184,0.0008419284824404667,0.8492753623188406,0.01263448969142224,0.8898550724637682,0.0035499851344683625,0.8376811594202899,0.008450654920065647,0.0,0.0,0.0,0.0,0.27637954853729535,0.002236992514041072,1.3618102257313525,0.001118496257020535
fashion_mnist,GREATS,0.0,0.8,50,5,50.0,0.0,70.0,0.0,369.0,17.767948671695333,439.0,17.767948671695333,,,0.33382,0.005218467207906931,0.42934,0.012628364898117257,,,,,,,,,0.6653422016650439,0.002400914722629043,0.0,0.0,1.0,0.0,51.0,0.0,0.0,0.0,0.0,0.0,0.6938136577606201,0.003656106940099468,0.6938136577606201,0.003656106940099468,0.9940670728683472,0.001003331714330067,0.04802335762027381,0.0011068966032550637,0.8405797101449275,0.012962712913042242,0.8956521739130435,0.008450654920065644,0.8347826086956521,0.01344002680506623,0.0,0.0,0.0,0.0,0.2783978396891041,0.003334076180545053,1.360801080155448,0.0016670380902725176
fashion_mnist,GraNdLast,0.0,0.0,50,5,50.0,0.0,70.0,0.0,2688.0,103.65760946500743,2758.0,103.65760946500743,0.5774132253252902,0.02070411148682409,0.41572000000000003,0.018762499833444354,0.55398,0.02084769531626937,,,,,,,,,1.003692238032818,0.010464193613837897,0.0,0.0,1.0,0.0,51.0,0.0,0.0,0.0,0.0,0.0,0.6931316614151001,0.007748339617094635,0.6931316614151001,0.007748339617094635,0.9954908132553101,0.0004894682859102873,0.050229913773743994,0.0016735305685345533,0.8521739130434783,0.01405124596352559,0.8898550724637682,0.0035499851344683625,0.8521739130434783,0.01405124596352559,0.0,0.0,0.0,0.0,0.2705316900945594,0.003225387564891171,1.36473415495272,0.0016126937824456201
fashion_mnist,GraNdLast,0.0,0.1,50,5,50.0,0.0,70.0,0.0,2151.2,82.83139501420943,2221.2,82.83139501420943,0.5207599172019399,0.018475286466043885,0.38668,0.0213384488658384,0.4967,0.02162052265788225,,,,,,,,,0.902259117178619,0.008515259169614724,0.0,0.0,1.0,0.0,51.0,0.0,0.0,0.0,0.0,0.0,0.6590037941932678,0.012000708960207473,0.6590037941932678,0.012000708960207473,0.9968048334121704,0.0005598391043123592,0.04996311535005984,0.0009422204669913252,0.855072463768116,0.00793800807978501,0.8956521739130434,0.005422691864889752,0.8521739130434783,0.007099970268936744,0.0,0.0,0.0,0.0,0.28478087646956196,0.005192196954513885,1.3576095617652189,0.0025960984772569373
fashion_mnist,GraNdLast,0.0,0.2,50,5,50.0,0.0,70.0,0.0,2052.4,90.84084984190757,2122.4,90.84084984190757,0.5592599302763119,0.022694663356920965,0.41142,0.011977286838011348,0.52452,0.02218486871721353,,,,,,,,,0.833897576853633,0.00862547433031782,0.0,0.0,1.0,0.0,51.0,0.0,0.0,0.0,0.0,0.0,0.6365809917449952,0.01232362065214213,0.6365809917449952,0.01232362065214213,0.9972298979759217,0.00034852657970607046,0.04879550644453021,0.002504862578599262,0.8753623188405797,0.007389883353033022,0.8840579710144928,0.004583011101693306,0.8695652173913043,0.007938008079785031,0.0,0.0,0.0,0.0,0.2911195067929347,0.006146595845908589,1.3544402466035328,0.00307329792295429
fashion_mnist,GraNdLast,0.0,0.3,50,5,50.0,0.0,70.0,0.0,1731.4,84.64667743036345,1801.4,84.64667743036345,0.5451689202920533,0.02418653378298873,0.39718,0.029135294747093265,0.51686,0.025419630209741445,,,,,,,,,0.7747060243040323,0.004526415431252584,0.0,0.0,1.0,0.0,51.0,0.0,0.0,0.0,0.0,0.0,0.6578159809112549,0.004017728108745494,0.6578159809112549,0.004017728108745494,0.9968608379364013,0.0001242147892246097,0.04741232589535091,0.001588359751440046,0.8666666666666668,0.012467138068177718,0.8956521739130434,0.010649955403405117,0.8608695652173914,0.011773968702370966,0.0,0.0,0.0,0.0,0.2799832169878951,0.0018010942282759926,1.3600083915060523,0.0009005471141380069
fashion_mnist,GraNdLast,0.0,0.4,50,5,50.0,0.0,70.0,0.0,1420.6,39.85047051165142,1490.6,39.85047051165142,0.5296925718197599,0.013298512316132499,0.39796,0.012496103392658066,0.49888000000000005,0.014504392438154724,,,,,,,,,0.7063198797404766,0.0033322236409413526,0.0,0.0,1.0,0.0,51.0,0.0,0.0,0.0,0.0,0.0,0.6513813138008118,0.006113828146734088,0.6513813138008118,0.006113828146734088,0.9958715677261353,0.0005797314004124175,0.04978716837755148,0.0015283113252882003,0.8521739130434783,0.010649955403405116,0.8840579710144928,0.006481356456521133,0.8376811594202899,0.008450654920065647,0.0,0.0,0.0,0.0,0.2853875215368406,0.002860066782934999,1.3573062392315798,0.0014300333914675349
fashion_mnist,GraNdLast,0.0,0.5,50,5,50.0,0.0,70.0,0.0,1278.0,56.808450075670955,1348.0,56.808450075670955,0.5747784088482149,0.022670132458327278,0.42656,0.018581781400070337,0.5372200000000001,0.02038166823397927,,,,,,,,,0.6634211800992489,0.002221221134718355,0.0,0.0,1.0,0.0,51.0,0.0,0.0,0.0,0.0,0.0,0.671814215183258,0.0034901369542757765,0.671814215183258,0.0034901369542757765,0.9949602246284485,0.001149203641855486,0.046018516196720836,0.001554188788102548,0.872463768115942,0.01677657522143511,0.8869565217391304,0.008450654920065647,0.8608695652173914,0.011773968702370954,0.0,0.0,0.0,0.0,0.27459759985233184,0.002721172164778782,1.362701200073834,0.0013605860823893835
fashion_mnist,GraNdLast,0.0,0.6,50,5,50.0,0.0,70.0,0.0,982.2,64.71584041021178,1052.2,64.71584041021178,0.5654004585696384,0.03223715362564911,0.40190000000000003,0.021387823638696842,0.52464,0.03261362598669459,,,,,,,,,0.6106692161411047,0.004033171878877025,0.0,0.0,1.0,0.0,51.0,0.0,0.0,0.0,0.0,0.0,0.6590065598487854,0.005383791387381078,0.6590065598487854,0.005383791387381078,0.9977341294288635,0.0003297562209082479,0.04427634097527767,0.0008852581775434768,0.8666666666666666,0.00709997026893676,0.9014492753623188,0.005422691864889752,0.8608695652173912,0.005797101449275363,0.0,0.0,0.0,0.0,0.27708207743191615,0.003432058095012696,1.361458961284042,0.001716029047506338
fashion_mnist,GraNdLast,0.0,0.7,50,5,50.0,0.0,70.0,0.0,651.2,36.98161705496394,721.2,36.98161705496394,0.5257994993356988,0.02491462222370495,0.38405999999999996,0.02143050629359931,0.47728000000000004,0.019535004479139487,,,,,,,,,0.566705826856196,0.0019457727695412934,0.0,0.0,1.0,0.0,51.0,0.0,0.0,0.0,0.0,0.0,0.6569777727127075,0.01148554869998036,0.6569777727127075,0.01148554869998036,0.9972051978111267,0.0005315235540376547,0.04596459070841471,0.0012166731678931702,0.8782608695652175,0.009829463743659802,0.8898550724637682,0.0035499851344683625,0.8666666666666668,0.007099970268936752,0.0,0.0,0.0,0.0,0.2783513063462314,0.004460653069688089,1.3608243468268841,0.0022303265348440266
fashion_mnist,GraNdLast,0.0,0.8,50,5,50.0,0.0,70.0,0.0,399.6,6.046486583132389,469.6,6.046486583132389,0.5240425230469554,0.0060914300131460365,0.36156,0.0076297182123588325,0.45556,0.007237098866258494,,,,,,,,,0.5177867215126752,0.0008872591765661343,0.0,0.0,1.0,0.0,51.0,0.0,0.0,0.0,0.0,0.0,0.656775689125061,0.004577325309923165,0.656775689125061,0.004577325309923165,0.9968406081199646,0.0006691441468166002,0.04814527224803316,0.0007869752585200456,0.8579710144927537,0.012467138068177711,0.8898550724637682,0.007389883353033012,0.855072463768116,0.015200128234350027,0.0,0.0,0.0,0.0,0.2810935636056101,0.0019755364734089947,1.359453218197195,0.000987768236704515
fashion_mnist,MaxLoss,0.0,0.0,50,5,50.0,0.0,70.0,0.0,2992.0,27.635122579789652,3062.0,27.635122579789652,0.6378765337867662,0.0054726029521944605,0.41056,0.010701149470968056,0.61886,0.00715867306139902,,,,,,,,,1.1205235267058016,0.54518953038945,0.0,0.0,1.0,0.0,51.0,0.0,0.0,0.0,0.0,0.0,0.7323301434516907,0.0025352697845984415,0.7323301434516907,0.0025352697845984415,0.993816328048706,0.000932590307556894,0.050582982664522914,0.0008349348545929215,0.8318840579710145,0.016268075594669314,0.8927536231884059,0.0035499851344683625,0.8231884057971014,0.012467138068177711,0.0,0.0,0.0,0.0,0.26325137687995964,0.0014749572300284857,1.3683743115600202,0.0007374786150142468
fashion_mnist,MaxLoss,0.0,0.1,50,5,50.0,0.0,70.0,0.0,2607.0,81.76674140504805,2677.0,81.76674140504805,0.6217347594443708,0.017999211508511494,0.41868,0.010132492289659048,0.5978000000000001,0.018565640306760226,,,,,,,,,0.5752308202907443,0.0027731506535973857,0.0,0.0,1.0,0.0,51.0,0.0,0.0,0.0,0.0,0.0,0.7246574401855469,0.0033257797589045838,0.7246574401855469,0.0033257797589045838,0.9920509934425354,0.0015275154799977832,0.04925373667392178,0.0012543753745282839,0.8492753623188406,0.016901309840131315,0.9101449275362319,0.00542269186488977,0.846376811594203,0.016901309840131315,0.0,0.0,0.0,0.0,0.26487670483817055,0.0026567394168781565,1.367561647580915,0.0013283697084390692
fashion_mnist,MaxLoss,0.0,0.2,50,5,50.0,0.0,70.0,0.0,2277.4,60.870846880916645,2347.4,60.870846880916645,0.6152912202640437,0.015111457984346476,0.41411999999999993,0.009551617664039941,0.5898999999999999,0.013826460139891188,,,,,,,,,0.5421424778178334,0.0007683868430656643,0.0,0.0,1.0,0.0,51.0,0.0,0.0,0.0,0.0,0.0,0.7244066715240478,0.005728849816798244,0.7244066715240478,0.005728849816798244,0.9903324484825134,0.0016518770781131945,0.05135358014832372,0.002429242855844512,0.846376811594203,0.007389883353033022,0.8956521739130434,0.008450654920065645,0.8376811594202899,0.008450654920065645,0.0,0.0,0.0,0.0,0.2701440693686913,0.004209429109942469,1.3649279653156543,0.0021047145549712588
fashion_mnist,MaxLoss,0.0,0.3,50,5,50.0,0.0,70.0,0.0,1887.2,21.816049138191815,1957.2,21.816049138191815,0.589698069426231,0.006200523325137856,0.39496000000000003,0.017602460055344535,0.5624,0.008380214794383258,,,,,,,,,0.5275899277999997,0.0010390130315842618,0.0,0.0,1.0,0.0,51.0,0.0,0.0,0.0,0.0,0.0,0.7235369801521301,0.009620984696530839,0.7235369801521301,0.009620984696530839,0.9923598408699036,0.0010585059874638114,0.048532262703646786,0.0006208950656056291,0.8347826086956524,0.014921203102879706,0.9014492753623188,0.005422691864889752,0.8260869565217392,0.016524281523175918,0.0,0.0,0.0,0.0,0.266137106334693,0.005446244198502246,1.3669314468326534,0.002723122099251139
fashion_mnist,MaxLoss,0.0,0.4,50,5,50.0,0.0,70.0,0.0,1643.0,70.05140969316749,1713.0,70.05140969316749,0.6035200280603021,0.023147627990623088,0.42206,0.020367243308803476,0.57744,0.022794924873752044,,,,,,,,,0.5055841496214271,0.0006589475530568892,0.0,0.0,1.0,0.0,51.0,0.0,0.0,0.0,0.0,0.0,0.7126286506652832,0.0024045189809915315,0.7126286506652832,0.0024045189809915315,0.9905220746994019,0.0016804665417318786,0.04950207476166711,0.0009437137514617097,0.8231884057971015,0.016138447428492825,0.9014492753623188,0.005422691864889752,0.8144927536231885,0.015474026452219295,0.0,0.0,0.0,0.0,0.2698555873349588,0.0027203348271365568,1.3650722063325207,0.001360167413568274
fashion_mnist,MaxLoss,0.0,0.5,50,5,50.0,0.0,70.0,0.0,1347.6,49.83231883025312,1417.6,49.83231883025312,0.6024838065728545,0.01978973471308579,0.39404000000000006,0.011445243553546595,0.5703400000000001,0.015006851768442311,,,,,,,,,0.49557998310774565,0.0005747470000401984,0.0,0.0,1.0,0.0,51.0,0.0,0.0,0.0,0.0,0.0,0.7066870331764221,0.006473082384299504,0.7066870331764221,0.006473082384299504,0.9913057923316956,0.0018689866027033228,0.05105102507100588,0.0018650995675277581,0.8318840579710145,0.00982946374365981,0.881159420289855,0.005422691864889776,0.8173913043478261,0.011773968702370952,0.0,0.0,0.0,0.0,0.2761911648196288,0.004860622089672503,1.3619044175901855,0.002430311044836266
fashion_mnist,MaxLoss,0.0,0.6,50,5,50.0,0.0,70.0,0.0,1039.2,48.024368814176,1109.2,48.024368814176,0.5939093112596311,0.02375908801400299,0.38567999999999997,0.024934421990493397,0.55062,0.025122129686792092,,,,,,,,,0.47505941707640886,0.0007039820533249739,0.0,0.0,1.0,0.0,51.0,0.0,0.0,0.0,0.0,0.0,0.7143939852714538,0.004497612539914179,0.7143939852714538,0.004497612539914179,0.991438353061676,0.0017284413166143659,0.0485835544872975,0.0009597906482957907,0.8434782608695652,0.005422691864889776,0.8898550724637679,0.005797101449275363,0.8347826086956521,0.005797101449275363,0.0,0.0,0.0,0.0,0.26784268354556656,0.0033797666045188445,1.3660786582272166,0.0016898833022594402
fashion_mnist,MaxLoss,0.0,0.7,50,5,50.0,0.0,70.0,0.0,708.0,24.606909598728564,778.0,24.606909598728564,0.5638396581634879,0.016324323923969975,0.37185999999999997,0.00984416578486974,0.524,0.01294399474659968,,,,,,,,,0.46346706748008726,0.0005944849385456943,0.0,0.0,1.0,0.0,51.0,0.0,0.0,0.0,0.0,0.0,0.7034369587898255,0.0022228296966751576,0.7034369587898255,0.0022228296966751576,0.9936914801597595,0.0014057297882633308,0.048553711521452755,0.0006770003413284493,0.8434782608695652,0.01677657522143511,0.8898550724637682,0.005797101449275363,0.8289855072463768,0.012467138068177711,0.0,0.0,0.0,0.0,0.27483546873852843,0.0033775425617338204,1.3625822656307358,0.0016887712808669106
fashion_mnist,MaxLoss,0.0,0.8,50,5,50.0,0.0,70.0,0.0,436.6,17.873443988218945,506.6,17.873443988218945,0.561021755146794,0.017865950975978588,0.34484000000000004,0.011134792319572014,0.48701999999999995,0.014322199551744836,,,,,,,,,0.4437249915674329,0.0005867737467150547,0.0,0.0,1.0,0.0,51.0,0.0,0.0,0.0,0.0,0.0,0.7088545083999633,0.006513173168619399,0.7088545083999633,0.006513173168619399,0.9943366050720215,0.0007672852123381265,0.04980489132197007,0.0022609966805091143,0.8579710144927535,0.010649955403405126,0.8985507246376813,0.00793800807978501,0.8550724637681159,0.012962712913042252,0.0,0.0,0.0,0.0,0.2705683971128578,0.004317469118951776,1.364715801443571,0.002158734559475904
fashion_mnist,PU-R,0.0,0.0,50,5,50.0,0.0,70.0,0.0,1971.2,95.90797672769456,2041.2,95.90797672769456,0.43349465638166296,0.019389380086305006,0.34958,0.01459271736175275,0.40858,0.019583242836670338,,,,,,,,,1.3143289634957909,0.012647574905599219,0.0,0.0,1.0,0.0,51.0,0.0,0.0,0.0,0.0,0.0,0.7024853229522705,0.003885330048963803,0.7024853229522705,0.003885330048963803,0.9934813618659973,0.0014886813790195152,0.04383887801913248,0.0020523706636527556,0.8840579710144928,0.014492753623188415,0.9188405797101449,0.0057971014492753685,0.881159420289855,0.012467138068177721,0.0,0.0,0.0,0.0,0.27460831284697046,0.002940938956861158,1.3626958435765146,0.0014704694784305583
fashion_mnist,PU-R,0.0,0.1,50,5,50.0,0.0,70.0,0.0,1673.8,64.68802052930667,1743.8,64.68802052930667,0.41379733410431074,0.014590706651631816,0.35246,0.01615526539552972,0.39322,0.015423339456810257,,,,,,,,,1.143778108432889,0.005086903977394413,0.0,0.0,1.0,0.0,51.0,0.0,0.0,0.0,0.0,0.0,0.6893027782440185,0.004358055915129753,0.6893027782440185,0.004358055915129753,0.9960594773292542,0.0006661204229862676,0.04436763069335965,0.0012112342709176718,0.8840579710144928,0.010247924365022419,0.9217391304347826,0.00354998513446839,0.8753623188405797,0.01263448969142224,0.0,0.0,0.0,0.0,0.27667726765283784,0.0013449051107511322,1.3616613661735812,0.0006724525553755814
fashion_mnist,PU-R,0.0,0.2,50,5,50.0,0.0,70.0,0.0,1552.4,76.22506149554751,1622.4,76.22506149554751,0.4335904067964293,0.01930325293379188,0.36144,0.018266433696811208,0.41631999999999997,0.020626836887899225,,,,,,,,,1.063271446339786,0.012794519281204451,0.0,0.0,1.0,0.0,51.0,0.0,0.0,0.0,0.0,0.0,0.6938057899475097,0.0036206213691196976,0.6938057899475097,0.0036206213691196976,0.9932012915611267,0.0022115224525811952,0.0422381576852522,0.002244738998027067,0.8782608695652174,0.013440026805066233,0.9217391304347826,0.00982946374365982,0.8753623188405797,0.01263448969142224,0.0,0.0,0.0,0.0,0.2755478464050669,0.0028280009075857837,1.3622260767974665,0.0014140004537928814
fashion_mnist,PU-R,0.0,0.3,50,5,50.0,0.0,70.0,0.0,1305.8,49.32078669283368,1375.8,49.32078669283368,0.4227339580887929,0.014307309019622235,0.35536,0.014768567973909985,0.39841999999999994,0.01246825569195627,,,,,,,,,1.005241397768259,0.004640279700701592,0.0,0.0,1.0,0.0,51.0,0.0,0.0,0.0,0.0,0.0,0.6908048868179322,0.005146738117144431,0.6908048868179322,0.005146738117144431,0.9925942540168762,0.0018927703939911986,0.042505758741627576,0.001037026189195301,0.8753623188405797,0.013440026805066237,0.9101449275362319,0.0054226918648897695,0.863768115942029,0.012634489691422232,0.0,0.0,0.0,0.0,0.2788970798300393,0.0030849611241370563,1.3605514600849804,0.0015424805620685063
fashion_mnist,PU-R,0.0,0.4,50,5,50.0,0.0,70.0,0.0,1144.2,37.0194543449792,1214.2,37.0194543449792,0.43678644954925405,0.012514851015482565,0.36068,0.01777648446684551,0.40518,0.01713917734315157,,,,,,,,,0.9333746025338769,0.00200101049533811,0.0,0.0,1.0,0.0,51.0,0.0,0.0,0.0,0.0,0.0,0.6942729949951172,0.004305095146912187,0.6942729949951172,0.004305095146912187,0.9942819237709045,0.0007963704210468817,0.04384273582178613,0.0012554449334791424,0.9014492753623188,0.014051245963525586,0.9217391304347826,0.007389883353033022,0.8898550724637682,0.01344002680506623,0.0,0.0,0.0,0.0,0.27563329221772714,0.003182913421002155,1.3621833538911363,0.0015914567105010772
fashion_mnist,PU-R,0.0,0.5,50,5,50.0,0.0,70.0,0.0,918.8,21.19528249398908,988.8,21.19528249398908,0.4302877553505823,0.00862622789743228,0.35024,0.006045212982186811,0.39682,0.0074319849300170104,,,,,,,,,0.8582290058955551,0.004120437260263255,0.0,0.0,1.0,0.0,51.0,0.0,0.0,0.0,0.0,0.0,0.6838117003440857,0.006877545163540934,0.6838117003440857,0.006877545163540934,0.9929775357246399,0.0011088425487114054,0.042487214570460105,0.0011493787349097007,0.8956521739130434,0.016776575221435105,0.9130434782608695,0.00793800807978501,0.8782608695652174,0.019226810378871875,0.0,0.0,0.0,0.0,0.2795174851188234,0.004538986513464113,1.3602412574405884,0.0022694932567320554
fashion_mnist,PU-R,0.0,0.6,50,5,50.0,0.0,70.0,0.0,733.8,18.467268341582088,803.8,18.467268341582088,0.44059119985904543,0.009402927490566473,0.35646,0.010426821183850825,0.39784,0.011123695429127856,,,,,,,,,0.7935056911781431,0.003978349688617871,0.0,0.0,1.0,0.0,51.0,0.0,0.0,0.0,0.0,0.0,0.6827436208724975,0.005762176663058106,0.6827436208724975,0.005762176663058106,0.9936761379241943,0.0014739952702798743,0.043497946890799895,0.0005187858004389326,0.8840579710144928,0.014492753623188411,0.9101449275362319,0.0028985507246376712,0.8695652173913043,0.009166022203386621,0.0,0.0,0.0,0.0,0.279796241841027,0.004514099605737494,1.3601018790794865,0.0022570498028687213
fashion_mnist,PU-R,0.0,0.7,50,5,50.0,0.0,70.0,0.0,522.0,28.623416986795966,592.0,28.623416986795966,0.4386498822714202,0.019549595680679488,0.35219999999999996,0.018855715313930693,0.39136000000000004,0.019210767813911026,,,,,,,,,0.727066588960588,0.0019488726869433808,0.0,0.0,1.0,0.0,51.0,0.0,0.0,0.0,0.0,0.0,0.6803148746490478,0.005060956116709958,0.6803148746490478,0.005060956116709958,0.9946105122566223,0.0011635867993419957,0.042475309276926346,0.0009889676991177787,0.8753623188405797,0.007389883353033022,0.8985507246376813,0.006481356456521108,0.8608695652173914,0.005797101449275363,0.0,0.0,0.0,0.0,0.28188048328775117,0.0021655061749411885,1.3590597583561244,0.0010827530874706057
fashion_mnist,PU-R,0.0,0.8,50,5,50.0,0.0,70.0,0.0,361.2,22.791226382097125,431.2,22.791226382097125,0.48499277924420314,0.023097955110635133,0.36602,0.024496150718020967,0.4159,0.025450402747304417,,,,,,,,,0.6624060455709696,0.002468444033787195,0.0,0.0,1.0,0.0,51.0,0.0,0.0,0.0,0.0,0.0,0.688418698310852,0.007461469029340941,0.688418698310852,0.007461469029340941,0.9943351984024048,0.0015978021204179824,0.04337255207524783,0.0014384281023225546,0.881159420289855,0.01405124596352559,0.9101449275362319,0.0028985507246376717,0.8666666666666666,0.010649955403405126,0.0,0.0,0.0,0.0,0.27222782819753244,0.003426214974312465,1.3638860859012336,0.0017131074871562387
fashion_mnist,RHO-PretrainRef,0.0,0.0,50,5,50.0,0.0,70.0,0.0,3108.2,106.83791461836007,3178.2,106.83791461836007,0.6607434813864529,0.021124111107688782,0.42018000000000005,0.013139459654034485,0.6370199999999999,0.01882664069875452,,,,,,,,,1.093522790260613,0.006081282297917977,0.0,0.0,1.0,0.0,51.0,0.0,0.0,0.0,0.0,0.0,0.7399779915809631,0.004105820992455074,0.7399779915809631,0.004105820992455074,0.992228889465332,0.0012732888656775893,0.04852596910103507,0.0015229932186386923,0.8579710144927537,0.007099970268936752,0.9043478260869564,0.005797101449275343,0.855072463768116,0.006481356456521133,0.0,0.0,0.0,0.0,0.2574099159300933,0.00415831881640839,1.3712950420349537,0.002079159408204213
fashion_mnist,RHO-PretrainRef,0.0,0.1,50,5,50.0,0.0,70.0,0.0,2351.0,79.68374991176054,2421.0,79.68374991176054,0.5651699847541749,0.017639875110676977,0.38530000000000003,0.008384270987986962,0.54444,0.017505730490328015,,,,,,,,,0.9745475264266134,0.00924524611515735,0.0,0.0,1.0,0.0,51.0,0.0,0.0,0.0,0.0,0.0,0.7169764399528503,0.00416282222158731,0.7169764399528503,0.00416282222158731,0.9920509815216064,0.0011011925801163913,0.04852301307778428,0.0018361908551011523,0.846376811594203,0.017511660831296478,0.9072463768115941,0.007389883353033012,0.8434782608695652,0.01613844742849281,0.0,0.0,0.0,0.0,0.267153061873402,0.0029236797154432344,1.366423469063299,0.0014618398577216285
fashion_mnist,RHO-PretrainRef,0.0,0.2,50,5,50.0,0.0,70.0,0.0,2337.8,61.97128367235908,2407.8,61.97128367235908,0.6302454988355748,0.015326473918655964,0.42190000000000005,0.010724644516253214,0.60934,0.016337184579969695,,,,,,,,,0.8957562761381268,0.0054567283079513,0.0,0.0,1.0,0.0,51.0,0.0,0.0,0.0,0.0,0.0,0.7225088477134705,0.004102355726005145,0.7225088477134705,0.004102355726005145,0.9905374884605408,0.0018631197530346942,0.048441028810929564,0.0016180858711713814,0.8492753623188406,0.014921203102879718,0.8956521739130434,0.007099970268936744,0.8434782608695652,0.014779766706066049,0.0,0.0,0.0,0.0,0.2661693463316543,0.0036679688490155364,1.3669153268341727,0.0018339844245077808
fashion_mnist,RHO-PretrainRef,0.0,0.3,50,5,50.0,0.0,70.0,0.0,1920.2,89.25883709751098,1990.2,89.25883709751098,0.5989092413918116,0.02529343990981036,0.40082000000000007,0.025996353590455715,0.57302,0.027763292311971933,,,,,,,,,0.8282911211252213,0.009405037952159715,0.0,0.0,1.0,0.0,51.0,0.0,0.0,0.0,0.0,0.0,0.7315336465835571,0.002066191523666745,0.7315336465835571,0.002066191523666745,0.9923097372055054,0.0007483791242130165,0.04680970756040104,0.0007532068468160473,0.8492753623188406,0.00982946374365982,0.9072463768115941,0.007389883353033012,0.8434782608695652,0.01246713806817772,0.0,0.0,0.0,0.0,0.2594584268179572,0.002335325800166536,1.3702707865910213,0.0011676629000832775
fashion_mnist,RHO-PretrainRef,0.0,0.4,50,5,50.0,0.0,70.0,0.0,1593.8,56.31287596988809,1663.8,56.31287596988809,0.5872849373030476,0.018680380539980963,0.3920600000000001,0.019456685226420252,0.55386,0.01995403718549207,,,,,,,,,0.7469376368448138,0.00781064347300112,0.0,0.0,1.0,0.0,51.0,0.0,0.0,0.0,0.0,0.0,0.7100963711738586,0.005303824866451371,0.7100963711738586,0.005303824866451371,0.9920455098152161,0.0010575293723299945,0.048723529948704485,0.0021989628371898,0.8347826086956521,0.016901309840131308,0.9014492753623188,0.005422691864889752,0.8144927536231885,0.01677657522143511,0.0,0.0,0.0,0.0,0.2719315962184903,0.005551144127488798,1.3640342018907547,0.0027755720637444173
fashion_mnist,RHO-PretrainRef,0.0,0.5,50,5,50.0,0.0,70.0,0.0,1292.0,44.97443718380475,1362.0,44.97443718380475,0.5804095994331874,0.01788407688013608,0.38334,0.019106873108910304,0.55532,0.016207356354445965,,,,,,,,,0.7053790554404259,0.003290657256307542,0.0,0.0,1.0,0.0,51.0,0.0,0.0,0.0,0.0,0.0,0.7136691570281982,0.003240386386297217,0.7136691570281982,0.003240386386297217,0.9906308889389038,0.0020203332423726697,0.048710990427196885,0.0003344836432327001,0.8492753623188406,0.009829463743659799,0.8927536231884059,0.007389883353033016,0.8347826086956521,0.011773968702370952,0.0,0.0,0.0,0.0,0.270944412562187,0.0010835575526267382,1.3645277937189064,0.0005417787763133574
fashion_mnist,RHO-PretrainRef,0.0,0.6,50,5,50.0,0.0,70.0,0.0,999.4,22.449053432160564,1069.4,22.449053432160564,0.5742739739827811,0.011185915857359962,0.37344,0.014014228483937312,0.5386399999999999,0.010281857808781434,,,,,,,,,0.6452460590749979,0.0010911897366068803,0.0,0.0,1.0,0.0,51.0,0.0,0.0,0.0,0.0,0.0,0.7194066524505616,0.007605151794735433,0.7194066524505616,0.007605151794735433,0.993179190158844,0.0017942247748615207,0.048722064279127814,0.0011031587647339768,0.8521739130434783,0.005422691864889776,0.8869565217391303,0.008450654920065647,0.8434782608695652,0.0028985507246376933,0.0,0.0,0.0,0.0,0.265332610382668,0.005290221954825782,1.3673336948086658,0.0026451109774128824
fashion_mnist,RHO-PretrainRef,0.0,0.7,50,5,50.0,0.0,70.0,0.0,658.0,25.65735761920935,728.0,25.65735761920935,0.5304701670538634,0.01713215832238693,0.34448,0.010883859609531915,0.49627999999999994,0.017758305099304938,,,,,,,,,0.5903885746374726,0.0026906294765711956,0.0,0.0,1.0,0.0,51.0,0.0,0.0,0.0,0.0,0.0,0.7030965566635132,0.002368446718760137,0.7030965566635132,0.002368446718760137,0.9942097187042236,0.0009540880399955698,0.047046654854995616,0.0012186616185894665,0.8608695652173914,0.009829463743659825,0.8898550724637682,0.007389883353033012,0.8405797101449275,0.00793800807978501,0.0,0.0,0.0,0.0,0.2713261071893969,0.002086508920232942,1.3643369464053015,0.001043254460116436
fashion_mnist,RHO-PretrainRef,0.0,0.8,50,5,50.0,0.0,70.0,0.0,416.0,18.20164827701052,486.0,18.20164827701052,0.5403952906955964,0.018157089808784558,0.34687999999999997,0.01692546602017209,0.47783999999999993,0.01683768392624117,,,,,,,,,0.536021432094276,0.0009360590930635444,0.0,0.0,1.0,0.0,51.0,0.0,0.0,0.0,0.0,0.0,0.6974416851997376,0.0024118695849507524,0.6974416851997376,0.0024118695849507524,0.9932204842567444,0.001424388702625136,0.048809167958688046,0.0014969735439538533,0.843478260869565,0.013282828101321273,0.8927536231884059,0.005797101449275343,0.8376811594202899,0.01246713806817772,0.0,0.0,0.0,0.0,0.27341131387188744,0.001902678694462326,1.3632943430640565,0.0009513393472311733
