method,dataset,seed,noise_rate,pretrain_fraction,pretrain_training_mode,es_budget,step,n_cert,n_pretrain,compression_size,remaining_bad,effective_compression_size,certified_bound,test_error,test_inappropriate_risk,pac_bayes_bound,pac_bayes_empirical_risk,pac_bayes_mc_upper,pac_bayes_kl,runtime_sec,stop_reached,hit_limit,train_calls,noise_hit_rate,duplicate_hit_rate,pairwise_feature_cosine,mean_support_redundancy,max_support_redundancy,mean_selected_residual_novelty,local_redundancy_hit_rate,residual_redundancy_hit_rate,strong_redundancy_hit_rate,group_revisit_rate,unique_group_fraction,max_group_selection_fraction,mode_entropy,minority_mode_fraction,spectral_entropy,dynamic_mu,dynamic_redundancy_weight
MaxLoss,manifold_group_noise_fashion_mnist,0,0.1,0.0,support,50,50,5000,0,54,1893,1947,0.4144968476030044,0.4355,0.4355,,,,,1.0562081499956548,0,0,51,0.12962962962962962,0.46296296296296297,0.677866518497467,0.677866518497467,0.9663091897964478,0.07651938385558578,0.8490566037735849,0.9245283018867925,0.8301886792452831,0.14814814814814814,0.8518518518518519,0.05555555555555555,0.9831757935720518,0.018518518518518517,0.2783041200185505,0.6123815729958262,1.4969327339897973
MaxLoss,manifold_group_noise_fashion_mnist,0,0.1,0.0,support,100,100,5000,0,104,1924,2028,0.4309037435450591,0.469,0.469,,,,,1.7656641859794036,0,0,101,0.07692307692307693,0.4423076923076923,0.6556055545806885,0.6556055545806885,0.9868552684783936,0.04522624814394608,0.9805825242718447,0.9805825242718447,0.970873786407767,0.17307692307692307,0.8269230769230769,0.038461538461538464,0.9782961702950487,0.009615384615384616,0.22832717627602325,0.6236263853378948,1.5244200530481873
MaxLoss,manifold_group_noise_fashion_mnist,0,0.1,0.0,support,200,200,5000,0,204,924,1128,0.2467973077436909,0.37175,0.37175,,,,,3.8113001349847764,0,1,201,0.08823529411764706,0.4215686274509804,0.6203914880752563,0.6203914880752563,0.9884198307991028,0.02451434026798004,0.9950738916256158,0.9901477832512315,0.9901477832512315,0.24019607843137256,0.7598039215686274,0.029411764705882353,0.968883303090074,0.004901960784313725,0.19507707261605306,0.6311076586613881,1.542707610061171
PU-R,manifold_group_noise_fashion_mnist,0,0.1,0.0,support,50,50,5000,0,54,1966,2020,0.4292845939635299,0.4335,0.4335,,,,,1.0318012320203707,0,0,51,0.09259259259259259,0.5,0.6191060543060303,0.6191060543060303,0.9825872182846069,0.07280190766982313,0.9056603773584906,0.9245283018867925,0.8867924528301887,0.1111111111111111,0.8888888888888888,0.05555555555555555,0.988133023460844,0.018518518518518517,0.27511797079932676,0.6130984565701515,1.4986851160603702
PU-R,manifold_group_noise_fashion_mnist,0,0.1,0.0,support,100,100,5000,0,104,1616,1720,0.3683591784792952,0.39549999999999996,0.3955,,,,,2.353523963945918,0,0,101,0.09615384615384616,0.46153846153846156,0.604124903678894,0.604124903678894,0.9897054433822632,0.04133179740419666,0.9805825242718447,0.970873786407767,0.970873786407767,0.18269230769230768,0.8173076923076923,0.0673076923076923,0.9735258151665894,0.009615384615384616,0.22595551148860654,0.6241600099150636,1.5257244686812665
PU-R,manifold_group_noise_fashion_mnist,0,0.1,0.0,support,200,200,5000,0,204,1044,1248,0.27160203270614147,0.3425,0.3425,,,,,6.235507052973844,0,1,201,0.06372549019607843,0.4166666666666667,0.5976078510284424,0.5976078510284424,0.991364598274231,0.02327847049521108,0.9950738916256158,0.9901477832512315,0.9901477832512315,0.23529411764705882,0.7647058823529411,0.03431372549019608,0.9720145315731283,0.004901960784313725,0.1911745919466331,0.6319857168120075,1.544853974429352
PU-R-Manifold,manifold_group_noise_fashion_mnist,0,0.1,0.0,support,50,50,5000,0,54,1912,1966,0.4183479804196395,0.4465,0.4465,,,,,1.2885094260564074,0,0,51,0.05555555555555555,0.5925925925925926,0.6390525698661804,0.6390525698661804,0.9803305864334106,0.0698602962887512,0.9245283018867925,0.9056603773584906,0.8679245283018868,0.16666666666666666,0.8333333333333334,0.05555555555555555,0.9846539366203958,0.018518518518518517,0.2678559772109895,0.6147324051275274,1.5026792125339559
PU-R-Manifold,manifold_group_noise_fashion_mnist,0,0.1,0.0,support,100,100,5000,0,104,1171,1275,0.27717044565360993,0.37749999999999995,0.3775,,,,,2.911786601995118,0,0,101,0.028846153846153848,0.5,0.6177632808685303,0.6177632808685303,0.9871693849563599,0.039002512120506136,0.9902912621359223,0.970873786407767,0.970873786407767,0.22115384615384615,0.7788461538461539,0.038461538461538464,0.9776090733263214,0.009615384615384616,0.2229220136217143,0.6248425469351143,1.5273928925080573
PU-R-Manifold,manifold_group_noise_fashion_mnist,0,0.1,0.0,support,200,200,5000,0,204,702,906,0.20063803857192397,0.3115,0.3115,,,,,7.50486848608125,0,1,201,0.0392156862745098,0.4264705882352941,0.6053755283355713,0.6053755283355713,0.9940412044525146,0.024313852640575374,0.9950738916256158,0.9901477832512315,0.9901477832512315,0.24019607843137256,0.7598039215686274,0.024509803921568627,0.9738753955735003,0.004901960784313725,0.1925114408382994,0.6316849258113827,1.5441187075389355
GREATS,manifold_group_noise_fashion_mnist,0,0.1,0.0,support,50,50,5000,0,54,1731,1785,,0.41225,0.41225,,,,,1.1724055820377544,0,0,51,0.07407407407407407,0.46296296296296297,0.685619056224823,0.685619056224823,0.971023440361023,0.06595585200021852,0.9245283018867925,0.9245283018867925,0.9056603773584906,0.09259259259259259,0.9074074074074074,0.05555555555555555,0.9894942166268909,0.018518518518518517,0.256655787833042,0.6172524477375656,1.5088393166918272
GREATS,manifold_group_noise_fashion_mnist,0,0.1,0.0,support,100,100,5000,0,104,1654,1758,,0.40625,0.40625,,,,,2.468004351016134,0,0,101,0.0673076923076923,0.40384615384615385,0.6438568830490112,0.6438568830490112,0.9857810735702515,0.044028006132366584,0.9514563106796117,0.9611650485436893,0.9514563106796117,0.15384615384615385,0.8461538461538461,0.038461538461538464,0.9814747146398936,0.009615384615384616,0.22811742254612313,0.6236735799271224,1.5245354175996324
GREATS,manifold_group_noise_fashion_mnist,0,0.1,0.0,support,200,200,5000,0,204,1076,1280,,0.35150000000000003,0.3515,,,,,5.619814401958138,0,1,201,0.0784313725490196,0.46078431372549017,0.6225185394287109,0.6225185394287109,0.989932656288147,0.02611199529667206,0.9950738916256158,0.9950738916256158,0.9950738916256158,0.2696078431372549,0.7303921568627451,0.029411764705882353,0.9656630199402922,0.004901960784313725,0.19502937204358425,0.6311183912901935,1.5427338453760289
MaxLoss,manifold_group_noise_fashion_mnist,0,0.1,0.05,support,50,50,4750,250,54,770,824,0.19303533341735601,0.37875000000000003,0.37875,,,,,0.5728653360856697,0,0,51,0.09259259259259259,0.35185185185185186,0.8187036514282227,0.8187036514282227,1.000000238418579,0.0770251582253654,0.7547169811320755,0.8113207547169812,0.6981132075471698,0.18518518518518517,0.8148148148148148,0.09259259259259259,0.9689127936665982,0.018518518518518517,0.243565492004911,0.6201977642988951,1.5160389793972993
MaxLoss,manifold_group_noise_fashion_mnist,0,0.1,0.05,support,100,100,4750,250,104,517,621,0.14805937110213563,0.33675,0.33675,,,,,1.283002767013386,0,0,101,0.08653846153846154,0.28846153846153844,0.7603851556777954,0.7603851556777954,1.0000001192092896,0.05053052392978113,0.970873786407767,0.970873786407767,0.9514563106796117,0.1346153846153846,0.8653846153846154,0.04807692307692308,0.9801135263585402,0.009615384615384616,0.22131634745668652,0.6252038218222455,1.5282760088988225
MaxLoss,manifold_group_noise_fashion_mnist,0,0.1,0.05,support,200,200,4750,250,204,228,432,0.10563978541176766,0.31100000000000005,0.311,,,,,3.3758498100796714,0,1,201,0.08333333333333333,0.27941176470588236,0.6709889769554138,0.6709889769554138,1.0000001192092896,0.028473693895809758,0.9901477832512315,0.9901477832512315,0.9852216748768473,0.16176470588235295,0.8382352941176471,0.029411764705882353,0.9773294845083813,0.004901960784313725,0.1961062053871579,0.6308761037878895,1.5421415870370634
PU-R,manifold_group_noise_fashion_mnist,0,0.1,0.05,support,50,50,4750,250,54,746,800,0.18774297629715875,0.37649999999999995,0.3765,,,,,0.9100375029956922,0,0,51,0.07407407407407407,0.25925925925925924,0.8187564611434937,0.8187564611434937,0.9685688018798828,0.10107875320146668,0.6226415094339622,0.6981132075471698,0.5849056603773585,0.037037037037037035,0.9629629629629629,0.037037037037037035,0.9965570568198031,0.018518518518518517,0.24877380782907824,0.6190258932384575,1.513174405694007
PU-R,manifold_group_noise_fashion_mnist,0,0.1,0.05,support,100,100,4750,250,104,560,664,0.1576294091064483,0.35750000000000004,0.3575,,,,,2.0271519660018384,0,0,101,0.07692307692307693,0.27884615384615385,0.749414324760437,0.749414324760437,0.977832555770874,0.051693517027549374,0.9805825242718447,0.941747572815534,0.9320388349514563,0.09615384615384616,0.9038461538461539,0.028846153846153848,0.9906975258748794,0.009615384615384616,0.21931559443750684,0.625653991251561,1.5293764230593714
PU-R,manifold_group_noise_fashion_mnist,0,0.1,0.05,support,200,200,4750,250,204,212,416,0.102016230172012,0.3285,0.3285,,,,,5.396204957971349,0,1,201,0.06862745098039216,0.28431372549019607,0.6519173383712769,0.6519173383712769,0.9823993444442749,0.027788104333460625,0.9901477832512315,0.9901477832512315,0.9852216748768473,0.14215686274509803,0.8578431372549019,0.0196078431372549,0.9829664175369671,0.004901960784313725,0.19313941618496905,0.631543631358382,1.5437733210982671
PU-R-Manifold,manifold_group_noise_fashion_mnist,0,0.1,0.05,support,50,50,4750,250,54,708,762,0.17935070575913414,0.36524999999999996,0.36525,,,,,1.0303570970427245,0,0,51,0.07407407407407407,0.25925925925925924,0.831946611404419,0.831946611404419,0.9736613631248474,0.09426076794570347,0.6981132075471698,0.6792452830188679,0.6415094339622641,0.07407407407407407,0.9259259259259259,0.05555555555555555,0.9909465740746211,0.018518518518518517,0.23499042141168527,0.6221271551823708,1.5207552682235732
PU-R-Manifold,manifold_group_noise_fashion_mnist,0,0.1,0.05,support,100,100,4750,250,104,582,686,0.16251603327691555,0.357,0.357,,,,,2.3216484430013224,0,0,101,0.08653846153846154,0.2692307692307692,0.7251908779144287,0.7251908779144287,0.979324221611023,0.054787425740251264,0.970873786407767,0.9514563106796117,0.9514563106796117,0.125,0.875,0.038461538461538464,0.98304594198672,0.009615384615384616,0.23098677759574773,0.6230279750409569,1.522957272322339
PU-R-Manifold,manifold_group_noise_fashion_mnist,0,0.1,0.05,support,200,200,4750,250,204,254,458,0.11151563137536868,0.31425000000000003,0.31425,,,,,6.312788965064101,0,1,201,0.06372549019607843,0.2647058823529412,0.6464027166366577,0.6464027166366577,0.9872173070907593,0.029493270928196133,0.9950738916256158,0.9901477832512315,0.9901477832512315,0.14705882352941177,0.8529411764705882,0.024509803921568627,0.9814408881494872,0.004901960784313725,0.19789436526180815,0.6304737678160932,1.5411580991060057
GREATS,manifold_group_noise_fashion_mnist,0,0.1,0.05,support,50,50,4750,250,54,673,727,,0.34199999999999997,0.342,,,,,0.9725655609508976,0,0,51,0.05555555555555555,0.42592592592592593,0.7815982699394226,0.7815982699394226,0.9594517946243286,0.08660182300603615,0.7358490566037735,0.7547169811320755,0.6792452830188679,0.14814814814814814,0.8518518518518519,0.07407407407407407,0.9764705122098281,0.018518518518518517,0.2527825911012736,0.6181239170022135,1.5109695748942997
GREATS,manifold_group_noise_fashion_mnist,0,0.1,0.05,support,100,100,4750,250,104,599,703,,0.32199999999999995,0.322,,,,,1.9737922889180481,0,0,101,0.038461538461538464,0.34615384615384615,0.6552293300628662,0.6552293300628662,0.9770861864089966,0.0528045447127333,0.9611650485436893,0.9320388349514563,0.9223300970873787,0.16346153846153846,0.8365384615384616,0.04807692307692308,0.9804576064929399,0.009615384615384616,0.24051247681188273,0.6208846927173264,1.5177181377534645
GREATS,manifold_group_noise_fashion_mnist,0,0.1,0.05,support,200,200,4750,250,204,426,630,,0.3045,0.3045,,,,,4.564510047901422,0,1,201,0.06372549019607843,0.31862745098039214,0.6451486945152283,0.6451486945152283,0.990093469619751,0.026688791077418866,0.9950738916256158,0.9901477832512315,0.9901477832512315,0.17647058823529413,0.8235294117647058,0.024509803921568627,0.9805961691507133,0.004901960784313725,0.193477242936697,0.6314676203392432,1.5435875163848167
MaxLoss,manifold_group_noise_fashion_mnist,0,0.1,0.1,support,50,50,4500,500,54,667,721,0.1796349708456546,0.37725,0.37725,,,,,0.5786135030211881,0,0,51,0.2222222222222222,0.37037037037037035,0.807415783405304,0.807415783405304,1.0000001192092896,0.07158429442711596,0.8867924528301887,0.8679245283018868,0.8490566037735849,0.2037037037037037,0.7962962962962963,0.12962962962962962,0.9525427038326968,0.018518518518518517,0.24595094492413538,0.6196610373920696,1.5147269802917256
MaxLoss,manifold_group_noise_fashion_mnist,0,0.1,0.1,support,100,100,4500,500,104,377,481,0.12312964582815766,0.33825000000000005,0.33825,,,,,1.2935875799739733,0,0,101,0.125,0.25,0.8018786907196045,0.8018786907196045,1.000000238418579,0.04937531242092836,0.970873786407767,0.9611650485436893,0.9514563106796117,0.1346153846153846,0.8653846153846154,0.07692307692307693,0.9717665674563335,0.009615384615384616,0.20813155182475906,0.6281704008394292,1.5355276464963827
MaxLoss,manifold_group_noise_fashion_mnist,0,0.1,0.1,support,200,200,4500,500,204,63,267,0.07167138147633523,0.31174999999999997,0.31175,,,,,3.293985295924358,0,1,201,0.0784313725490196,0.20588235294117646,0.6976413130760193,0.6976413130760193,1.000000238418579,0.027260085668763503,0.9950738916256158,0.9901477832512315,0.9901477832512315,0.12745098039215685,0.8725490196078431,0.0392156862745098,0.9799980012193256,0.004901960784313725,0.19088404347385252,0.6320510902183832,1.5450137760893812
PU-R,manifold_group_noise_fashion_mnist,0,0.1,0.1,support,50,50,4500,500,54,618,672,0.16817122604697943,0.377,0.377,,,,,0.8161002020351589,0,0,51,0.1111111111111111,0.2777777777777778,0.8139861822128296,0.8139861822128296,1.000000238418579,0.08493104745756905,0.7169811320754716,0.7358490566037735,0.6792452830188679,0.12962962962962962,0.8703703703703703,0.09259259259259259,0.9748342848291153,0.018518518518518517,0.24377075068602283,0.6201515810956449,1.5159260871226876
PU-R,manifold_group_noise_fashion_mnist,0,0.1,0.1,support,100,100,4500,500,104,340,444,0.11432423233054578,0.358,0.358,,,,,1.8130071809282526,0,0,101,0.0673076923076923,0.21153846153846154,0.8032243251800537,0.8032243251800537,1.0,0.051790477002708654,0.970873786407767,0.9223300970873787,0.9223300970873787,0.09615384615384616,0.9038461538461539,0.057692307692307696,0.9826148517347193,0.009615384615384616,0.20508778371852207,0.6288552486633326,1.537201718954813
PU-R,manifold_group_noise_fashion_mnist,0,0.1,0.1,support,200,200,4500,500,204,43,247,0.06677779892925173,0.31999999999999995,0.32,,,,,5.184204928926192,0,1,201,0.04411764705882353,0.22549019607843138,0.7091938853263855,0.7091938853263855,1.0000001192092896,0.027704736502299755,0.9950738916256158,0.9901477832512315,0.9901477832512315,0.12254901960784313,0.8774509803921569,0.029411764705882353,0.9845662060492429,0.004901960784313725,0.18825071375034144,0.6326435894061732,1.5464621074373124
PU-R-Manifold,manifold_group_noise_fashion_mnist,0,0.1,0.1,support,50,50,4500,500,54,660,714,0.1779992589727044,0.38349999999999995,0.3835,,,,,1.064664534991607,0,0,51,0.12962962962962962,0.24074074074074073,0.8150371313095093,0.8150371313095093,1.0,0.08647879676998786,0.7169811320754716,0.6981132075471698,0.660377358490566,0.1111111111111111,0.8888888888888888,0.05555555555555555,0.9831269385725724,0.018518518518518517,0.24332649672184206,0.6202515382375856,1.516170426802987
PU-R-Manifold,manifold_group_noise_fashion_mnist,0,0.1,0.1,support,100,100,4500,500,104,312,416,0.10763934109127149,0.35324999999999995,0.35325,,,,,2.2943046430591494,0,0,101,0.07692307692307693,0.19230769230769232,0.7949082851409912,0.7949082851409912,1.0000001192092896,0.053122970085699585,0.9805825242718447,0.9514563106796117,0.941747572815534,0.10576923076923077,0.8942307692307693,0.038461538461538464,0.9842126237795492,0.009615384615384616,0.21067990794965327,0.6275970207113281,1.534126050627691
PU-R-Manifold,manifold_group_noise_fashion_mnist,0,0.1,0.1,support,200,200,4500,500,204,76,280,0.07484210847178474,0.32125000000000004,0.32125,,,,,6.123695195070468,0,1,201,0.049019607843137254,0.17647058823529413,0.6989707946777344,0.6989707946777344,1.0,0.027962417584921927,0.9901477832512315,0.9852216748768473,0.9852216748768473,0.09803921568627451,0.9019607843137255,0.0196078431372549,0.9881671125049095,0.004901960784313725,0.1905422050611187,0.6321280038612482,1.5452017872163848
GREATS,manifold_group_noise_fashion_mnist,0,0.1,0.1,support,50,50,4500,500,54,577,631,,0.359,0.359,,,,,0.9945618459023535,0,0,51,0.1111111111111111,0.37037037037037035,0.835341215133667,0.835341215133667,0.9719076156616211,0.09065662352543957,0.6981132075471698,0.7358490566037735,0.6792452830188679,0.1111111111111111,0.8888888888888888,0.05555555555555555,0.9856299810167082,0.018518518518518517,0.23256349107267896,0.6226732145086473,1.5220900799100268
GREATS,manifold_group_noise_fashion_mnist,0,0.1,0.1,support,100,100,4500,500,104,349,453,,0.361,0.361,,,,,1.9638386089354753,0,0,101,0.08653846153846154,0.33653846153846156,0.7578058242797852,0.7578058242797852,0.9769980907440186,0.04808316242347643,0.941747572815534,0.9320388349514563,0.912621359223301,0.14423076923076922,0.8557692307692307,0.038461538461538464,0.9801248624536736,0.009615384615384616,0.21112971898837138,0.6274958132276164,1.5338786545563958
GREATS,manifold_group_noise_fashion_mnist,0,0.1,0.1,support,200,200,4500,500,204,243,447,,0.31475,0.31475,,,,,4.56210223690141,0,1,201,0.049019607843137254,0.2549019607843137,0.6570770740509033,0.6570770740509033,0.9914794564247131,0.027128476704576333,0.9950738916256158,0.9802955665024631,0.9802955665024631,0.12254901960784313,0.8774509803921569,0.024509803921568627,0.9854897083710342,0.004901960784313725,0.19587778321246163,0.6309274987771962,1.5422672192331464
MaxLoss,manifold_group_noise_fashion_mnist,1,0.1,0.0,support,50,50,5000,0,54,1865,1919,0.40881856222404167,0.4395,0.4395,,,,,0.6109277249779552,0,0,51,0.07407407407407407,0.3148148148148148,0.6815767884254456,0.6815767884254456,0.9730424880981445,0.07185026665903488,0.8867924528301887,0.9245283018867925,0.8490566037735849,0.018518518518518517,0.9814814814814815,0.037037037037037035,0.9982419467035816,0.018518518518518517,0.268748063130823,0.6145316857955649,1.5021885652780476
MaxLoss,manifold_group_noise_fashion_mnist,1,0.1,0.0,support,100,100,5000,0,104,2123,2227,0.4710910734720528,0.4465,0.4465,,,,,1.362628567032516,0,0,101,0.0673076923076923,0.41346153846153844,0.6463738679885864,0.6463738679885864,0.9850990772247314,0.04347788896954175,0.9805825242718447,0.9611650485436893,0.9514563106796117,0.20192307692307693,0.7980769230769231,0.04807692307692308,0.9715123539928252,0.009615384615384616,0.2266292542267548,0.6240084177989802,1.525353910175285
MaxLoss,manifold_group_noise_fashion_mnist,1,0.1,0.0,support,200,200,5000,0,204,821,1025,0.22542795329354703,0.35624999999999996,0.35625,,,,,3.4957937500439584,0,1,201,0.09803921568627451,0.44607843137254904,0.6119454503059387,0.6119454503059387,0.9929662942886353,0.02422102632487349,0.9901477832512315,0.9950738916256158,0.9901477832512315,0.27450980392156865,0.7254901960784313,0.03431372549019608,0.9591256528657037,0.004901960784313725,0.19092234827088533,0.6320424716390508,1.544992708451013
PU-R,manifold_group_noise_fashion_mnist,1,0.1,0.0,support,50,50,5000,0,54,1584,1638,0.3516331139835529,0.40825,0.40825,,,,,1.0834378550061956,0,0,51,0.07407407407407407,0.42592592592592593,0.6570114493370056,0.6570114493370056,0.9730682373046875,0.06809942677335919,0.9433962264150944,0.9245283018867925,0.9056603773584906,0.09259259259259259,0.9074074074074074,0.037037037037037035,0.9919839976799338,0.018518518518518517,0.2654762645783695,0.6152678404698669,1.5039880544818969
PU-R,manifold_group_noise_fashion_mnist,1,0.1,0.0,support,100,100,5000,0,104,1232,1336,0.2897347124526277,0.38025,0.38025,,,,,2.4554908570135012,0,0,101,0.04807692307692308,0.5,0.6155750155448914,0.6155750155448914,0.9875004887580872,0.04003447399122044,0.9902912621359223,0.9902912621359223,0.9902912621359223,0.21153846153846154,0.7884615384615384,0.038461538461538464,0.9763698803567631,0.009615384615384616,0.22227493927874054,0.6249881386622834,1.5277487833966927
PU-R,manifold_group_noise_fashion_mnist,1,0.1,0.0,support,200,200,5000,0,204,833,1037,0.22792157414369285,0.32699999999999996,0.327,,,,,6.3735842410242185,0,1,201,0.04411764705882353,0.46078431372549017,0.5940398573875427,0.5940398573875427,0.992795467376709,0.02239092292603601,0.9950738916256158,0.9950738916256158,0.9950738916256158,0.27450980392156865,0.7254901960784313,0.029411764705882353,0.969350726045051,0.004901960784313725,0.1878440922488701,0.6327350792440043,1.5466857492631216
PU-R-Manifold,manifold_group_noise_fashion_mnist,1,0.1,0.0,support,50,50,5000,0,54,1852,1906,0.40618102194275707,0.41625,0.41625,,,,,1.3622332810191438,0,0,51,0.07407407407407407,0.48148148148148145,0.6458667516708374,0.6458667516708374,0.9820772409439087,0.06801302843498734,0.9811320754716981,0.9245283018867925,0.9245283018867925,0.12962962962962962,0.8703703703703703,0.05555555555555555,0.9843517841786616,0.018518518518518517,0.265063767109224,0.6153606524004247,1.504214928089927
PU-R-Manifold,manifold_group_noise_fashion_mnist,1,0.1,0.0,support,100,100,5000,0,104,1473,1577,0.3391690496355295,0.373,0.373,,,,,3.1381497649708763,0,0,101,0.04807692307692308,0.4230769230769231,0.6205849647521973,0.6205849647521973,0.9899417757987976,0.03900371506376174,0.9902912621359223,0.9902912621359223,0.9902912621359223,0.14423076923076922,0.8557692307692307,0.038461538461538464,0.9838224314421903,0.009615384615384616,0.2218185478113698,0.6250908267424418,1.5279997987037466
PU-R-Manifold,manifold_group_noise_fashion_mnist,1,0.1,0.0,support,200,200,5000,0,204,790,994,0.2189810085692443,0.30474999999999997,0.30475,,,,,8.212479201960377,0,1,201,0.04411764705882353,0.5,0.5846450328826904,0.5846450328826904,0.9921762943267822,0.022654007092632097,0.9950738916256158,0.9950738916256158,0.9950738916256158,0.29411764705882354,0.7058823529411765,0.029411764705882353,0.9638685633435284,0.004901960784313725,0.18952363209537793,0.6323571827785399,1.5457620023475422
GREATS,manifold_group_noise_fashion_mnist,1,0.1,0.0,support,50,50,5000,0,54,1821,1875,,0.45099999999999996,0.451,,,,,1.1439618960721418,0,0,51,0.09259259259259259,0.5370370370370371,0.6851060390472412,0.6851060390472412,0.9708181619644165,0.059895839612438995,0.9622641509433962,0.9433962264150944,0.9245283018867925,0.1111111111111111,0.8888888888888888,0.05555555555555555,0.9856299810167082,0.018518518518518517,0.24730146710161865,0.6193571699021357,1.5139841930941098
GREATS,manifold_group_noise_fashion_mnist,1,0.1,0.0,support,100,100,5000,0,104,1202,1306,,0.38249999999999995,0.3825,,,,,2.4369488750817254,0,0,101,0.08653846153846154,0.5576923076923077,0.6349796652793884,0.6349796652793884,0.9808632135391235,0.03801576952332432,0.9805825242718447,0.970873786407767,0.970873786407767,0.22115384615384615,0.7788461538461539,0.04807692307692308,0.9728779866933804,0.009615384615384616,0.22400327715888654,0.6245992626392505,1.5267981975626124
GREATS,manifold_group_noise_fashion_mnist,1,0.1,0.0,support,200,200,5000,0,204,712,916,,0.35450000000000004,0.3545,,,,,5.4701398480683565,0,1,201,0.08333333333333333,0.47058823529411764,0.6194606423377991,0.6194606423377991,0.988423228263855,0.022005493160832692,0.9950738916256158,0.9950738916256158,0.9950738916256158,0.24509803921568626,0.7549019607843137,0.024509803921568627,0.9726070823656284,0.004901960784313725,0.18468890560433943,0.6334449962390236,1.5484211019176135
MaxLoss,manifold_group_noise_fashion_mnist,1,0.1,0.05,support,50,50,4750,250,54,738,792,0.18597749684704468,0.38825,0.38825,,,,,0.6122094570891932,0,0,51,0.05555555555555555,0.2037037037037037,0.835901141166687,0.835901141166687,1.0,0.07570133344182428,0.8113207547169812,0.8679245283018868,0.8113207547169812,0.1111111111111111,0.8888888888888888,0.07407407407407407,0.9815014593219167,0.018518518518518517,0.22720979753365778,0.623877795554927,1.5250346113564883
MaxLoss,manifold_group_noise_fashion_mnist,1,0.1,0.05,support,100,100,4750,250,104,538,642,0.1527363221393898,0.356,0.356,,,,,1.3661254940088838,0,0,101,0.04807692307692308,0.20192307692307693,0.7446722984313965,0.7446722984313965,1.0,0.052551783404303984,0.9611650485436893,0.941747572815534,0.9223300970873787,0.10576923076923077,0.8942307692307693,0.057692307692307696,0.9819926031670148,0.009615384615384616,0.23177125924219508,0.6228514666705062,1.5225258074167929
MaxLoss,manifold_group_noise_fashion_mnist,1,0.1,0.05,support,200,200,4750,250,204,94,298,0.07507659163093194,0.3235,0.3235,,,,,3.508561526075937,0,1,201,0.049019607843137254,0.2549019607843137,0.6597893238067627,0.6597893238067627,1.000000238418579,0.025758499288793854,0.9950738916256158,0.9901477832512315,0.9901477832512315,0.13725490196078433,0.8627450980392157,0.029411764705882353,0.983519610241111,0.004901960784313725,0.19438578220138014,0.6312631990046895,1.543087819789241
PU-R,manifold_group_noise_fashion_mnist,1,0.1,0.05,support,50,50,4750,250,54,759,813,0.190610422170721,0.37150000000000005,0.3715,,,,,0.9412354159867391,0,0,51,0.07407407407407407,0.24074074074074073,0.8162497878074646,0.8162497878074646,1.0,0.08731557400721424,0.7547169811320755,0.7735849056603774,0.7358490566037735,0.07407407407407407,0.9259259259259259,0.05555555555555555,0.9909465740746211,0.018518518518518517,0.24129167724320502,0.6207093726202789,1.5172895775162374
PU-R,manifold_group_noise_fashion_mnist,1,0.1,0.05,support,100,100,4750,250,104,535,639,0.15206856763688847,0.38149999999999995,0.3815,,,,,2.108628786052577,0,0,101,0.0673076923076923,0.2980769230769231,0.7431153655052185,0.7431153655052185,1.0,0.053116282936438775,0.9902912621359223,0.941747572815534,0.941747572815534,0.11538461538461539,0.8846153846153846,0.028846153846153848,0.9872882937354873,0.009615384615384616,0.22437950829100656,0.6245146106345235,1.5265912704399465
PU-R,manifold_group_noise_fashion_mnist,1,0.1,0.05,support,200,200,4750,250,204,248,452,0.11016098491381854,0.362,0.362,,,,,5.603292527957819,0,1,201,0.058823529411764705,0.2696078431372549,0.6518101692199707,0.6518101692199707,1.0,0.0269805040265539,0.9950738916256158,0.9852216748768473,0.9852216748768473,0.13725490196078433,0.8627450980392157,0.0196078431372549,0.9853299828259419,0.004901960784313725,0.19488087553352668,0.6311518030049564,1.5428155184565604
PU-R-Manifold,manifold_group_noise_fashion_mnist,1,0.1,0.05,support,50,50,4750,250,54,743,797,0.18708100222283974,0.37175,0.37175,,,,,1.0617156099760905,0,0,51,0.07407407407407407,0.24074074074074073,0.8380898833274841,0.8380898833274841,1.0,0.07788117314284702,0.7924528301886793,0.7924528301886793,0.7547169811320755,0.1111111111111111,0.8888888888888888,0.07407407407407407,0.9815014593219165,0.018518518518518517,0.2236523813795336,0.6246782141896049,1.5269911902412565
PU-R-Manifold,manifold_group_noise_fashion_mnist,1,0.1,0.05,support,100,100,4750,250,104,526,630,0.15006454579997808,0.36,0.36,,,,,2.4039055629400536,0,0,101,0.038461538461538464,0.25961538461538464,0.739342987537384,0.739342987537384,1.0,0.048374849037059305,0.9611650485436893,0.941747572815534,0.9320388349514563,0.09615384615384616,0.9038461538461539,0.04807692307692308,0.9865096891651376,0.009615384615384616,0.22108664591048036,0.6252555046701419,1.5284023447492359
PU-R-Manifold,manifold_group_noise_fashion_mnist,1,0.1,0.05,support,200,200,4750,250,204,256,460,0.11196700914297253,0.34125000000000005,0.34125,,,,,6.40720907994546,0,1,201,0.03431372549019608,0.24509803921568626,0.6700739860534668,0.6700739860534668,1.0,0.026886807286680626,0.9901477832512315,0.9901477832512315,0.9901477832512315,0.12254901960784313,0.8774509803921569,0.024509803921568627,0.9849298381557506,0.004901960784313725,0.19046856614362506,0.6321445726176844,1.5452422886210064
GREATS,manifold_group_noise_fashion_mnist,1,0.1,0.05,support,50,50,4750,250,54,743,797,,0.37925,0.37925,,,,,0.9991478400770575,0,0,51,0.12962962962962962,0.6111111111111112,0.7797567248344421,0.7797567248344421,0.9746360778808594,0.08415819788878819,0.7547169811320755,0.7924528301886793,0.660377358490566,0.2777777777777778,0.7222222222222222,0.1111111111111111,0.946473868716616,0.018518518518518517,0.24737783725900483,0.6193399866167238,1.5139421895075473
GREATS,manifold_group_noise_fashion_mnist,1,0.1,0.05,support,100,100,4750,250,104,498,602,,0.361,0.361,,,,,2.025777674978599,0,0,101,0.08653846153846154,0.5096153846153846,0.6983591318130493,0.6983591318130493,0.9821397662162781,0.04446829146551855,0.970873786407767,0.9514563106796117,0.9320388349514563,0.2403846153846154,0.7596153846153846,0.057692307692307696,0.9643427392399583,0.009615384615384616,0.2179186992781391,0.6259682926624187,1.5301447153970236
GREATS,manifold_group_noise_fashion_mnist,1,0.1,0.05,support,200,200,4750,250,204,303,507,,0.31899999999999995,0.319,,,,,4.679041580064222,0,1,201,0.05392156862745098,0.36764705882352944,0.641916811466217,0.641916811466217,0.9886163473129272,0.02575472085346729,0.9950738916256158,0.9901477832512315,0.9901477832512315,0.19117647058823528,0.8088235294117647,0.029411764705882353,0.9765734970880382,0.004901960784313725,0.19375017628743946,0.6314062103353262,1.5434374030419085
MaxLoss,manifold_group_noise_fashion_mnist,1,0.1,0.1,support,50,50,4500,500,54,624,678,0.16957671055570245,0.35675,0.35675,,,,,0.6175708799855784,0,0,51,0.12962962962962962,0.3333333333333333,0.8312927484512329,0.8312927484512329,1.000000238418579,0.05804954497319347,0.9056603773584906,0.9056603773584906,0.9056603773584906,0.2222222222222222,0.7777777777777778,0.1111111111111111,0.9443802208523563,0.018518518518518517,0.22056095946139784,0.6253737841211855,1.5286914722962313
MaxLoss,manifold_group_noise_fashion_mnist,1,0.1,0.1,support,100,100,4500,500,104,293,397,0.1030917864991352,0.34325000000000006,0.34325,,,,,1.3552341790637001,0,0,101,0.11538461538461539,0.28846153846153844,0.813967227935791,0.813967227935791,1.000000238418579,0.04913800491870028,0.970873786407767,0.9514563106796117,0.941747572815534,0.20192307692307693,0.7980769230769231,0.09615384615384616,0.9477548087467554,0.009615384615384616,0.2072029540279028,0.6283793353437219,1.5360383752846538
MaxLoss,manifold_group_noise_fashion_mnist,1,0.1,0.1,support,200,200,4500,500,204,2,206,0.05667837749933824,0.32125000000000004,0.32125,,,,,3.485597267979756,0,1,201,0.06862745098039216,0.24019607843137256,0.6945394277572632,0.6945394277572632,1.0,0.0254372014787984,0.9950738916256158,0.9901477832512315,0.9901477832512315,0.12745098039215685,0.8725490196078431,0.049019607843137254,0.9743548386727495,0.004901960784313725,0.1913704053508267,0.631941658796064,1.5447462770570455
PU-R,manifold_group_noise_fashion_mnist,1,0.1,0.1,support,50,50,4500,500,54,569,623,0.1566736146924086,0.346,0.346,,,,,0.8931459309533238,0,0,51,0.14814814814814814,0.3333333333333333,0.8268747925758362,0.8268747925758362,1.0000003576278687,0.06516251811441386,0.9056603773584906,0.8867924528301887,0.8867924528301887,0.2037037037037037,0.7962962962962963,0.12962962962962962,0.9470493933730136,0.018518518518518517,0.21943878745457912,0.6256262728227198,1.5293086668999816
PU-R,manifold_group_noise_fashion_mnist,1,0.1,0.1,support,100,100,4500,500,104,218,322,0.08503780624596402,0.35875,0.35875,,,,,1.9817756779957563,0,0,101,0.10576923076923077,0.2692307692307692,0.8197349905967712,0.8197349905967712,1.0,0.05019871644603396,0.9611650485436893,0.9320388349514563,0.9320388349514563,0.14423076923076922,0.8557692307692307,0.08653846153846154,0.965070188909293,0.009615384615384616,0.20048939922381642,0.6298898851746413,1.539730830426901
PU-R,manifold_group_noise_fashion_mnist,1,0.1,0.1,support,200,200,4500,500,204,5,209,0.05742081091739237,0.31725000000000003,0.31725,,,,,5.292873487924226,0,1,201,0.06372549019607843,0.2107843137254902,0.6963101029396057,0.6963101029396057,1.000000238418579,0.02518570393764327,0.9950738916256158,0.9901477832512315,0.9901477832512315,0.09803921568627451,0.9019607843137255,0.04411764705882353,0.9814141263547371,0.004901960784313725,0.1862318008511363,0.6330978448084943,1.547572509531875
PU-R-Manifold,manifold_group_noise_fashion_mnist,1,0.1,0.1,support,50,50,4500,500,54,638,692,0.1728542320197448,0.35175,0.35175,,,,,1.022411396028474,0,0,51,0.09259259259259259,0.3148148148148148,0.789889931678772,0.789889931678772,1.0000001192092896,0.07684370875358582,0.8490566037735849,0.8301886792452831,0.8113207547169812,0.16666666666666666,0.8333333333333334,0.09259259259259259,0.9657382392799995,0.018518518518518517,0.25067805214548783,0.6185974382672653,1.512127071319982
PU-R-Manifold,manifold_group_noise_fashion_mnist,1,0.1,0.1,support,100,100,4500,500,104,350,454,0.11670712404884398,0.34125000000000005,0.34125,,,,,2.2562351680826396,0,0,101,0.057692307692307696,0.22115384615384615,0.8097972273826599,0.8097972273826599,0.9999998807907104,0.059212612874299575,0.9029126213592233,0.8737864077669902,0.8543689320388349,0.10576923076923077,0.8942307692307693,0.04807692307692308,0.9805889022095058,0.009615384615384616,0.21722918693455373,0.6261234329397254,1.5305239471859955
PU-R-Manifold,manifold_group_noise_fashion_mnist,1,0.1,0.1,support,200,200,4500,500,204,35,239,0.06481469614664093,0.3145,0.3145,,,,,5.999618601053953,0,1,201,0.04411764705882353,0.19117647058823528,0.687379002571106,0.687379002571106,1.0,0.02859735584317757,0.9950738916256158,0.9950738916256158,0.9950738916256158,0.0784313725490196,0.9215686274509803,0.024509803921568627,0.9886802345723903,0.004901960784313725,0.19334785132476753,0.6314967334519274,1.5436586817713782
GREATS,manifold_group_noise_fashion_mnist,1,0.1,0.1,support,50,50,4500,500,54,647,701,,0.33899999999999997,0.339,,,,,0.884773822966963,0,0,51,0.12962962962962962,0.5370370370370371,0.7578160762786865,0.7578160762786865,0.9797030091285706,0.0886842557844126,0.7924528301886793,0.7169811320754716,0.660377358490566,0.2777777777777778,0.7222222222222222,0.1111111111111111,0.9451061620022199,0.018518518518518517,0.262396056352272,0.6159608873207388,1.5056821690062505
GREATS,manifold_group_noise_fashion_mnist,1,0.1,0.1,support,100,100,4500,500,104,371,475,,0.3355,0.3355,,,,,1.7936273299856111,0,0,101,0.08653846153846154,0.4423076923076923,0.7241770029067993,0.7241770029067993,0.9837051630020142,0.04676227835775579,0.9805825242718447,0.9514563106796117,0.9514563106796117,0.2403846153846154,0.7596153846153846,0.057692307692307696,0.9620398248574271,0.009615384615384616,0.21909865384461455,0.6257028028849617,1.529495740385462
GREATS,manifold_group_noise_fashion_mnist,1,0.1,0.1,support,200,200,4500,500,204,235,439,,0.31575,0.31575,,,,,4.199782887939364,0,1,201,0.05392156862745098,0.31862745098039214,0.6544151902198792,0.6544151902198792,0.9895617961883545,0.027662139808015872,0.9950738916256158,0.9950738916256158,0.9950738916256158,0.17647058823529413,0.8235294117647058,0.029411764705882353,0.9746410929323384,0.004901960784313725,0.19794957508793154,0.6304613456052155,1.5411277337016378
MaxLoss,manifold_group_noise_fashion_mnist,2,0.1,0.0,support,50,50,5000,0,54,2168,2222,0.4700834159157239,0.43825000000000003,0.43825,,,,,0.5735622480278835,0,0,51,0.07407407407407407,0.5185185185185185,0.6577866673469543,0.6577866673469543,0.9721938371658325,0.07117844358930048,0.9056603773584906,0.9056603773584906,0.8490566037735849,0.12962962962962962,0.8703703703703703,0.07407407407407407,0.9802006868671368,0.018518518518518517,0.27383137795417345,0.613387939960311,1.499392742125205
MaxLoss,manifold_group_noise_fashion_mnist,2,0.1,0.0,support,100,100,5000,0,104,1830,1934,0.4118609363795258,0.43799999999999994,0.438,,,,,1.2341983279911801,0,0,101,0.0673076923076923,0.46153846153846156,0.6391491889953613,0.6391491889953613,0.9845919609069824,0.044499395541774414,0.9805825242718447,0.9611650485436893,0.9514563106796117,0.20192307692307693,0.7980769230769231,0.04807692307692308,0.9728015661879903,0.009615384615384616,0.2302217873649667,0.6232000978428824,1.5233780169492683
MaxLoss,manifold_group_noise_fashion_mnist,2,0.1,0.0,support,200,200,5000,0,204,1008,1212,0.2641704150591977,0.38825,0.38825,,,,,3.254817896988243,0,1,201,0.06372549019607843,0.5098039215686274,0.6104759573936462,0.6104759573936462,0.9885677695274353,0.023850586100164894,0.9950738916256158,0.9950738916256158,0.9950738916256158,0.29901960784313725,0.7009803921568627,0.03431372549019608,0.9621607472903335,0.004901960784313725,0.19067319795932963,0.6320985304591509,1.5451297411223688
PU-R,manifold_group_noise_fashion_mnist,2,0.1,0.0,support,50,50,5000,0,54,1839,1893,0.4035427212365903,0.39525,0.39525,,,,,1.0888753549661487,0,0,51,0.05555555555555555,0.37037037037037035,0.629443883895874,0.629443883895874,0.975110650062561,0.06609760759011754,0.9622641509433962,0.9433962264150944,0.9433962264150944,0.1111111111111111,0.8888888888888888,0.05555555555555555,0.9881330234608441,0.018518518518518517,0.26564786209107205,0.6152292310295089,1.5038936758499106
PU-R,manifold_group_noise_fashion_mnist,2,0.1,0.0,support,100,100,5000,0,104,1753,1857,0.3962326659820974,0.38775000000000004,0.38775,,,,,2.459450960974209,0,0,101,0.04807692307692308,0.47115384615384615,0.6230116486549377,0.6230116486549377,0.9914117455482483,0.04050412379856248,0.9902912621359223,0.9805825242718447,0.9805825242718447,0.20192307692307693,0.7980769230769231,0.04807692307692308,0.9758181387814411,0.009615384615384616,0.2212927004466533,0.6252091423995031,1.5282890147543409
PU-R,manifold_group_noise_fashion_mnist,2,0.1,0.0,support,200,200,5000,0,204,1109,1313,0.28499996627215296,0.3365,0.3365,,,,,6.479330652975477,0,1,201,0.05392156862745098,0.4950980392156863,0.610170304775238,0.610170304775238,0.9951296448707581,0.02292691897876157,0.9950738916256158,0.9901477832512315,0.9901477832512315,0.3088235294117647,0.6911764705882353,0.024509803921568627,0.9618895249333563,0.004901960784313725,0.18814145869359328,0.6326681717939415,1.546522197718524
PU-R-Manifold,manifold_group_noise_fashion_mnist,2,0.1,0.0,support,50,50,5000,0,54,2287,2341,0.4940369997639209,0.43100000000000005,0.431,,,,,1.3657481169793755,0,0,51,0.05555555555555555,0.4444444444444444,0.6526951789855957,0.6526951789855957,0.9812781810760498,0.06739516809301556,0.9433962264150944,0.9433962264150944,0.9433962264150944,0.07407407407407407,0.9259259259259259,0.05555555555555555,0.9909465740746211,0.018518518518518517,0.2636083859060519,0.6156881131711384,1.5050153877516717
PU-R-Manifold,manifold_group_noise_fashion_mnist,2,0.1,0.0,support,100,100,5000,0,104,1740,1844,0.3935914737521671,0.389,0.389,,,,,3.1465979929780588,0,0,101,0.04807692307692308,0.49038461538461536,0.6131561994552612,0.6131561994552612,0.9844621419906616,0.03981724490854636,0.9902912621359223,0.9805825242718447,0.9805825242718447,0.18269230769230768,0.8173076923076923,0.038461538461538464,0.9808717023922917,0.009615384615384616,0.22074580584031686,0.6253321936859286,1.5285898067878256
PU-R-Manifold,manifold_group_noise_fashion_mnist,2,0.1,0.0,support,200,200,5000,0,204,1174,1378,0.2983728372491896,0.34824999999999995,0.34825,,,,,8.33523366402369,0,1,201,0.06372549019607843,0.5098039215686274,0.6029189825057983,0.6029189825057983,0.9927822351455688,0.023387710651006605,0.9950738916256158,0.9950738916256158,0.9950738916256158,0.28921568627450983,0.7107843137254902,0.029411764705882353,0.9621668594066962,0.004901960784313725,0.18986973023396725,0.6322793106973573,1.545571648371318
GREATS,manifold_group_noise_fashion_mnist,2,0.1,0.0,support,50,50,5000,0,54,2147,2201,,0.484,0.484,,,,,1.1771239020163193,0,0,51,0.12962962962962962,0.6481481481481481,0.6894953846931458,0.6894953846931458,0.9760820269584656,0.06216111498058967,0.9056603773584906,0.9056603773584906,0.8867924528301887,0.18518518518518517,0.8148148148148148,0.05555555555555555,0.9837173736678106,0.018518518518518517,0.25651834844590876,0.6172833715996705,1.5089149083547502
GREATS,manifold_group_noise_fashion_mnist,2,0.1,0.0,support,100,100,5000,0,104,1571,1675,,0.4175,0.4175,,,,,2.4835237020161003,0,0,101,0.11538461538461539,0.625,0.6465509533882141,0.6465509533882141,0.9836244583129883,0.042318194453577394,0.9805825242718447,0.970873786407767,0.9611650485436893,0.2980769230769231,0.7019230769230769,0.038461538461538464,0.9709969707136894,0.009615384615384616,0.2238581281938125,0.6246319211563921,1.526878029493403
GREATS,manifold_group_noise_fashion_mnist,2,0.1,0.0,support,200,200,5000,0,204,1053,1257,,0.40325,0.40325,,,,,5.596596944029443,0,1,201,0.08333333333333333,0.5245098039215687,0.6111550331115723,0.6111550331115723,0.990043580532074,0.02507110374057528,0.9901477832512315,0.9901477832512315,0.9852216748768473,0.3088235294117647,0.6911764705882353,0.029411764705882353,0.9635547126593874,0.004901960784313725,0.1934881145427343,0.6314651742278848,1.5435815370014963
MaxLoss,manifold_group_noise_fashion_mnist,2,0.1,0.05,support,50,50,4750,250,54,983,1037,0.2397633080254309,0.36975,0.36975,,,,,0.5670773389283568,0,0,51,0.24074074074074073,0.42592592592592593,0.8329692482948303,0.8329692482948303,1.000000238418579,0.06988906410505187,0.8679245283018868,0.8113207547169812,0.7924528301886793,0.25925925925925924,0.7407407407407407,0.2222222222222222,0.9081555731678571,0.018518518518518517,0.22649372221299555,0.624038912502076,1.5254284527828526
MaxLoss,manifold_group_noise_fashion_mnist,2,0.1,0.05,support,100,100,4750,250,104,646,750,0.17669715941883624,0.35124999999999995,0.35125,,,,,1.2573667629621923,0,0,101,0.14423076923076922,0.34615384615384615,0.7503750324249268,0.7503750324249268,1.000000238418579,0.04328345297609718,0.9902912621359223,0.970873786407767,0.970873786407767,0.17307692307692307,0.8269230769230769,0.11538461538461539,0.955089461941559,0.009615384615384616,0.21155253218662487,0.6274006802580094,1.5336461072973566
MaxLoss,manifold_group_noise_fashion_mnist,2,0.1,0.05,support,200,200,4750,250,204,267,471,0.1144480851944536,0.31599999999999995,0.316,,,,,3.2606844709953293,0,1,201,0.09313725490196079,0.3235294117647059,0.6509510278701782,0.6509510278701782,1.0000001192092896,0.024502726024007562,0.9950738916256158,0.9950738916256158,0.9950738916256158,0.19117647058823528,0.8088235294117647,0.058823529411764705,0.9677594620567361,0.004901960784313725,0.1897306302934926,0.6323106081839642,1.5456481533385793
PU-R,manifold_group_noise_fashion_mnist,2,0.1,0.05,support,50,50,4750,250,54,1082,1136,0.2613517774734646,0.392,0.392,,,,,0.8815785999177024,0,0,51,0.18518518518518517,0.37037037037037035,0.8207809925079346,0.8207809925079346,1.0000001192092896,0.0771680530512108,0.7547169811320755,0.8113207547169812,0.7547169811320755,0.18518518518518517,0.8148148148148148,0.16666666666666666,0.9437782088754809,0.018518518518518517,0.237115905031603,0.6216489213678894,1.5195862522326187
PU-R,manifold_group_noise_fashion_mnist,2,0.1,0.05,support,100,100,4750,250,104,713,817,0.1914923542062752,0.38449999999999995,0.3845,,,,,2.0066097249509767,0,0,101,0.125,0.36538461538461536,0.7176074385643005,0.7176074385643005,1.0000001192092896,0.04346266880776118,0.9902912621359223,0.9514563106796117,0.9514563106796117,0.19230769230769232,0.8076923076923077,0.09615384615384616,0.9628695853479396,0.009615384615384616,0.21997730531035273,0.6255051063051706,1.529012482079306
PU-R,manifold_group_noise_fashion_mnist,2,0.1,0.05,support,200,200,4750,250,204,1433,1637,0.36959488497814164,0.46325000000000005,0.46325,,,,,5.437609323998913,0,1,201,0.06862745098039216,0.31862745098039214,0.837363600730896,0.837363600730896,1.0000001192092896,0.035193014321068826,0.896551724137931,0.9507389162561576,0.8817733990147784,0.1715686274509804,0.8284313725490197,0.049019607843137254,0.9745967913761578,0.004901960784313725,0.1583022357225322,0.6393819969624303,1.5629337703526074
PU-R-Manifold,manifold_group_noise_fashion_mnist,2,0.1,0.05,support,50,50,4750,250,54,1166,1220,0.2796124350861646,0.37725,0.37725,,,,,1.0341692119836807,0,0,51,0.2037037037037037,0.42592592592592593,0.821273684501648,0.821273684501648,0.9999999403953552,0.08486122792621828,0.7169811320754716,0.7358490566037735,0.660377358490566,0.2222222222222222,0.7777777777777778,0.18518518518518517,0.9256813153294465,0.018518518518518517,0.24383799292385788,0.620136451592132,1.5158891038918783
PU-R-Manifold,manifold_group_noise_fashion_mnist,2,0.1,0.05,support,100,100,4750,250,104,714,818,0.19171281106537208,0.35375,0.35375,,,,,2.3669421919621527,0,0,101,0.10576923076923077,0.38461538461538464,0.7396172881126404,0.7396172881126404,1.0,0.048647099617615486,0.9902912621359223,0.9611650485436893,0.9611650485436893,0.20192307692307693,0.7980769230769231,0.09615384615384616,0.9605846500941045,0.009615384615384616,0.22315796691514217,0.624789457444093,1.5272631181966718
PU-R-Manifold,manifold_group_noise_fashion_mnist,2,0.1,0.05,support,200,200,4750,250,204,418,622,0.14828222582582384,0.32875,0.32875,,,,,6.3728502209996805,0,1,201,0.06372549019607843,0.3333333333333333,0.6643181443214417,0.6643181443214417,1.000000238418579,0.028140497618708116,0.9852216748768473,0.9802955665024631,0.9753694581280788,0.19607843137254902,0.803921568627451,0.049019607843137254,0.9684705602110596,0.004901960784313725,0.19384153653677902,0.6313856542792248,1.5433871549047717
GREATS,manifold_group_noise_fashion_mnist,2,0.1,0.05,support,50,50,4750,250,54,827,881,,0.371,0.371,,,,,0.9367419260088354,0,0,51,0.09259259259259259,0.3888888888888889,0.8015350103378296,0.8015350103378296,0.9574013948440552,0.08605771132235257,0.7358490566037735,0.7924528301886793,0.7358490566037735,0.05555555555555555,0.9444444444444444,0.05555555555555555,0.9924849871902353,0.018518518518518517,0.2468004962022475,0.6194698883544943,1.5142597270887639
GREATS,manifold_group_noise_fashion_mnist,2,0.1,0.05,support,100,100,4750,250,104,634,738,,0.36375,0.36375,,,,,1.9714894769713283,0,0,101,0.09615384615384616,0.38461538461538464,0.6977656483650208,0.6977656483650208,0.985509991645813,0.04326932436054193,0.9902912621359223,0.9611650485436893,0.9611650485436893,0.14423076923076922,0.8557692307692307,0.04807692307692308,0.9825532657689631,0.009615384615384616,0.2173598180110264,0.6260940409475191,1.5304521000939355
GREATS,manifold_group_noise_fashion_mnist,2,0.1,0.05,support,200,200,4750,250,204,425,629,,0.32399999999999995,0.324,,,,,4.627443867037073,0,1,201,0.06862745098039216,0.35294117647058826,0.6478176116943359,0.6478176116943359,0.9905543923377991,0.023972655384998605,0.9950738916256158,0.9901477832512315,0.9901477832512315,0.1568627450980392,0.8431372549019608,0.029411764705882353,0.9803147413866914,0.004901960784313725,0.18869934020092557,0.6325426484547917,1.546215362889491
MaxLoss,manifold_group_noise_fashion_mnist,2,0.1,0.1,support,50,50,4500,500,54,972,1026,0.2503675549523905,0.363,0.363,,,,,0.5831469249678776,0,0,51,0.2037037037037037,0.3148148148148148,0.8517235517501831,0.8517235517501831,1.0,0.05782152627998928,0.9245283018867925,0.8867924528301887,0.8867924528301887,0.2222222222222222,0.7777777777777778,0.18518518518518517,0.9256813153294465,0.018518518518518517,0.19859238258641895,0.6303167139180558,1.5407741895774696
MaxLoss,manifold_group_noise_fashion_mnist,2,0.1,0.1,support,100,100,4500,500,104,382,486,0.12431726261274889,0.34775,0.34775,,,,,1.301355869974941,0,0,101,0.1346153846153846,0.25961538461538464,0.8014798760414124,0.8014798760414124,1.0,0.05076137633578291,0.970873786407767,0.9223300970873787,0.912621359223301,0.15384615384615385,0.8461538461538461,0.125,0.9508159958685788,0.009615384615384616,0.21124835013170098,0.6274691212203674,1.5338134074275647
MaxLoss,manifold_group_noise_fashion_mnist,2,0.1,0.1,support,200,200,4500,500,204,59,263,0.07069421617779881,0.31025,0.31025,,,,,3.3600765330484137,0,1,201,0.08333333333333333,0.2647058823529412,0.6876774430274963,0.6876774430274963,1.000000238418579,0.027123289586508215,0.9950738916256158,0.9950738916256158,0.9950738916256158,0.1568627450980392,0.8431372549019608,0.06372549019607843,0.9694688009796905,0.004901960784313725,0.192484737700357,0.6316909340174197,1.5441333942648037
PU-R,manifold_group_noise_fashion_mnist,2,0.1,0.1,support,50,50,4500,500,54,940,994,0.24299019039608538,0.35,0.35,,,,,0.9084940130123869,0,0,51,0.2037037037037037,0.3888888888888889,0.843258798122406,0.843258798122406,1.0000001192092896,0.07126048263513816,0.8490566037735849,0.8301886792452831,0.8301886792452831,0.2037037037037037,0.7962962962962963,0.16666666666666666,0.9358958233729616,0.018518518518518517,0.20895114724188957,0.6279859918705748,1.5350768690169607
PU-R,manifold_group_noise_fashion_mnist,2,0.1,0.1,support,100,100,4500,500,104,423,527,0.1340364832431078,0.39325,0.39325,,,,,2.0269923850428313,0,0,101,0.125,0.3557692307692308,0.7994974851608276,0.7994974851608276,1.000000238418579,0.05206963998600117,0.9514563106796117,0.9320388349514563,0.9029126213592233,0.18269230769230768,0.8173076923076923,0.09615384615384616,0.9595692298507328,0.009615384615384616,0.21527367024965147,0.6265634241938284,1.5315994813626916
PU-R,manifold_group_noise_fashion_mnist,2,0.1,0.1,support,200,200,4500,500,204,99,303,0.08043408481171355,0.31999999999999995,0.32,,,,,5.341183359036222,0,1,201,0.06862745098039216,0.28921568627450983,0.6817381381988525,0.6817381381988525,1.0000001192092896,0.029244561757653807,0.9950738916256158,0.9950738916256158,0.9950738916256158,0.16176470588235295,0.8382352941176471,0.049019607843137254,0.9730576008187882,0.004901960784313725,0.19856494037651867,0.6303228884152833,1.5407892827929148
PU-R-Manifold,manifold_group_noise_fashion_mnist,2,0.1,0.1,support,50,50,4500,500,54,869,923,0.22658792400034145,0.35524999999999995,0.35525,,,,,1.043654600973241,0,0,51,0.16666666666666666,0.2962962962962963,0.8528029918670654,0.8528029918670654,1.0000001192092896,0.06758977107281955,0.8490566037735849,0.8301886792452831,0.8113207547169812,0.12962962962962962,0.8703703703703703,0.14814814814814814,0.9560461088159795,0.018518518518518517,0.1970980998476098,0.6306529275342878,1.5415960450838149
PU-R-Manifold,manifold_group_noise_fashion_mnist,2,0.1,0.1,support,100,100,4500,500,104,362,466,0.11956357030430809,0.348,0.348,,,,,2.329422715934925,0,0,101,0.11538461538461539,0.2692307692307692,0.8141249418258667,0.8141249418258667,0.9999998807907104,0.04956544602958901,0.9514563106796117,0.941747572815534,0.9223300970873787,0.14423076923076922,0.8557692307692307,0.09615384615384616,0.96531488503602,0.009615384615384616,0.2013756619647276,0.6296904760579363,1.5392433859194
PU-R-Manifold,manifold_group_noise_fashion_mnist,2,0.1,0.1,support,200,200,4500,500,204,96,300,0.0797059188480489,0.3175,0.3175,,,,,6.115781006985344,0,1,201,0.06862745098039216,0.24509803921568626,0.7035875916481018,0.7035875916481018,1.000000238418579,0.026790561246240668,0.9950738916256158,0.9950738916256158,0.9950738916256158,0.1323529411764706,0.8676470588235294,0.049019607843137254,0.9788689051862214,0.004901960784313725,0.1866912657148078,0.6329944652141682,1.5473198038568559
GREATS,manifold_group_noise_fashion_mnist,2,0.1,0.1,support,50,50,4500,500,54,893,947,,0.369,0.369,,,,,0.9519276479259133,0,0,51,0.1111111111111111,0.4074074074074074,0.7986000180244446,0.7986000180244446,0.96352219581604,0.09971680899835983,0.6981132075471698,0.7547169811320755,0.6226415094339622,0.1111111111111111,0.8888888888888888,0.05555555555555555,0.9856299810167082,0.018518518518518517,0.2612948976008699,0.6162086480398042,1.5062878063195215
GREATS,manifold_group_noise_fashion_mnist,2,0.1,0.1,support,100,100,4500,500,104,398,502,,0.351,0.351,,,,,1.9543353059561923,0,0,101,0.057692307692307696,0.375,0.7413508892059326,0.7413508892059326,0.9810740947723389,0.054104322223987394,0.912621359223301,0.9320388349514563,0.8932038834951457,0.14423076923076922,0.8557692307692307,0.028846153846153848,0.9856712159364485,0.009615384615384616,0.22688649258713892,0.6239505391678938,1.5252124290770737
GREATS,manifold_group_noise_fashion_mnist,2,0.1,0.1,support,200,200,4500,500,204,181,385,,0.32399999999999995,0.324,,,,,4.479337146971375,0,1,201,0.058823529411764705,0.3235294117647059,0.6516923904418945,0.6516923904418945,0.9919430017471313,0.029308054706292788,0.9901477832512315,0.9852216748768473,0.9802955665024631,0.1715686274509804,0.8284313725490197,0.029411764705882353,0.9788123264109557,0.004901960784313725,0.20093561299193147,0.6297894870768155,1.539485412854438
MaxLoss,manifold_group_noise_fashion_mnist,3,0.1,0.0,support,50,50,5000,0,54,1857,1911,0.4071955503313802,0.4445,0.4445,,,,,0.5919927969807759,0,0,51,0.07407407407407407,0.4444444444444444,0.668427586555481,0.668427586555481,0.9804186820983887,0.08370126977141173,0.8301886792452831,0.8679245283018868,0.7924528301886793,0.18518518518518517,0.8148148148148148,0.05555555555555555,0.9760355859847358,0.018518518518518517,0.28337509249206705,0.6112406041892849,1.4941436991293633
MaxLoss,manifold_group_noise_fashion_mnist,3,0.1,0.0,support,100,100,5000,0,104,1614,1718,0.36795161239570007,0.40175000000000005,0.40175,,,,,1.317619499983266,0,0,101,0.04807692307692308,0.47115384615384615,0.6433097124099731,0.6433097124099731,0.9850168228149414,0.041638250200493825,0.9805825242718447,0.970873786407767,0.9611650485436893,0.22115384615384615,0.7788461538461539,0.04807692307692308,0.9678047988928555,0.009615384615384616,0.22322914934515833,0.6247734413973394,1.5272239678601631
MaxLoss,manifold_group_noise_fashion_mnist,3,0.1,0.0,support,200,200,5000,0,204,1051,1255,0.273046126763802,0.35,0.35,,,,,3.385555541026406,0,1,201,0.04411764705882353,0.43137254901960786,0.6333908438682556,0.6333908438682556,0.9917266368865967,0.02387054836184814,0.9901477832512315,0.9901477832512315,0.9852216748768473,0.2647058823529412,0.7352941176470589,0.03431372549019608,0.9620095298669102,0.004901960784313725,0.1868373366984516,0.6329615992428484,1.5472394648158518
PU-R,manifold_group_noise_fashion_mnist,3,0.1,0.0,support,50,50,5000,0,54,1517,1571,0.33794206305174157,0.404,0.404,,,,,1.0775182120269164,0,0,51,0.07407407407407407,0.5555555555555556,0.6508426666259766,0.6508426666259766,0.9784091711044312,0.06604565947123293,0.9433962264150944,0.9433962264150944,0.9056603773584906,0.14814814814814814,0.8518518518518519,0.05555555555555555,0.9831757935720518,0.018518518518518517,0.263185817318519,0.6157831911033332,1.5052478004748147
PU-R,manifold_group_noise_fashion_mnist,3,0.1,0.0,support,100,100,5000,0,104,1340,1444,0.3119268949958496,0.386,0.386,,,,,2.3992162770591676,0,0,101,0.08653846153846154,0.5192307692307693,0.6116446256637573,0.6116446256637573,0.9880324602127075,0.039233978656889164,0.9902912621359223,0.9805825242718447,0.9805825242718447,0.25,0.75,0.04807692307692308,0.9694721275478749,0.009615384615384616,0.2234098476146758,0.624732784286698,1.5271245838119285
PU-R,manifold_group_noise_fashion_mnist,3,0.1,0.0,support,200,200,5000,0,204,710,914,0.20230825658654794,0.3205,0.3205,,,,,6.269477111054584,0,1,201,0.06372549019607843,0.4803921568627451,0.6101087927818298,0.6101087927818298,0.9935123920440674,0.02296301798683963,0.9950738916256158,0.9950738916256158,0.9950738916256158,0.29411764705882354,0.7058823529411765,0.03431372549019608,0.9569921709557538,0.004901960784313725,0.1900956578984,0.63222847697286,1.5454473881558801
PU-R-Manifold,manifold_group_noise_fashion_mnist,3,0.1,0.0,support,50,50,5000,0,54,1718,1772,0.3789492259384133,0.42125,0.42125,,,,,1.31038591300603,0,0,51,0.018518518518518517,0.5555555555555556,0.6567291021347046,0.6567291021347046,0.982079267501831,0.06963363542871655,0.9245283018867925,0.8679245283018868,0.8490566037735849,0.18518518518518517,0.8148148148148148,0.09259259259259259,0.9714733895609564,0.018518518518518517,0.2676254173345527,0.6147842810997257,1.5028060204659963
PU-R-Manifold,manifold_group_noise_fashion_mnist,3,0.1,0.0,support,100,100,5000,0,104,1051,1155,0.25238663784693927,0.32199999999999995,0.322,,,,,2.9203585979994386,0,0,101,0.028846153846153848,0.5,0.6217669248580933,0.6217669248580933,0.9857218861579895,0.04089487805166869,0.9805825242718447,0.9611650485436893,0.9611650485436893,0.2403846153846154,0.7596153846153846,0.057692307692307696,0.9644950676509964,0.009615384615384616,0.2250096946514689,0.6243728187034195,1.5262446679416923
PU-R-Manifold,manifold_group_noise_fashion_mnist,3,0.1,0.0,support,200,200,5000,0,204,719,923,0.20418659423012286,0.31499999999999995,0.315,,,,,7.591399812023155,0,1,201,0.03431372549019608,0.4215686274509804,0.597065269947052,0.597065269947052,0.9921267032623291,0.024657814431444654,0.9950738916256158,0.9901477832512315,0.9901477832512315,0.24019607843137256,0.7598039215686274,0.03431372549019608,0.965119614943501,0.004901960784313725,0.19526574541608582,0.6310652072813807,1.542603840021153
GREATS,manifold_group_noise_fashion_mnist,3,0.1,0.0,support,50,50,5000,0,54,2005,2059,,0.4595,0.4595,,,,,1.1968419200275093,0,0,51,0.12962962962962962,0.6481481481481481,0.6816385388374329,0.6816385388374329,0.9817022085189819,0.06404145708623922,0.9245283018867925,0.8679245283018868,0.8490566037735849,0.2037037037037037,0.7962962962962963,0.07407407407407407,0.9735028606492326,0.018518518518518517,0.2542917646281769,0.6177843529586602,1.5101395294545028
GREATS,manifold_group_noise_fashion_mnist,3,0.1,0.0,support,100,100,5000,0,104,1181,1285,,0.365,0.365,,,,,2.4772792770527303,0,0,101,0.08653846153846154,0.5865384615384616,0.6413724422454834,0.6413724422454834,0.9817821979522705,0.043208478977089945,0.9805825242718447,0.9611650485436893,0.9514563106796117,0.28846153846153844,0.7115384615384616,0.04807692307692308,0.9635069298093321,0.009615384615384616,0.22508518238025454,0.6243558339644427,1.5262031496908601
GREATS,manifold_group_noise_fashion_mnist,3,0.1,0.0,support,200,200,5000,0,204,930,1134,,0.34025000000000005,0.34025,,,,,5.513232385041192,0,1,201,0.0784313725490196,0.5147058823529411,0.6082491874694824,0.6082491874694824,0.9923630952835083,0.02460061088938431,0.9901477832512315,0.9950738916256158,0.9901477832512315,0.31862745098039214,0.6813725490196079,0.03431372549019608,0.9585372778346416,0.004901960784313725,0.1920497226091114,0.63178881241295,1.544372652564989
MaxLoss,manifold_group_noise_fashion_mnist,3,0.1,0.05,support,50,50,4750,250,54,925,979,0.22707927221199498,0.3405,0.3405,,,,,0.5858077829470858,0,0,51,0.25925925925925924,0.5185185185185185,0.8098583817481995,0.8098583817481995,1.0000003576278687,0.08867587964489775,0.7358490566037735,0.7169811320754716,0.660377358490566,0.3333333333333333,0.6666666666666666,0.16666666666666666,0.9240406902005251,0.018518518518518517,0.26619691246955907,0.6151056946943492,1.5035916981417425
MaxLoss,manifold_group_noise_fashion_mnist,3,0.1,0.05,support,100,100,4750,250,104,509,613,0.14627600909443572,0.3245,0.3245,,,,,1.302143818931654,0,0,101,0.14423076923076922,0.34615384615384615,0.7342785000801086,0.7342785000801086,1.0,0.05079430298319141,0.970873786407767,0.941747572815534,0.941747572815534,0.19230769230769232,0.8076923076923077,0.08653846153846154,0.9616364057142233,0.009615384615384616,0.22993271500992027,0.6232651391227679,1.523537006744544
MaxLoss,manifold_group_noise_fashion_mnist,3,0.1,0.05,support,200,200,4750,250,204,112,316,0.07921432534931228,0.27949999999999997,0.2795,,,,,3.359372530016117,0,1,201,0.09803921568627451,0.3284313725490196,0.6327470541000366,0.6327470541000366,1.0000001192092896,0.02908542869713506,0.9950738916256158,0.9901477832512315,0.9901477832512315,0.20098039215686275,0.7990196078431373,0.04411764705882353,0.9671650834327884,0.004901960784313725,0.2016960983419035,0.6296183778730717,1.5390671459119531
PU-R,manifold_group_noise_fashion_mnist,3,0.1,0.05,support,50,50,4750,250,54,714,768,0.18067686510039493,0.33925000000000005,0.33925,,,,,0.9276094019878656,0,0,51,0.16666666666666666,0.4074074074074074,0.8154330849647522,0.8154330849647522,1.0000001192092896,0.09567741852886272,0.6415094339622641,0.7358490566037735,0.6037735849056604,0.2037037037037037,0.7962962962962963,0.09259259259259259,0.9637602848309353,0.018518518518518517,0.25070401348853943,0.6185915969650786,1.5121127925813034
PU-R,manifold_group_noise_fashion_mnist,3,0.1,0.05,support,100,100,4750,250,104,410,514,0.12412364693591371,0.31875,0.31875,,,,,2.0455297690350562,0,0,101,0.10576923076923077,0.38461538461538464,0.7388585805892944,0.7388585805892944,1.0000001192092896,0.05011320859193802,0.9805825242718447,0.9611650485436893,0.9611650485436893,0.17307692307692307,0.8269230769230769,0.04807692307692308,0.9751542184915695,0.009615384615384616,0.22068723033294396,0.6253453731750876,1.528622023316881
PU-R,manifold_group_noise_fashion_mnist,3,0.1,0.05,support,200,200,4750,250,204,175,379,0.09361251787049696,0.31325000000000003,0.31325,,,,,5.40873572207056,0,1,201,0.07352941176470588,0.3333333333333333,0.6480370759963989,0.6480370759963989,1.0,0.028141422132993567,0.9852216748768473,0.9852216748768473,0.9753694581280788,0.19607843137254902,0.803921568627451,0.024509803921568627,0.9752661195286322,0.004901960784313725,0.19591141797321532,0.6309199309560266,1.5422487201147317
PU-R-Manifold,manifold_group_noise_fashion_mnist,3,0.1,0.05,support,50,50,4750,250,54,834,888,0.20711964019574225,0.33075,0.33075,,,,,1.0855590390274301,0,0,51,0.16666666666666666,0.4074074074074074,0.8166596293449402,0.8166596293449402,1.0,0.09458851758039223,0.7169811320754716,0.7358490566037735,0.660377358490566,0.2222222222222222,0.7777777777777778,0.14814814814814814,0.9452891357294546,0.018518518518518517,0.24999607300704113,0.6187508835734158,1.5125021598461275
PU-R-Manifold,manifold_group_noise_fashion_mnist,3,0.1,0.05,support,100,100,4750,250,104,377,481,0.11670144984964281,0.31675,0.31675,,,,,2.3580026580020785,0,0,101,0.11538461538461539,0.40384615384615385,0.7614997029304504,0.7614997029304504,1.0,0.049232320588769266,0.9805825242718447,0.9514563106796117,0.941747572815534,0.18269230769230768,0.8173076923076923,0.07692307692307693,0.9657198584766404,0.009615384615384616,0.21486512104139577,0.626655347765686,1.5318241834272326
PU-R-Manifold,manifold_group_noise_fashion_mnist,3,0.1,0.05,support,200,200,4750,250,204,190,394,0.0970236777793616,0.29525,0.29525,,,,,6.235685452003963,0,1,201,0.0784313725490196,0.3088235294117647,0.6587662696838379,0.6587662696838379,1.0,0.026401948725134867,0.9950738916256158,0.9901477832512315,0.9901477832512315,0.16176470588235295,0.8382352941176471,0.0392156862745098,0.9765726676254625,0.004901960784313725,0.18895511565275952,0.6324850989781292,1.5460746863909824
GREATS,manifold_group_noise_fashion_mnist,3,0.1,0.05,support,50,50,4750,250,54,833,887,,0.31699999999999995,0.317,,,,,1.0086645790142938,0,0,51,0.09259259259259259,0.4074074074074074,0.8222525119781494,0.8222525119781494,0.9640271067619324,0.08694854997239022,0.7547169811320755,0.8113207547169812,0.6981132075471698,0.05555555555555555,0.9444444444444444,0.037037037037037035,0.9949494353487285,0.018518518518518517,0.23611598095882433,0.6218739042842646,1.5201362104726468
GREATS,manifold_group_noise_fashion_mnist,3,0.1,0.05,support,100,100,4750,250,104,592,696,,0.3125,0.3125,,,,,2.0319205629639328,0,0,101,0.09615384615384616,0.41346153846153844,0.7122260332107544,0.7122260332107544,0.9844328165054321,0.04241738616696839,0.970873786407767,0.9902912621359223,0.970873786407767,0.16346153846153846,0.8365384615384616,0.04807692307692308,0.97972599959859,0.009615384615384616,0.20983927923707518,0.6277861621716582,1.534588396419609
GREATS,manifold_group_noise_fashion_mnist,3,0.1,0.05,support,200,200,4750,250,204,275,479,,0.29925,0.29925,,,,,4.6676593529991806,0,1,201,0.05392156862745098,0.35294117647058826,0.6672941446304321,0.6672941446304321,0.9923182725906372,0.024690757546885846,0.9950738916256158,0.9950738916256158,0.9950738916256158,0.17647058823529413,0.8235294117647058,0.024509803921568627,0.979704293318336,0.004901960784313725,0.18517553886468296,0.6333355037554464,1.5481534536244246
MaxLoss,manifold_group_noise_fashion_mnist,3,0.1,0.1,support,50,50,4500,500,54,684,738,0.18360478355316445,0.31775,0.31775,,,,,0.6137278049718589,0,0,51,0.3148148148148148,0.46296296296296297,0.8150210976600647,0.8150210976600647,1.0000001192092896,0.06731915980015162,0.8301886792452831,0.7735849056603774,0.7358490566037735,0.35185185185185186,0.6481481481481481,0.3148148148148148,0.8422123486486118,0.018518518518518517,0.2491981489346731,0.6189304164896985,1.5129410180859297
MaxLoss,manifold_group_noise_fashion_mnist,3,0.1,0.1,support,100,100,4500,500,104,245,349,0.09155774768441916,0.30300000000000005,0.303,,,,,1.3534146719612181,0,0,101,0.17307692307692307,0.2980769230769231,0.779961109161377,0.779961109161377,1.000000238418579,0.05322886424735912,0.9320388349514563,0.9611650485436893,0.912621359223301,0.20192307692307693,0.7980769230769231,0.17307692307692307,0.9227500702741852,0.009615384615384616,0.22443809961670683,0.6245014275862409,1.5265590452108113
MaxLoss,manifold_group_noise_fashion_mnist,3,0.1,0.1,support,200,195,4500,500,199,0,199,0.05494368768995628,0.27249999999999996,0.2725,,,,,3.3516782630467787,1,0,196,0.10050251256281408,0.2613065326633166,0.678209125995636,0.678209125995636,1.0000001192092896,0.027937026826119184,0.9949494949494949,0.9949494949494949,0.9949494949494949,0.1457286432160804,0.8542713567839196,0.09045226130653267,0.9611053675888229,0.005025125628140704,0.19754825044315635,0.6305516436502898,1.541348462256264
PU-R,manifold_group_noise_fashion_mnist,3,0.1,0.1,support,50,50,4500,500,54,572,626,0.157378580479417,0.29674999999999996,0.29675,,,,,0.9027899439679459,0,0,51,0.24074074074074073,0.3888888888888889,0.8269292116165161,0.8269292116165161,1.0000001192092896,0.07573984703927669,0.7547169811320755,0.7547169811320755,0.7169811320754716,0.24074074074074073,0.7592592592592593,0.2222222222222222,0.9090300368917771,0.018518518518518517,0.23322723373535767,0.6225238724095445,1.5217250214455535
PU-R,manifold_group_noise_fashion_mnist,3,0.1,0.1,support,100,100,4500,500,104,238,342,0.08986976346932352,0.29725,0.29725,,,,,1.9774764280300587,0,0,101,0.1346153846153846,0.3076923076923077,0.8037603497505188,0.8037603497505188,1.000000238418579,0.05107821365004604,0.9805825242718447,0.941747572815534,0.941747572815534,0.17307692307692307,0.8269230769230769,0.125,0.9516012548097509,0.009615384615384616,0.20521485053010455,0.6288266586307264,1.5371318322084424
PU-R,manifold_group_noise_fashion_mnist,3,0.1,0.1,support,200,200,4500,500,204,0,204,0.056183090666309,0.28325,0.28325,,,,,5.236023214063607,1,0,201,0.0784313725490196,0.2549019607843137,0.6916502118110657,0.6916502118110657,1.000000238418579,0.028028928358199562,0.9901477832512315,0.9852216748768473,0.9802955665024631,0.1323529411764706,0.8676470588235294,0.06372549019607843,0.973852911118036,0.004901960784313725,0.19308653152731967,0.6315555304063531,1.5438024076599743
PU-R-Manifold,manifold_group_noise_fashion_mnist,3,0.1,0.1,support,50,50,4500,500,54,629,683,0.1707475641160272,0.30674999999999997,0.30675,,,,,1.0170643629971892,0,0,51,0.25925925925925924,0.42592592592592593,0.8102095127105713,0.8102095127105713,1.0,0.07988245982044148,0.7358490566037735,0.7924528301886793,0.7358490566037735,0.2962962962962963,0.7037037037037037,0.25925925925925924,0.8802803250142933,0.018518518518518517,0.24977468883890075,0.6188006950112473,1.5126239211386046
PU-R-Manifold,manifold_group_noise_fashion_mnist,3,0.1,0.1,support,100,100,4500,500,104,234,338,0.08890447166049853,0.31000000000000005,0.31,,,,,2.195558249950409,0,0,101,0.14423076923076922,0.28846153846153844,0.7804993391036987,0.7804993391036987,1.0000001192092896,0.051004130429434545,0.9514563106796117,0.9223300970873787,0.9029126213592233,0.17307692307692307,0.8269230769230769,0.14423076923076922,0.9376076078128041,0.009615384615384616,0.21467080026021734,0.6266990699414512,1.5319310598568807
PU-R-Manifold,manifold_group_noise_fashion_mnist,3,0.1,0.1,support,200,188,4500,500,192,0,192,0.053205583535600454,0.27649999999999997,0.2765,,,,,5.311713144998066,1,0,189,0.09375,0.2708333333333333,0.6923292875289917,0.6923292875289917,1.0,0.028883571448828537,0.9947643979057592,0.9842931937172775,0.9842931937172775,0.140625,0.859375,0.078125,0.9658962670736243,0.005208333333333333,0.19496275442741642,0.6311333802538314,1.542770485064921
GREATS,manifold_group_noise_fashion_mnist,3,0.1,0.1,support,50,50,4500,500,54,660,714,,0.3075,0.3075,,,,,0.9838794720126316,0,0,51,0.1111111111111111,0.6111111111111112,0.7777830958366394,0.7777830958366394,0.9463452100753784,0.11533230037059423,0.39622641509433965,0.5660377358490566,0.32075471698113206,0.18518518518518517,0.8148148148148148,0.07407407407407407,0.9701492810075413,0.018518518518518517,0.2861567533214564,0.6106147305026723,1.4926137856731991
GREATS,manifold_group_noise_fashion_mnist,3,0.1,0.1,support,100,100,4500,500,104,244,348,,0.2865,0.2865,,,,,1.9467954790452495,0,0,101,0.10576923076923077,0.5288461538461539,0.7431174516677856,0.7431174516677856,0.9758166670799255,0.050011503537303034,0.9611650485436893,0.941747572815534,0.941747572815534,0.27884615384615385,0.7211538461538461,0.04807692307692308,0.9630360648957198,0.009615384615384616,0.21679552092930177,0.6262210077909072,1.5307624634888841
GREATS,manifold_group_noise_fashion_mnist,3,0.1,0.1,support,200,200,4500,500,204,99,303,,0.27925,0.27925,,,,,4.467521192040294,0,1,201,0.06862745098039216,0.37745098039215685,0.6289248466491699,0.6289248466491699,0.9906209707260132,0.029467538545100855,0.9901477832512315,0.9950738916256158,0.9901477832512315,0.2107843137254902,0.7892156862745098,0.029411764705882353,0.9724506180008105,0.004901960784313725,0.20357674078851729,0.6291952333225836,1.5380327925663158
MaxLoss,manifold_group_noise_fashion_mnist,4,0.1,0.0,support,50,50,5000,0,54,1611,1665,0.3571440916857682,0.39375000000000004,0.39375,,,,,0.5904117849422619,0,0,51,0.037037037037037035,0.37037037037037035,0.685175895690918,0.685175895690918,0.9724016189575195,0.0698133943215856,0.9056603773584906,0.9433962264150944,0.8867924528301887,0.09259259259259259,0.9074074074074074,0.07407407407407407,0.9853875682890447,0.018518518518518517,0.26334752302057984,0.6157468073203696,1.5051588623386813
MaxLoss,manifold_group_noise_fashion_mnist,4,0.1,0.0,support,100,100,5000,0,104,1778,1882,0.4013097169226967,0.39325,0.39325,,,,,1.3152678399346769,0,0,101,0.04807692307692308,0.33653846153846156,0.6305392980575562,0.6305392980575562,0.9862810373306274,0.03853633797284469,0.970873786407767,0.9611650485436893,0.9611650485436893,0.1346153846153846,0.8653846153846154,0.038461538461538464,0.984733837255664,0.009615384615384616,0.22592165623043986,0.624167627348151,1.5257430890732582
MaxLoss,manifold_group_noise_fashion_mnist,4,0.1,0.0,support,200,200,5000,0,204,1094,1298,0.2819104016525671,0.359,0.359,,,,,3.406636430998333,0,1,201,0.08823529411764706,0.4362745098039216,0.6051732897758484,0.6051732897758484,0.9999999403953552,0.022978808308763456,0.9852216748768473,0.9901477832512315,0.9852216748768473,0.25980392156862747,0.7401960784313726,0.03431372549019608,0.9665528536314479,0.004901960784313725,0.19331633950542143,0.6315038236112802,1.5436760132720184
PU-R,manifold_group_noise_fashion_mnist,4,0.1,0.0,support,50,50,5000,0,54,1559,1613,0.3465271443128586,0.4205,0.4205,,,,,1.107887799036689,0,0,51,0.07407407407407407,0.5,0.636870265007019,0.636870265007019,0.9758768081665039,0.070914755452354,0.9622641509433962,0.8679245283018868,0.8679245283018868,0.2037037037037037,0.7962962962962963,0.07407407407407407,0.9692535952906186,0.018518518518518517,0.271805439503959,0.6138437761116092,1.5005070082728227
PU-R,manifold_group_noise_fashion_mnist,4,0.1,0.0,support,100,100,5000,0,104,1228,1332,0.28891150146955624,0.37275,0.37275,,,,,2.421736732008867,0,0,101,0.0673076923076923,0.41346153846153844,0.6087554693222046,0.6087554693222046,0.9848240613937378,0.04418189534284536,0.9902912621359223,0.9611650485436893,0.9611650485436893,0.19230769230769232,0.8076923076923077,0.057692307692307696,0.9714578784488127,0.009615384615384616,0.2319255615741002,0.6228167486458275,1.522440941134245
PU-R,manifold_group_noise_fashion_mnist,4,0.1,0.0,support,200,200,5000,0,204,1130,1334,0.289323118631728,0.34975,0.34975,,,,,6.382903326069936,0,1,201,0.05392156862745098,0.4264705882352941,0.5934314727783203,0.5934314727783203,0.992702066898346,0.022796716596105417,0.9950738916256158,0.9852216748768473,0.9852216748768473,0.25980392156862747,0.7401960784313726,0.03431372549019608,0.9650456679409677,0.004901960784313725,0.19057400856404091,0.6321208480730909,1.5451842952897776
PU-R-Manifold,manifold_group_noise_fashion_mnist,4,0.1,0.0,support,50,50,5000,0,54,1979,2033,0.43191556993406266,0.4415,0.4415,,,,,1.3555700699798763,0,0,51,0.05555555555555555,0.4444444444444444,0.6080051064491272,0.6080051064491272,0.9794907569885254,0.0718652255973726,0.9433962264150944,0.9245283018867925,0.9056603773584906,0.1111111111111111,0.8888888888888888,0.05555555555555555,0.9881330234608441,0.018518518518518517,0.275383406032316,0.613038733642729,1.4985391266822263
PU-R-Manifold,manifold_group_noise_fashion_mnist,4,0.1,0.0,support,100,100,5000,0,104,1434,1538,0.33119034144328907,0.37324999999999997,0.37325,,,,,3.045426837983541,0,0,101,0.038461538461538464,0.4326923076923077,0.6285841464996338,0.6285841464996338,0.9872503280639648,0.03952704283218939,0.9902912621359223,0.970873786407767,0.970873786407767,0.20192307692307693,0.7980769230769231,0.04807692307692308,0.9746795523063588,0.009615384615384616,0.22109398368491975,0.625253853670893,1.5283983089732942
PU-R-Manifold,manifold_group_noise_fashion_mnist,4,0.1,0.0,support,200,200,5000,0,204,1078,1282,0.2786133796325885,0.34375,0.34375,,,,,8.067760854028165,0,1,201,0.05392156862745098,0.4264705882352941,0.595137894153595,0.595137894153595,0.994911789894104,0.0230492927831382,0.9901477832512315,0.9901477832512315,0.9901477832512315,0.24509803921568626,0.7549019607843137,0.029411764705882353,0.9692210413474248,0.004901960784313725,0.19024138225066484,0.6321956889936005,1.5453672397621345
GREATS,manifold_group_noise_fashion_mnist,4,0.1,0.0,support,50,50,5000,0,54,2176,2230,,0.45125000000000004,0.45125,,,,,1.204914278932847,0,0,51,0.07407407407407407,0.48148148148148145,0.6776717901229858,0.6776717901229858,0.986346960067749,0.06122874988699859,0.9245283018867925,0.9056603773584906,0.9056603773584906,0.07407407407407407,0.9259259259259259,0.037037037037037035,0.9934234972488046,0.018518518518518517,0.2598767526395695,0.6165277306560969,1.5070677860482369
GREATS,manifold_group_noise_fashion_mnist,4,0.1,0.0,support,100,100,5000,0,104,1543,1647,,0.42774999999999996,0.42775,,,,,2.5475996709428728,0,0,101,0.07692307692307693,0.5288461538461539,0.6493648290634155,0.6493648290634155,0.9858113527297974,0.04456433711700069,0.9902912621359223,0.9611650485436893,0.9611650485436893,0.21153846153846154,0.7884615384615384,0.038461538461538464,0.9756284468807889,0.009615384615384616,0.23116062267805482,0.6229888598974377,1.52286165752707
GREATS,manifold_group_noise_fashion_mnist,4,0.1,0.0,support,200,200,5000,0,204,803,1007,,0.356,0.356,,,,,5.5980023390147835,0,1,201,0.07352941176470588,0.5,0.6235791444778442,0.6235791444778442,0.9910949468612671,0.025405966965802784,0.9950738916256158,0.9901477832512315,0.9901477832512315,0.30392156862745096,0.696078431372549,0.03431372549019608,0.9602569363204121,0.004901960784313725,0.19474549983975686,0.6311822625360547,1.5428899750881337
MaxLoss,manifold_group_noise_fashion_mnist,4,0.1,0.05,support,50,50,4750,250,54,872,926,0.2154635355109349,0.36624999999999996,0.36625,,,,,0.6149748339084908,0,0,51,0.18518518518518517,0.3888888888888889,0.8642257452011108,0.8642257452011108,1.000000238418579,0.061952758510157746,0.9056603773584906,0.8867924528301887,0.8679245283018868,0.18518518518518517,0.8148148148148148,0.12962962962962962,0.9535399107155462,0.018518518518518517,0.19549114219176594,0.6310144930068526,1.5424798717945287
MaxLoss,manifold_group_noise_fashion_mnist,4,0.1,0.05,support,100,100,4750,250,104,580,684,0.16207205509999767,0.32699999999999996,0.327,,,,,1.3645471999188885,0,0,101,0.1346153846153846,0.36538461538461536,0.7805465459823608,0.7805465459823608,1.000000238418579,0.04615657248543304,0.970873786407767,0.9611650485436893,0.9514563106796117,0.18269230769230768,0.8173076923076923,0.07692307692307693,0.9681346452182222,0.009615384615384616,0.21130410994388288,0.6274565752626264,1.5337827395308647
MaxLoss,manifold_group_noise_fashion_mnist,4,0.1,0.05,support,200,200,4750,250,204,59,263,0.06699500360991806,0.2955,0.2955,,,,,3.5012582229683176,0,1,201,0.09803921568627451,0.37745098039215685,0.671610951423645,0.671610951423645,1.0000001192092896,0.0252757006384469,0.9901477832512315,0.9901477832512315,0.9852216748768473,0.25,0.75,0.0392156862745098,0.9620397829689755,0.004901960784313725,0.1896913923356327,0.6323194367244827,1.5456697342154022
PU-R,manifold_group_noise_fashion_mnist,4,0.1,0.05,support,50,50,4750,250,54,818,872,0.20360234595136717,0.35275,0.35275,,,,,0.9524277038872242,0,0,51,0.24074074074074073,0.42592592592592593,0.8428744673728943,0.8428744673728943,1.0000001192092896,0.07520386632883323,0.8490566037735849,0.8113207547169812,0.8113207547169812,0.2037037037037037,0.7962962962962963,0.12962962962962962,0.9542157222110842,0.018518518518518517,0.21932820664062228,0.62565115350586,1.529369486347658
PU-R,manifold_group_noise_fashion_mnist,4,0.1,0.05,support,100,100,4750,250,104,645,749,0.17647595598828048,0.3355,0.3355,,,,,2.129491696949117,0,0,101,0.14423076923076922,0.38461538461538464,0.7558901309967041,0.7558901309967041,1.0000001192092896,0.04511933390376637,0.9805825242718447,0.9611650485436893,0.9611650485436893,0.20192307692307693,0.7980769230769231,0.0673076923076923,0.9654160961043396,0.009615384615384616,0.21459838021417063,0.6267153644518115,1.531970890882206
PU-R,manifold_group_noise_fashion_mnist,4,0.1,0.05,support,200,200,4750,250,204,258,462,0.11241830216022208,0.3015,0.3015,,,,,5.650820655981079,0,1,201,0.10784313725490197,0.37254901960784315,0.6545577645301819,0.6545577645301819,1.000000238418579,0.023854447409437207,0.9950738916256158,0.9901477832512315,0.9901477832512315,0.23039215686274508,0.7696078431372549,0.0392156862745098,0.9660126913362325,0.004901960784313725,0.18989781987737445,0.6322729905275908,1.5455561990674442
PU-R-Manifold,manifold_group_noise_fashion_mnist,4,0.1,0.05,support,50,50,4750,250,54,776,830,0.19435748306568712,0.361,0.361,,,,,1.0788594000041485,0,0,51,0.2037037037037037,0.3888888888888889,0.8529519438743591,0.8529519438743591,1.0000003576278687,0.07172987708505595,0.8301886792452831,0.8113207547169812,0.7924528301886793,0.14814814814814814,0.8518518518518519,0.1111111111111111,0.9672343642981883,0.018518518518518517,0.20761060917591223,0.6282876129354198,1.5358141649532484
PU-R-Manifold,manifold_group_noise_fashion_mnist,4,0.1,0.05,support,100,100,4750,250,104,677,781,0.18354882870335132,0.348,0.348,,,,,2.4550214810296893,0,0,101,0.125,0.33653846153846156,0.7483904361724854,0.7483904361724854,1.0000001192092896,0.048182102372345416,0.9902912621359223,0.941747572815534,0.941747572815534,0.17307692307692307,0.8269230769230769,0.057692307692307696,0.9723111167795682,0.009615384615384616,0.2182924620761487,0.6258841960328665,1.5299391458581182
PU-R-Manifold,manifold_group_noise_fashion_mnist,4,0.1,0.05,support,200,200,4750,250,204,266,470,0.11422263667918742,0.30525,0.30525,,,,,6.560240390012041,0,1,201,0.09313725490196079,0.3431372549019608,0.6517601609230042,0.6517601609230042,1.0000001192092896,0.026784279865437542,0.9950738916256158,0.9852216748768473,0.9852216748768473,0.2107843137254902,0.7892156862745098,0.03431372549019608,0.9699917088166339,0.004901960784313725,0.19314656290352572,0.6315420233467067,1.543769390403061
GREATS,manifold_group_noise_fashion_mnist,4,0.1,0.05,support,50,50,4750,250,54,803,857,,0.35424999999999995,0.35425,,,,,1.0188289260258898,0,0,51,0.037037037037037035,0.4444444444444444,0.7846612930297852,0.7846612930297852,0.953606903553009,0.08677673789690125,0.8113207547169812,0.7924528301886793,0.7358490566037735,0.1111111111111111,0.8888888888888888,0.05555555555555555,0.9856299810167082,0.018518518518518517,0.25494357816867763,0.6176376949120476,1.5097810320072274
GREATS,manifold_group_noise_fashion_mnist,4,0.1,0.05,support,100,100,4750,250,104,685,789,,0.348,0.348,,,,,2.080412655021064,0,0,101,0.0673076923076923,0.40384615384615385,0.6808987259864807,0.6808987259864807,0.9887049794197083,0.04200013922256173,0.970873786407767,0.9514563106796117,0.9514563106796117,0.1346153846153846,0.8653846153846154,0.028846153846153848,0.9861860271963566,0.009615384615384616,0.21894598434076656,0.6257371535233275,1.5295797086125784
GREATS,manifold_group_noise_fashion_mnist,4,0.1,0.05,support,200,200,4750,250,204,387,591,,0.33025000000000004,0.33025,,,,,4.79824816796463,0,1,201,0.07352941176470588,0.3431372549019608,0.6364723443984985,0.6364723443984985,0.9935271143913269,0.024304208864132173,0.9901477832512315,0.9901477832512315,0.9901477832512315,0.1715686274509804,0.8284313725490197,0.024509803921568627,0.9788123264109557,0.004901960784313725,0.1904177264252945,0.6321560115543087,1.545270250466088
MaxLoss,manifold_group_noise_fashion_mnist,4,0.1,0.1,support,50,50,4500,500,54,782,836,0.20642127346945927,0.3235,0.3235,,,,,0.6159819050226361,0,0,51,0.3148148148148148,0.3888888888888889,0.8369073867797852,0.8369073867797852,1.0000001192092896,0.06335426389046435,0.8867924528301887,0.8867924528301887,0.8490566037735849,0.25925925925925924,0.7407407407407407,0.24074074074074073,0.9000435075173687,0.018518518518518517,0.2168401346496956,0.6262109697038186,1.5307379259426677
MaxLoss,manifold_group_noise_fashion_mnist,4,0.1,0.1,support,100,100,4500,500,104,276,380,0.09901457489468157,0.3255,0.3255,,,,,1.363309993990697,0,0,101,0.17307692307692307,0.2980769230769231,0.792316198348999,0.792316198348999,1.000000238418579,0.05894161717405597,0.8932038834951457,0.9320388349514563,0.8932038834951457,0.19230769230769232,0.8076923076923077,0.125,0.9495025247885084,0.009615384615384616,0.22614799429741414,0.6241167012830818,1.5256186031364223
MaxLoss,manifold_group_noise_fashion_mnist,4,0.1,0.1,support,200,185,4500,500,189,0,189,0.05245959397871047,0.29300000000000004,0.293,,,,,3.1407972470624372,1,0,186,0.10582010582010581,0.291005291005291,0.6972767114639282,0.6972767114639282,1.000000238418579,0.029345572945919444,0.9946808510638298,0.973404255319149,0.973404255319149,0.17989417989417988,0.8201058201058201,0.06878306878306878,0.9675980654567458,0.005291005291005291,0.19624826501362702,0.630844140371934,1.5420634542425053
PU-R,manifold_group_noise_fashion_mnist,4,0.1,0.1,support,50,50,4500,500,54,704,758,0.18827048980165273,0.32775,0.32775,,,,,0.8992954830173403,0,0,51,0.2777777777777778,0.4074074074074074,0.8128608465194702,0.8128608465194702,1.0000001192092896,0.08031004779743699,0.8113207547169812,0.8301886792452831,0.7735849056603774,0.24074074074074073,0.7592592592592593,0.16666666666666666,0.9357674330938247,0.018518518518518517,0.24125029101930826,0.6207186845206557,1.5173123399393806
PU-R,manifold_group_noise_fashion_mnist,4,0.1,0.1,support,100,100,4500,500,104,334,438,0.11289336794288829,0.3195,0.3195,,,,,2.010438116034493,0,0,101,0.15384615384615385,0.3173076923076923,0.7949955463409424,0.7949955463409424,1.000000238418579,0.05480007639209044,0.912621359223301,0.9320388349514563,0.883495145631068,0.17307692307692307,0.8269230769230769,0.08653846153846154,0.9648005479232121,0.009615384615384616,0.2168671626690796,0.6262048883994571,1.5307230605320064
PU-R,manifold_group_noise_fashion_mnist,4,0.1,0.1,support,200,199,4500,500,203,0,203,0.05593534652143717,0.2885,0.2885,,,,,5.264539711992256,1,0,200,0.08866995073891626,0.28078817733990147,0.7007387280464172,0.7007387280464172,1.000000238418579,0.028110812869992587,0.995049504950495,0.9851485148514851,0.9851485148514851,0.1724137931034483,0.8275862068965517,0.04433497536945813,0.9757498316914353,0.0049261083743842365,0.19079416274742286,0.6320713133818299,1.5450632104889175
PU-R-Manifold,manifold_group_noise_fashion_mnist,4,0.1,0.1,support,50,50,4500,500,54,694,748,0.18593825778225437,0.33075,0.33075,,,,,1.008353955927305,0,0,51,0.3333333333333333,0.4444444444444444,0.8315322995185852,0.8315322995185852,1.0,0.06977215128124885,0.8113207547169812,0.7924528301886793,0.7924528301886793,0.2777777777777778,0.7222222222222222,0.2037037037037037,0.9078132355675256,0.018518518518518517,0.22670325367472416,0.623991767923187,1.5253132104789018
PU-R-Manifold,manifold_group_noise_fashion_mnist,4,0.1,0.1,support,100,100,4500,500,104,417,521,0.13261622935533524,0.35450000000000004,0.3545,,,,,2.2569403019733727,0,0,101,0.17307692307692307,0.3269230769230769,0.7985550165176392,0.7985550165176392,1.000000238418579,0.05578217691588171,0.912621359223301,0.9223300970873787,0.9029126213592233,0.19230769230769232,0.8076923076923077,0.10576923076923077,0.9543118068157441,0.009615384615384616,0.2166134763389898,0.6262619678237273,1.5308625880135558
PU-R-Manifold,manifold_group_noise_fashion_mnist,4,0.1,0.1,support,200,200,4500,500,204,15,219,0.05989142204634845,0.28825,0.28825,,,,,5.976743852952495,0,1,201,0.09803921568627451,0.27941176470588236,0.6970797777175903,0.6970797777175903,1.0000004768371582,0.02677433860713038,0.9950738916256158,0.9901477832512315,0.9901477832512315,0.16666666666666666,0.8333333333333334,0.05392156862745098,0.9717941675797785,0.004901960784313725,0.1901825154813962,0.6322089340166859,1.5453996164852322
GREATS,manifold_group_noise_fashion_mnist,4,0.1,0.1,support,50,50,4500,500,54,663,717,,0.32275,0.32275,,,,,0.948498317040503,0,0,51,0.037037037037037035,0.46296296296296297,0.7953499555587769,0.7953499555587769,0.9744440317153931,0.09096480315586306,0.660377358490566,0.7547169811320755,0.6037735849056604,0.12962962962962962,0.8703703703703703,0.05555555555555555,0.9818350545769757,0.018518518518518517,0.2578772620818562,0.6169776160315823,1.508167505854979
GREATS,manifold_group_noise_fashion_mnist,4,0.1,0.1,support,100,100,4500,500,104,310,414,,0.32299999999999995,0.323,,,,,1.9087103609926999,0,0,101,0.057692307692307696,0.4230769230769231,0.7329204082489014,0.7329204082489014,0.9780048131942749,0.04511963163764732,0.9611650485436893,0.941747572815534,0.941747572815534,0.20192307692307693,0.7980769230769231,0.038461538461538464,0.9752293648582379,0.009615384615384616,0.21716864745543463,0.6261370543225272,1.530557243899511
GREATS,manifold_group_noise_fashion_mnist,4,0.1,0.1,support,200,200,4500,500,204,164,368,,0.3055,0.3055,,,,,4.416075851069763,0,1,201,0.04411764705882353,0.3088235294117647,0.6566164493560791,0.6566164493560791,1.0,0.027426524335527655,0.9901477832512315,0.9901477832512315,0.9852216748768473,0.17647058823529413,0.8235294117647058,0.03431372549019608,0.9775246612987087,0.004901960784313725,0.19662070726500464,0.630760340865374,1.5418586110042476
