dataset,reference_method,reference_es_budget,method,noise_rate,pretrain_fraction,n,step_mean,step_se,target_step_mean,target_step_se,time_budget_sec_mean,time_budget_sec_se,selection_runtime_sec_mean,selection_runtime_sec_se,time_budget_overrun_sec_mean,time_budget_overrun_sec_se,time_budget_ratio_mean,time_budget_ratio_se,time_budget_hit_mean,time_budget_hit_se,target_step_hit_mean,target_step_hit_se,compression_size_mean,compression_size_se,remaining_bad_mean,remaining_bad_se,effective_compression_size_mean,effective_compression_size_se,certified_bound_mean,certified_bound_se,test_error_mean,test_error_se,test_inappropriate_risk_mean,test_inappropriate_risk_se,pac_bayes_bound_mean,pac_bayes_bound_se,pac_bayes_empirical_risk_mean,pac_bayes_empirical_risk_se,pac_bayes_mc_upper_mean,pac_bayes_mc_upper_se,pac_bayes_kl_mean,pac_bayes_kl_se,runtime_sec_mean,runtime_sec_se,stop_reached_mean,stop_reached_se,hit_limit_mean,hit_limit_se,train_calls_mean,train_calls_se,noise_hit_rate_mean,noise_hit_rate_se,duplicate_hit_rate_mean,duplicate_hit_rate_se,pairwise_feature_cosine_mean,pairwise_feature_cosine_se,mean_support_redundancy_mean,mean_support_redundancy_se,max_support_redundancy_mean,max_support_redundancy_se,mean_selected_residual_novelty_mean,mean_selected_residual_novelty_se,local_redundancy_hit_rate_mean,local_redundancy_hit_rate_se,residual_redundancy_hit_rate_mean,residual_redundancy_hit_rate_se,strong_redundancy_hit_rate_mean,strong_redundancy_hit_rate_se,mode_entropy_mean,mode_entropy_se,minority_mode_fraction_mean,minority_mode_fraction_se,spectral_entropy_mean,spectral_entropy_se,dynamic_mu_mean,dynamic_mu_se
fashion_mnist,PU-R,50,EL2N,0.0,0.3,5,83.4,15.328405005087777,,,1.2081560270860792,0.16315836287136057,1.2137760069221257,0.16205574062983819,0.005619979836046696,0.0024213399510908886,1.0054291172836654,0.0026070292856006532,1.0,0.0,0.0,0.0,103.4,15.328405005087777,1562.4,66.33897798428914,1665.8,51.392022727267694,0.506422844901681,0.014789724143559068,0.3718000000000001,0.010294124537812815,0.47602,0.01453070541990306,,,,,,,,,1.4928711190819741,0.2547144922689572,0.0,0.0,0.0,0.0,84.4,15.328405005087777,0.0,0.0,0.0,0.0,0.6659109711647033,0.012231520864064881,0.6659109711647033,0.012231520864064881,0.9935207962989807,0.0012220733059221999,0.04089953685460386,0.004237284941999879,0.8881317576992191,0.009403944460559522,0.9219199838908138,0.009238795100227735,0.8881317576992191,0.009403944460559522,0.0,0.0,0.0,0.0,0.27471956541654463,0.0107433237829293,1.3626402172917278,0.005371661891464647
fashion_mnist,PU-R,50,EL2N,0.1,0.3,5,69.2,4.328972164382672,,,1.1245386397466064,0.024194279199698937,1.131704304739833,0.021933225821006246,0.007165664993226528,0.002710389219990077,1.006567594358407,0.002584784920917296,1.0,0.0,0.0,0.0,89.2,4.328972164382672,2678.0,86.95458584801608,2767.2,83.67102246297698,0.8156266672420316,0.02275816032260285,0.6054999999999999,0.025331304743340815,0.7723600000000002,0.02630265385849875,,,,,,,,,1.3229748874902725,0.03479159593889353,0.0,0.0,0.0,0.0,70.2,4.328972164382672,0.4535578984466523,0.008919920856185799,0.0,0.0,0.7224025249481201,0.005600259043994442,0.7224025249481201,0.005600259043994442,0.9896143198013305,0.00259702044042957,0.04424854876696836,0.0019364477366797877,0.7739458497730131,0.012202954184017406,0.9051935376550869,0.010378473529318154,0.7689721086546937,0.014600161493369537,0.0,0.0,0.0,0.0,0.2734696420401145,0.0042825496905781624,1.3632651789799428,0.0021412748452890955
fashion_mnist,PU-R,50,EL2N,0.2,0.3,5,73.0,3.346640106136302,,,1.2398887597024442,0.03274533201748866,1.2475798649713397,0.030804034179989635,0.007691105268895626,0.0023820316480754316,1.0063889573161346,0.0020669666393891783,1.0,0.0,0.0,0.0,93.0,3.346640106136302,2848.0,71.38066965222447,2941.0,69.65342776920602,0.8628256253432482,0.018770421739748872,0.64978,0.023775331753731626,0.80968,0.02417152043211184,,,,,,,,,1.449182876572013,0.038979404128248456,0.0,0.0,0.0,0.0,74.0,3.346640106136302,0.5405692529605256,0.013160340926392067,0.0,0.0,0.730704379081726,0.002029952787047794,0.730704379081726,0.002029952787047794,0.9911621809005737,0.001777602708897255,0.04106845997918261,0.001712699829908901,0.8088137653435357,0.01502545125599264,0.9080569504224453,0.005107792866966391,0.8088137653435357,0.01502545125599264,0.0,0.0,0.0,0.0,0.26711070533439607,0.002024194703646079,1.3664446473328018,0.0010120973518230442
fashion_mnist,PU-R,50,EL2N,0.3,0.3,5,74.2,2.6532998322843193,,,1.2126489486545324,0.03254908100845105,1.2225828036665916,0.03129750227717355,0.009933855012059211,0.002414701556412775,1.008335823565215,0.0020894916798838846,1.0,0.0,0.0,0.0,94.2,2.6532998322843193,3035.2,56.83080150763316,3129.4,56.68562427988246,0.9129577603540383,0.014940305473269053,0.7070799999999999,0.03052687995848904,0.85854,0.0236327230762771,,,,,,,,,1.4295123813673853,0.03836738552347818,0.0,0.0,0.0,0.0,75.2,2.6532998322843193,0.5902299053024126,0.010327403735717444,0.0,0.0,0.7307323455810547,0.0041816920339128125,0.7307323455810547,0.0041816920339128125,0.984050989151001,0.0026689305788376552,0.04074212312355358,0.0016689676732858677,0.8014199525964232,0.015662686131170257,0.9007868318098498,0.006582120707652298,0.7950280353349406,0.016734833468821077,0.0,0.0,0.0,0.0,0.2675076001940516,0.003857585086556004,1.366246199902974,0.0019287925432780178
fashion_mnist,PU-R,50,GREATS,0.0,0.3,5,51.0,9.444575162494075,,,1.2081560270860792,0.16315836287136057,1.2199178483337163,0.1629454220924886,0.011761821247637272,0.002606633283971041,1.0104623926113707,0.003079908402496271,1.0,0.0,0.0,0.0,71.0,9.444575162494075,1690.4,138.79682993498085,1761.4,131.42054633884305,,,0.36003999999999997,0.01624517159035263,0.50322,0.03790668015007382,,,,,,,,,1.3632639123126864,0.1936813492882305,0.0,0.0,0.0,0.0,52.0,9.444575162494075,0.0,0.0,0.0,0.0,0.718360447883606,0.007235224388585389,0.718360447883606,0.007235224388585389,0.9935916662216187,0.0012428326074800983,0.047516549019941116,0.002864157408514668,0.858426061954528,0.016925551834976533,0.9033121826276782,0.007223890820158466,0.8515110097935743,0.018325705158631325,0.0,0.0,0.0,0.0,0.27125841695360975,0.003301737401236512,1.364370791523195,0.0016508687006182407
fashion_mnist,PU-R,50,GREATS,0.1,0.3,5,38.0,1.0954451150103321,,,1.1245386397466064,0.024194279199698937,1.1458250377327204,0.02256263847936194,0.021286397986114026,0.0028691307345952597,1.0191095689944056,0.0029207267584655788,1.0,0.0,0.0,0.0,58.0,1.0954451150103321,3300.0,25.385034961567413,3358.0,24.805241381611264,,,0.6701600000000001,0.02970027945996469,0.95616,0.008081249903325602,,,,,,,,,1.2488503009080887,0.022645370334203586,0.0,0.0,0.0,0.0,39.0,1.0954451150103321,0.5654552130281499,0.016650822415088466,0.0,0.0,0.7776490926742554,0.004435888186270043,0.7776490926742554,0.004435888186270043,0.9929964661598205,0.0013321839161983529,0.06004185522604692,0.0029358581595449076,0.7045036572622779,0.01250985336365896,0.8345977011494252,0.009069540940036251,0.6937629165215371,0.0181658159091093,0.0,0.0,0.0,0.0,0.2644140710023878,0.004231952857987547,1.3677929644988063,0.0021159764289937957
fashion_mnist,PU-R,50,GREATS,0.2,0.3,5,41.0,1.4832396974191324,,,1.2398887597024442,0.03274533201748866,1.2575506500899791,0.0307407365120283,0.017661890387535094,0.005981076798002471,1.0145046478047266,0.00507874164370515,1.0,0.0,0.0,0.0,61.0,1.4832396974191324,3340.8,18.210985695453168,3401.8,18.876970095860194,,,0.75428,0.025174220941272432,0.9628,0.007087947516735709,,,,,,,,,1.3671897560358048,0.03251551448985234,0.0,0.0,0.0,0.0,42.0,1.4832396974191324,0.6687969717064546,0.019172937762612568,0.0,0.0,0.7806052565574646,0.005595670354491757,0.7806052565574646,0.005595670354491757,0.992326021194458,0.001958514488535631,0.05847687724306607,0.002147545677717692,0.6984375221245204,0.018908324905846662,0.8524280333602366,0.01239418098819085,0.6917541470200926,0.018680293765596278,0.0,0.0,0.0,0.0,0.26035642975003925,0.00610005145193859,1.3698217851249805,0.0030500257259692947
fashion_mnist,PU-R,50,GREATS,0.3,0.3,5,40.6,1.0295630140987,,,1.2126489486545324,0.03254908100845105,1.2313657831400633,0.03198281007581022,0.018716834485530853,0.004000929191070839,1.015568331385331,0.0035315214600223008,1.0,0.0,0.0,0.0,60.6,1.0295630140987,3369.4,22.339650847763934,3430.0,22.39866067424568,,,0.7623600000000001,0.02056671096699714,0.9723599999999999,0.008441362449273222,,,,,,,,,1.3408839412033557,0.03306091619426165,0.0,0.0,0.0,0.0,41.6,1.0295630140987,0.6889324492263621,0.015779632189909975,0.0,0.0,0.7843172907829284,0.002928256993414796,0.7843172907829284,0.002928256993414796,0.9904574513435364,0.001878650335923024,0.05540174673106636,0.0013130239515775585,0.7038033777090325,0.02214601920032706,0.8421415468283774,0.006903093984073216,0.6901754519624627,0.023565720675581776,0.0,0.0,0.0,0.0,0.2571294939077696,0.0031147196701661935,1.3714352530461151,0.001557359835083103
fashion_mnist,PU-R,50,GraNdLast,0.0,0.3,5,79.6,11.334019587066186,,,1.2081560270860792,0.16315836287136057,1.2169571012258529,0.16342210731594853,0.008801074139773846,0.002226019977923162,1.0074880930759966,0.0020215438195494277,1.0,0.0,0.0,0.0,99.6,11.334019587066186,1474.2,88.18015649793324,1573.8,81.94717810882814,0.4798827178310603,0.023578311570567858,0.37054,0.018246057108317944,0.45358,0.024982101592940505,,,,,,,,,1.460002536326647,0.22001138987563038,0.0,0.0,0.0,0.0,80.6,11.334019587066186,0.0,0.0,0.0,0.0,0.6409428596496582,0.005760144564897704,0.6409428596496582,0.005760144564897704,0.9969053387641906,0.00033511385296700253,0.039719160810570184,0.0025827176086130744,0.8969149272280996,0.006766252903751975,0.9256962267289784,0.006670287161132682,0.8946927050058774,0.0077225818441354855,0.0,0.0,0.0,0.0,0.27586741280673055,0.004415916472612705,1.3620662935966348,0.002207958236306354
fashion_mnist,PU-R,50,GraNdLast,0.1,0.3,5,65.2,2.0346989949375804,,,1.1245386397466064,0.024194279199698937,1.132523550093174,0.0256580028160392,0.00798491034656763,0.0023904894530590625,1.0070085012489822,0.002000592495144129,1.0,0.0,0.0,0.0,85.2,2.0346989949375804,2533.6,99.9882993154699,2618.8,98.0517210455788,0.774847992695868,0.027007933266567218,0.5543,0.017722499823670475,0.7235400000000001,0.0284792836988573,,,,,,,,,1.3122423918917776,0.030472845909466216,0.0,0.0,0.0,0.0,66.2,2.0346989949375804,0.3739255264701844,0.02130447683460592,0.0,0.0,0.7080113053321838,0.007601731933366801,0.7080113053321838,0.007601731933366801,0.9930603981018067,0.0018630335843758882,0.04495644275537308,0.0010773562959604992,0.800276341305753,0.011425877192755196,0.8974175824175823,0.006352075912819083,0.7952763413057531,0.011179960773111237,0.0,0.0,0.0,0.0,0.27539894029689826,0.0034176923117496226,1.362300529851551,0.0017088461558748176
fashion_mnist,PU-R,50,GraNdLast,0.2,0.3,5,73.6,3.6959437225152656,,,1.2398887597024442,0.03274533201748866,1.253120476938784,0.034780115411599984,0.013231717236340045,0.0029985564870244888,1.0105451727354962,0.0021192327562099917,1.0,0.0,0.0,0.0,93.6,3.6959437225152656,2876.4,60.56616216997738,2970.0,57.45955099024008,0.870696373085957,0.015438184467738264,0.66402,0.02269414902568502,0.8153600000000001,0.020673306460264176,,,,,,,,,1.4624353233724832,0.04742461067250752,0.0,0.0,0.0,0.0,74.6,3.6959437225152656,0.4820493358633776,0.014238376298818283,0.0,0.0,0.7114959239959717,0.0019948962317568046,0.7114959239959717,0.0019948962317568046,0.98758624792099,0.0009802730761056544,0.04471048292863515,0.0009331644897421768,0.767816235405053,0.015304026075789998,0.9007577495053122,0.0046751637968570625,0.7634550850042986,0.012952657447622855,0.0,0.0,0.0,0.0,0.2781810740391678,0.0005383758696985291,1.3609094629804162,0.00026918793484929655
fashion_mnist,PU-R,50,GraNdLast,0.3,0.3,5,65.6,3.57211421989835,,,1.2126489486545324,0.03254908100845105,1.217910864762962,0.03233805824574028,0.005261916108429432,0.0016537270982747768,1.0043712030012002,0.0013521188562406698,1.0,0.0,0.0,0.0,85.6,3.57211421989835,3015.2,35.36580269130053,3100.8,35.938002170404516,0.9056031636078842,0.009446656835606653,0.68488,0.0146808174159343,0.85118,0.013907458430640736,,,,,,,,,1.3944177059456706,0.041754383646384036,0.0,0.0,0.0,0.0,66.6,3.57211421989835,0.5396054684499607,0.01945164536274134,0.0,0.0,0.7251036763191223,0.005395455782712476,0.7251036763191223,0.005395455782712476,0.991334068775177,0.0018615311957930368,0.04621505726798618,0.0024283764003710253,0.7683275691619401,0.020724121895670116,0.8860707330521727,0.005049710148852568,0.7589652209838025,0.023274091824846424,0.0,0.0,0.0,0.0,0.2703614459413387,0.0039383574501894066,1.3648192770293304,0.0019691787250947137
fashion_mnist,PU-R,50,Marginal,0.0,0.3,5,86.2,11.306635220082056,,,1.2081560270860792,0.16315836287136057,1.214870597422123,0.16371606891401513,0.006714570336043835,0.0019438243069132052,1.0056657517680259,0.0018505717228165415,1.0,0.0,0.0,0.0,106.2,11.306635220082056,940.8,42.812848538727245,1047.0,34.011762671170096,0.32676589459879324,0.009999662193520638,0.2758,0.008430658337283034,0.29309999999999997,0.010790505085490672,,,,,,,,,1.4908162077888847,0.2239446120369077,0.0,0.0,0.0,0.0,87.2,11.306635220082056,0.0,0.0,0.0,0.0,0.6502798080444336,0.007787856254980977,0.6502798080444336,0.007787856254980977,0.9973249316215516,0.0003941382788897356,0.032645771944088804,0.0015655628804314198,0.9062289360434956,0.009905815513057694,0.9330856832503782,0.006443491663733689,0.9062289360434956,0.009905815513057694,0.0,0.0,0.0,0.0,0.2696377628829491,0.0021429807126608956,1.3651811185585256,0.0010714903563304487
fashion_mnist,PU-R,50,Marginal,0.1,0.3,5,80.6,3.2496153618543837,,,1.1245386397466064,0.024194279199698937,1.1337563119828702,0.024654317576675615,0.009217672236263751,0.0006863267542159027,1.0081776898948789,0.0005001201745417572,1.0,0.0,0.0,0.0,100.6,3.2496153618543837,1368.0,22.847319317591722,1468.6,24.68521824898455,0.4496489134733565,0.007132518935741447,0.32432000000000005,0.0075263138387925395,0.34918,0.00783775478054781,,,,,,,,,1.369126657769084,0.03589688900861707,0.0,0.0,0.0,0.0,81.6,3.2496153618543837,0.1230220345994597,0.02200654172122116,0.0,0.0,0.6656661748886108,0.0022274173208191696,0.6656661748886108,0.0022274173208191696,0.9960043430328369,0.0008591053141543041,0.0330370933337447,0.0009551365968518963,0.8833119721168965,0.009189430246822549,0.925221530546323,0.00436633821060638,0.8790974972713537,0.007697483608526462,0.0,0.0,0.0,0.0,0.2692070510598886,0.0011830276030136923,1.3653964744700557,0.0005915138015068494
fashion_mnist,PU-R,50,Marginal,0.2,0.3,5,84.2,2.727636339397171,,,1.2398887597024442,0.03274533201748866,1.2434567527845501,0.03276391445306907,0.0035679930821061133,0.001998548065573382,1.0028830485428752,0.0015940585561510234,1.0,0.0,0.0,0.0,104.2,2.727636339397171,1728.8,83.49275417663499,1833.0,81.99878047873638,0.5542003651265986,0.02333965977665039,0.37114,0.02676756619493076,0.40492,0.03163566658061751,,,,,,,,,1.4928127141669392,0.03878401346743025,0.0,0.0,0.0,0.0,85.2,2.727636339397171,0.22631160878590917,0.032916964574874835,0.0,0.0,0.6843045711517334,0.002258837158221897,0.6843045711517334,0.002258837158221897,0.9945828795433045,0.0009574216786115068,0.033356338335077604,0.0010479387635323387,0.8718028995829904,0.01076285277156168,0.9322830181539923,0.0015553540977536456,0.8718028995829904,0.01076285277156168,0.0,0.0,0.0,0.0,0.26572065627953284,0.002329780566963594,1.3671396718602336,0.0011648902834818188
fashion_mnist,PU-R,50,Marginal,0.3,0.3,5,77.4,2.461706725018234,,,1.2126489486545324,0.03254908100845105,1.221380145661533,0.033147881932768075,0.008731197007000447,0.0013227881881360509,1.0071688123764493,0.0010004243247176893,1.0,0.0,0.0,0.0,97.4,2.461706725018234,2090.4,59.9779959651871,2187.8,61.82264957117254,0.6548587866011075,0.01743244468868953,0.43689999999999996,0.01686016014158822,0.48123999999999995,0.0218074436832931,,,,,,,,,1.4412603806704283,0.04098159178552639,0.0,0.0,0.0,0.0,78.4,2.461706725018234,0.33439277329794836,0.03165113253809708,0.0,0.0,0.6946270346641541,0.007681451650270458,0.6946270346641541,0.007681451650270458,0.9945683360099793,0.0009016238504580102,0.0366729982232734,0.0009504185783494193,0.8637371125043538,0.012242384226776341,0.9167809125740162,0.0022677097701489872,0.8574382619296411,0.010311123361387484,0.0,0.0,0.0,0.0,0.26768897767239413,0.0027676498591155253,1.366155511163803,0.0013838249295577488
fashion_mnist,PU-R,50,MaxLoss,0.0,0.3,5,125.8,15.976232346833216,,,1.2081560270860792,0.16315836287136057,1.2120029158890246,0.16270056302154726,0.0038468888029456138,0.0012768837187831078,1.003503438729258,0.001213573316405397,1.0,0.0,0.0,0.0,145.8,15.976232346833216,1399.8,76.48424674401912,1545.6,62.64072157949651,0.47181280262302605,0.018050600309676906,0.35498,0.009761219186146766,0.44342,0.017624795034269197,,,,,,,,,1.7526568977162242,0.31325350417527204,0.0,0.0,0.0,0.0,126.8,15.976232346833216,0.0,0.0,0.0,0.0,0.7035565853118897,0.005408003926795318,0.7035565853118897,0.005408003926795318,0.9926949977874756,0.000783764400593986,0.031344219728201346,0.0023274678732998493,0.9096168441603705,0.007880917053797244,0.9461741073926555,0.004074509824332084,0.905249211407507,0.007339420433553016,0.0,0.0,0.0,0.0,0.2507738994137637,0.004024217896318683,1.374613050293118,0.002012108948159351
fashion_mnist,PU-R,50,MaxLoss,0.1,0.3,5,113.6,3.1240998703626617,,,1.1245386397466064,0.024194279199698937,1.1301818193867803,0.024597802776720825,0.005643179640173912,0.0013176388862798844,1.00499658147592,0.001135910117314201,1.0,0.0,0.0,0.0,133.6,3.1240998703626617,2873.0,61.61249873199431,3006.6,58.78145966203969,0.8804676429950632,0.015703519400375888,0.70726,0.02094429755327211,0.8478999999999999,0.017852086712762737,,,,,,,,,1.5399575974792241,0.0408350571054001,0.0,0.0,0.0,0.0,114.6,3.1240998703626617,0.5664389233954452,0.009497152158705054,0.0,0.0,0.7351423382759095,0.0019531673575647686,0.7351423382759095,0.0019531673575647686,0.9843540787696838,0.0024132843353015594,0.0354723987158473,0.000633371756888582,0.848356918552749,0.011408065388115429,0.9347315443995168,0.004562660657754159,0.845156918552749,0.010438152402792156,0.0,0.0,0.0,0.0,0.2570322780407482,0.0007478124193925051,1.371483860979626,0.0003739062096962628
fashion_mnist,PU-R,50,MaxLoss,0.2,0.3,5,126.2,4.831148931672465,,,1.2398887597024442,0.03274533201748866,1.2461684487760067,0.033021592801913045,0.006279689073562622,0.0014145390578822192,1.0050584712343245,0.0011296567784886814,1.0,0.0,0.0,0.0,146.2,4.831148931672464,2924.8,34.56501121076051,3071.0,30.804220490056228,0.8977663904777728,0.008178164004562744,0.71632,0.011056735503755159,0.8507800000000001,0.009084239098570675,,,,,,,,,1.7438771715387702,0.06294526466355187,0.0,0.0,0.0,0.0,127.2,4.831148931672465,0.634321217594253,0.009279910207742501,0.0,0.0,0.7362740159034729,0.0023742956534890352,0.7362740159034729,0.0023742956534890352,0.9785682678222656,0.003634608950972513,0.033633651263329956,0.0013213633424151655,0.8735052113703977,0.01176736253896636,0.9362601104088843,0.0038820548809449388,0.8722065100716965,0.011201918388407834,0.0,0.0,0.0,0.0,0.2530676853470443,0.002174554056063037,1.3734661573264777,0.001087277028031531
fashion_mnist,PU-R,50,MaxLoss,0.3,0.3,5,126.2,7.08801805866774,,,1.2126489486545324,0.03254908100845105,1.2159415043890476,0.033188776312960744,0.00329255573451519,0.0010399279973173977,1.0026684490194502,0.0008032475439901245,1.0,0.0,0.0,0.0,146.2,7.08801805866774,3041.2,18.394020767629897,3187.4,16.871870080106707,0.9283590676030145,0.00438108155823272,0.7599600000000001,0.0075834424900568945,0.8888199999999999,0.006738427116174809,,,,,,,,,1.7229537965729833,0.08443553552298899,0.0,0.0,0.0,0.0,127.2,7.08801805866774,0.6984414420470078,0.005749101338732173,0.0,0.0,0.7404512882232666,0.0016724177782193109,0.7404512882232666,0.0016724177782193109,0.9828401565551758,0.0036178043092723023,0.03427729748664643,0.001730702159343044,0.8826990552435582,0.009096739738097001,0.9333971375285885,0.0028185424078988877,0.8813745519323,0.009261001240763761,0.0,0.0,0.0,0.0,0.25139204920345437,0.002911603006847551,1.3743039753982726,0.0014558015034237968
fashion_mnist,PU-R,50,PU-R,0.0,0.3,5,50.0,0.0,50.0,0.0,1.2081560270860792,0.16315836287136057,1.2081560270860792,0.16315836287136057,0.0,0.0,1.0,0.0,0.0,0.0,1.0,0.0,70.0,0.0,1305.8,49.32078669283368,1375.8,49.32078669283368,0.4227339580887929,0.014307309019622235,0.35536,0.014768567973909985,0.39841999999999994,0.01246825569195627,,,,,,,,,1.6656691052019597,0.4849237274668374,0.0,0.0,1.0,0.0,51.0,0.0,0.0,0.0,0.0,0.0,0.6908048868179322,0.005146738117144431,0.6908048868179322,0.005146738117144431,0.9925942540168762,0.0018927703939911986,0.042505758741627576,0.001037026189195301,0.8753623188405797,0.013440026805066237,0.9101449275362319,0.0054226918648897695,0.863768115942029,0.012634489691422232,0.0,0.0,0.0,0.0,0.2788970798300393,0.0030849611241370563,1.3605514600849804,0.0015424805620685063
fashion_mnist,PU-R,50,PU-R,0.1,0.3,5,50.0,0.0,50.0,0.0,1.1245386397466064,0.024194279199698937,1.1245386397466064,0.024194279199698937,0.0,0.0,1.0,0.0,0.0,0.0,1.0,0.0,70.0,0.0,1768.6,99.43369650173929,1838.6,99.43369650173929,0.5557344336179085,0.02837111321095237,0.41247999999999996,0.03182031426620422,0.47392,0.030051445888675636,,,,,,,,,1.2530880957841872,0.025425726122481902,0.0,0.0,1.0,0.0,51.0,0.0,0.18571428571428572,0.013552618543578768,0.0,0.0,0.7040376305580139,0.0030389636609077023,0.7040376305580139,0.0030389636609077023,0.9916131019592285,0.002314664866045556,0.04533904864304308,0.0016731893573548086,0.8405797101449275,0.016524281523175914,0.910144927536232,0.00542269186488977,0.828985507246377,0.012467138068177711,0.0,0.0,0.0,0.0,0.28109576344526344,0.0021755813790081736,1.3594521182773682,0.0010877906895041026
fashion_mnist,PU-R,50,PU-R,0.2,0.3,5,50.0,0.0,50.0,0.0,1.2398887597024442,0.03274533201748866,1.2398887597024442,0.03274533201748866,0.0,0.0,1.0,0.0,0.0,0.0,1.0,0.0,70.0,0.0,2339.4,53.040173453713365,2409.4,53.040173453713365,0.7169891624595038,0.01477967057796475,0.5401400000000001,0.010672188154263412,0.6167400000000001,0.014779871447343497,,,,,,,,,1.3696010496467352,0.032985793144653615,0.0,0.0,1.0,0.0,51.0,0.0,0.34285714285714286,0.007824607964359518,0.0,0.0,0.7122656583786011,0.00231012712360497,0.7122656583786011,0.00231012712360497,0.9888184905052185,0.0036040776217492448,0.04223909611287325,0.0008165010042704535,0.8376811594202899,0.01246713806817772,0.9159420289855073,0.005422691864889776,0.826086956521739,0.00793800807978501,0.0,0.0,0.0,0.0,0.27721661558459687,0.0017619045526729995,1.3613916922077016,0.0008809522763365025
fashion_mnist,PU-R,50,PU-R,0.3,0.3,5,50.0,0.0,50.0,0.0,1.2126489486545324,0.03254908100845105,1.2126489486545324,0.03254908100845105,0.0,0.0,1.0,0.0,0.0,0.0,1.0,0.0,70.0,0.0,2418.4,59.67126611695113,2488.4,59.67126611695113,0.7389584259944968,0.01658341913049279,0.53124,0.024279839373439027,0.60626,0.02206802211345639,,,,,,,,,1.343061239644885,0.03309552878367562,0.0,0.0,1.0,0.0,51.0,0.0,0.3971428571428572,0.01884415136896131,0.0,0.0,0.7184978723526001,0.003643929540716106,0.7184978723526001,0.003643929540716106,0.991748309135437,0.0017056538776208331,0.04411081412564153,0.002390371232023406,0.8492753623188406,0.020801014629575818,0.9101449275362319,0.00542269186488977,0.8405797101449275,0.016524281523175914,0.0,0.0,0.0,0.0,0.27609427647366924,0.0033229758382785166,1.3619528617631655,0.0016614879191392403
fashion_mnist,PU-R,50,RHO-PretrainRef,0.0,0.3,5,70.8,10.9288608738514,,,1.2081560270860792,0.16315836287136057,1.2183446211740374,0.16417913273776327,0.010188594087958336,0.002291114303299344,1.0085119634086905,0.0019168347239808194,1.0,0.0,0.0,0.0,90.8,10.9288608738514,1724.0,120.93427967288677,1814.8,114.37499726775953,0.5488696356187575,0.03246105346747734,0.39197999999999994,0.012945980071049076,0.52298,0.033904017461062044,,,,,,,,,1.4264577159658074,0.20978059523426107,0.0,0.0,0.0,0.0,71.8,10.9288608738514,0.0,0.0,0.0,0.0,0.716072678565979,0.004336963375965925,0.716072678565979,0.004336963375965925,0.9914936065673828,0.001105440407292147,0.041619455442331706,0.0030343005950824262,0.8649197501436307,0.009987127192132692,0.9243013010923459,0.008048009629596295,0.8626470228709036,0.01149751446388672,0.0,0.0,0.0,0.0,0.26119893652439197,0.002998784157429571,1.369400531737804,0.0014993920787147697
fashion_mnist,PU-R,50,RHO-PretrainRef,0.1,0.3,5,59.4,3.0757112998459393,,,1.1245386397466064,0.024194279199698937,1.131605228036642,0.025018506021579387,0.007066588290035725,0.0024993096944386536,1.0062376785260374,0.002153556346593897,1.0,0.0,0.0,0.0,79.4,3.0757112998459397,2987.6,56.39379398479942,3067.0,55.216845255773165,0.8965662274509668,0.014746766995227742,0.6507,0.017224430324396786,0.86296,0.016444713436238406,,,,,,,,,1.2846838153898716,0.031478835978528935,0.0,0.0,0.0,0.0,60.4,3.0757112998459393,0.5509285696559149,0.009608722907787338,0.0,0.0,0.7570165753364563,0.0032814799302333286,0.7570165753364563,0.0032814799302333286,0.9800753474235535,0.0037778732791018616,0.05102430767307199,0.0017208189889006062,0.7730025505510483,0.018306706411105007,0.8874000622356564,0.0025701532381907925,0.77006137408046,0.02103549836845396,0.0,0.0,0.0,0.0,0.2649284683763344,0.0011337179459367153,1.3675357658118328,0.0005668589729683554
fashion_mnist,PU-R,50,RHO-PretrainRef,0.2,0.3,5,62.2,2.3537204591879637,,,1.2398887597024442,0.03274533201748866,1.2497051311656833,0.03358100224325276,0.009816371463239193,0.002133904172373578,1.0078821899653716,0.0016310177865815156,1.0,0.0,0.0,0.0,82.2,2.3537204591879637,3242.8,28.450659043333246,3325.0,30.15791770000044,0.9631704582017846,0.007576074578684161,0.7661,0.01937057046139839,0.94098,0.010121976091653237,,,,,,,,,1.415014329738915,0.039443042102496204,0.0,0.0,0.0,0.0,63.2,2.3537204591879637,0.6578907844724536,0.014028947905004675,0.0,0.0,0.7751704096794129,0.002668519013595329,0.7751704096794129,0.002668519013595329,0.9866759657859803,0.0040048166924235885,0.048205518223524056,0.0010919148600462504,0.7946689976689977,0.019570981463812236,0.8859169751816811,0.010846358157762484,0.78697668997669,0.02622905349645486,0.0,0.0,0.0,0.0,0.2515029244880315,0.0023284339846684947,1.374248537755984,0.0011642169923342337
fashion_mnist,PU-R,50,RHO-PretrainRef,0.3,0.3,5,61.4,1.3638181696985856,,,1.2126489486545324,0.03254908100845105,1.2247156342491508,0.03157733773889613,0.01206668559461832,0.003134102332967765,1.0100841766298245,0.002665525620026383,1.0,0.0,0.0,0.0,81.4,1.3638181696985854,3282.4,33.26649966557948,3363.8,33.11404535842759,0.9722717361990363,0.007706005652070332,0.77798,0.01399172612653636,0.95046,0.011315679387469425,,,,,,,,,1.385677469149232,0.0354040996859018,0.0,0.0,0.0,0.0,62.4,1.3638181696985856,0.6927285882429268,0.006313862909835615,0.0,0.0,0.7798744797706604,0.004273756570331573,0.7798744797706604,0.004273756570331573,0.9836983919143677,0.002842123649164214,0.04777313484434324,0.0019472495271057044,0.8133120025774246,0.008797256356479249,0.8779619526100193,0.007375771871472048,0.8010221086316699,0.009629604982620735,0.0,0.0,0.0,0.0,0.24855209260415437,0.00369197228694839,1.3757239536979229,0.0018459861434741776
