dataset,method,noise_rate,pretrain_fraction,n,compression_size_mean,compression_size_se,remaining_bad_mean,remaining_bad_se,effective_compression_size_mean,effective_compression_size_se,certified_bound_mean,certified_bound_se,test_error_mean,test_error_se,pac_bayes_bound_mean,pac_bayes_bound_se,pac_bayes_empirical_risk_mean,pac_bayes_empirical_risk_se,pac_bayes_mc_upper_mean,pac_bayes_mc_upper_se,pac_bayes_kl_mean,pac_bayes_kl_se,runtime_sec_mean,runtime_sec_se,stop_reached_mean,stop_reached_se,train_calls_mean,train_calls_se
mnist,Marginal,0.0,0.0,3,300.0,0.0,36.333333333333336,4.910306620885412,336.3333333333333,4.910306620885412,0.38782975607318804,0.00509500176303484,0.1059,0.004021608301828199,0.5079725280154026,0.00897187494800105,0.0364566666666667,0.0050317536152363895,0.13087274282445863,0.008285358569875568,309.8384213275801,2.393749370450371,2.4889063040415444,0.014406184725807885,0.0,0.0,297.0,0.0
mnist,Marginal,0.0,0.2,3,298.3333333333333,1.6666666666666667,2.6666666666666665,1.7638342073763937,301.0,3.2145502536643185,0.4348788273637183,0.004141504606761901,0.09560000000000002,0.0030924639582917248,0.44710370661065185,0.008339742692184604,0.005545833333333326,0.0019354200304958432,0.06996015246978154,0.005101553830661607,276.0059304155629,5.049619012284584,2.4117533449704447,0.01428419397594121,0.3333333333333333,0.33333333333333337,295.3333333333333,1.6666666666666667
mnist,Marginal,0.0,0.4,3,239.0,3.511884584284246,0.0,0.0,239.0,3.511884584284246,0.4660571308922954,0.00600415054807907,0.09633333333333334,0.00451897235122223,0.4774569808938975,0.0043629527660074465,0.0021222222222222306,0.0006117168714889045,0.060311322677731156,0.0019878695652552148,248.7989756406796,1.3908023505969234,1.8674959396788229,0.026430679561987316,1.0,0.0,236.0,3.511884584284246
mnist,Marginal,0.0,0.6,3,189.0,9.29157324317757,0.0,0.0,189.0,9.29157324317757,0.5553088979601549,0.02327815339266117,0.12743333333333332,0.005942034817954038,0.5283225031964358,0.008008959500256704,0.0018166666666666314,0.0007974351244946222,0.05901503427245001,0.0030150067461827195,201.42372407427536,9.594856453488573,1.4106166846274089,0.06948762189827272,1.0,0.0,186.0,9.29157324317757
mnist,Marginal,0.0,0.8,3,105.66666666666667,4.807401700618653,0.0,0.0,105.66666666666667,4.807401700618653,0.6408246651020212,0.02318387839687968,0.16473333333333331,0.0100618641966144,0.6581470771779656,0.0003350717809027593,0.009533333333333343,0.0012437622137870439,0.0800718005850301,0.0029154982079538155,141.72579708377683,1.936624327522164,0.797943998593837,0.03261730537322262,1.0,0.0,102.66666666666667,4.807401700618653
mnist,Marginal,0.4,0.0,3,300.0,0.0,298.3333333333333,7.446102634562892,598.3333333333334,7.446102634562893,0.6518170647323132,0.0072848089177826566,0.3530666666666667,0.0191830075269176,0.8280990901493989,0.006642577605475863,0.29837,0.007259781906733395,0.45753106481502354,0.007767438449268511,344.874609489738,7.225620660099511,2.6044785604656986,0.019906939420955803,0.0,0.0,297.0,0.0
mnist,Marginal,0.4,0.2,3,300.0,0.0,214.33333333333334,5.23874454850057,514.3333333333334,5.238744548500571,0.7006651460542344,0.006305656158751956,0.36486666666666673,0.0041478240614139395,0.8313816391023363,0.005261560796026641,0.26914166666666667,0.005302025621820833,0.42598314502839835,0.0058025508092536,327.5012888188366,3.599834776383307,2.5130766606889665,0.007311285711239299,0.0,0.0,297.0,0.0
mnist,Marginal,0.4,0.4,3,300.0,0.0,130.33333333333334,1.8559214542766742,430.3333333333333,1.8559214542766742,0.7785901650592374,0.0028701045614520507,0.3888666666666667,0.031534443250374834,0.8427379659071761,0.0011732601056270461,0.21768333333333337,0.0028598918653476623,0.3685363178180357,0.0032638276762502394,336.56982707052697,2.457731887820088,2.3873788176570088,0.0014064693565170967,0.0,0.0,297.0,0.0
mnist,Marginal,0.4,0.6,3,300.0,0.0,25.0,3.511884584284246,325.0,3.511884584284246,0.8745464398913706,0.007466513365031672,0.3900666666666666,0.015171501061017147,0.800915665364459,0.012336018698531214,0.0636416666666667,0.008096814359844091,0.17312928984719136,0.01178012797745169,358.823053533197,6.105922402702201,2.2306133608799428,0.0029797518749871592,0.0,0.0,297.0,0.0
mnist,Marginal,0.4,0.8,3,166.0,7.023769168568492,0.0,0.0,166.0,7.023769168568492,0.9066276295731465,0.02761466249790539,0.4512666666666667,0.023256994169018868,0.796386503488714,0.01687487585396914,0.01055000000000001,0.0028785123472608825,0.08205665094505694,0.00637528095644065,233.69053644791595,13.039396752462466,1.219064816289271,0.04889936946863481,1.0,0.0,163.0,7.023769168568492
mnist,MaxLoss,0.0,0.0,3,176.33333333333334,3.48010216963685,0.0,0.0,176.33333333333334,3.48010216963685,0.2178901745355688,0.003799372804421274,0.07986666666666668,0.00812902891562768,0.3896213785600131,0.0019854773739832036,0.000406666666666667,0.0003578329840085241,0.05359549931525311,0.001656938732289477,301.3150508630372,3.205661978754365,2.322385454627996,0.9721648212221968,1.0,0.0,173.33333333333334,3.48010216963685
mnist,MaxLoss,0.0,0.2,3,158.33333333333334,2.0275875100994067,0.0,0.0,158.33333333333334,2.0275875100994067,0.2462961416458711,0.0027620850270311512,0.08886666666666669,0.0017704362299852771,0.3982287462822122,0.003065216026815798,0.0004083333333333287,0.00022130452874815712,0.053801506166915834,0.0010123344559149982,249.06513382764646,3.199608149685962,1.2068414077317964,0.014794534557378761,1.0,0.0,155.33333333333334,2.0275875100994067
mnist,MaxLoss,0.0,0.4,3,124.66666666666667,3.5276684147527875,0.0,0.0,124.66666666666667,3.5276684147527875,0.26437780348351225,0.006449258596924031,0.09676666666666667,0.0007965202096899229,0.44262794805696903,0.006292492671690749,0.001377777777777793,0.00047671069467734303,0.05770270986210715,0.0017864544169623661,219.2491729910765,8.234706257617026,0.9486022343238195,0.0229701181634332,1.0,0.0,121.66666666666667,3.5276684147527875
mnist,MaxLoss,0.0,0.6,3,100.0,3.0550504633038935,0.0,0.0,100.0,3.0550504633038935,0.32323590194573626,0.008309915359069355,0.12213333333333336,0.0013544166435939873,0.5002087010989307,0.0059134467665731515,0.0012333333333333165,0.0002829654474391612,0.057261285904070446,0.0010611220035809331,182.66520479250903,3.095944778535123,0.7164856093004346,0.0202807238905204,1.0,0.0,97.0,3.0550504633038935
mnist,MaxLoss,0.0,0.8,3,63.0,6.110100926607787,0.0,0.0,63.0,6.110100926607787,0.42310062466034043,0.03301875619716944,0.16563333333333333,0.014249717346124577,0.6101501691123515,0.012127013438713852,0.0027500000000000024,0.001047616341987849,0.06208082604446585,0.0034979794554757743,129.87303563561167,6.8652942260197864,0.4670497609768063,0.03838445287137852,1.0,0.0,60.0,6.110100926607787
mnist,MaxLoss,0.4,0.0,3,300.0,0.0,258.3333333333333,11.83685393637647,558.3333333333334,11.83685393637647,0.6125000147537017,0.011667899135683663,0.45,0.0030435724623102465,0.8427785963020008,0.0074802893038801695,0.25823,0.00885591892465148,0.41396316567808095,0.009728426189800675,470.0920108089678,13.001187346953209,2.2305189117323607,0.008950583199689421,0.0,0.0,297.0,0.0
mnist,MaxLoss,0.4,0.2,3,300.0,0.0,154.0,5.033222956847167,454.0,5.033222956847167,0.6273273556143977,0.0061761735900728075,0.4367666666666667,0.015419071884448108,0.8234416586064984,0.00511750550358798,0.1954875,0.0057387162835719,0.3428632991216463,0.006701929215520295,443.44439930886347,3.2919928921289907,2.193588908373689,0.001276295322454477,0.0,0.0,297.0,0.0
mnist,MaxLoss,0.4,0.4,3,300.0,0.0,65.66666666666667,6.76592771006148,365.6666666666667,6.765927710061479,0.6763894213169502,0.010873407357691125,0.4204666666666667,0.002201766967182887,0.8085921157287275,0.011882044217599695,0.11071666666666669,0.00966481304067032,0.23827523951172547,0.012574146166959527,450.52923115377115,8.599852808709217,2.105652744959419,0.001160987900422133,0.0,0.0,297.0,0.0
mnist,MaxLoss,0.4,0.6,3,245.0,6.3508529610858835,0.0,0.0,245.0,6.3508529610858835,0.6925017546939974,0.01515326280039026,0.4029,0.02699895059689049,0.7238227760828727,0.007610681285707113,0.0006583333333333275,0.0002315407331574957,0.054946624098065,0.0009996412600268903,401.6444241664329,10.776688823105323,1.6490508846472949,0.0416621595066426,1.0,0.0,242.0,6.3508529610858835
mnist,MaxLoss,0.4,0.8,3,126.33333333333333,8.412952976082641,0.0,0.0,126.33333333333333,8.412952976082641,0.737687164665355,0.03871186905422838,0.4303333333333333,0.02975882688846752,0.796742432592857,0.0149760443054251,0.0010833333333333344,0.000633333333333334,0.056458977121233954,0.0023638600262462996,254.08464518958985,12.565763488936694,0.8671832016358773,0.05270445308836139,1.0,0.0,123.33333333333333,8.412952976082641
mnist,PU-C,0.0,0.0,3,226.33333333333334,7.218802609235905,0.0,0.0,226.33333333333334,7.218802609235905,0.2719165697538604,0.007730995191905726,0.07733333333333332,0.0019717448561560403,0.399556908612082,0.0020780441901084848,0.0007066666666666672,0.0002465990898424226,0.05515542110959246,0.0010233190749863118,311.6570287526476,3.279535462769191,2.156702864371861,0.06208982973703577,1.0,0.0,223.33333333333334,7.218802609235905
mnist,PU-C,0.0,0.2,3,189.66666666666666,5.6960024968783545,0.0,0.0,189.66666666666666,5.6960024968783545,0.2886391269857995,0.007635044002967312,0.08639999999999999,0.002402776172125341,0.4006019343041643,0.001720257543500293,0.0014791666666666566,0.0007685326025036953,0.0577264257737265,0.003069888571323919,244.3145360244797,6.944940206224993,1.7829028776225944,0.05228713764140485,1.0,0.0,186.66666666666666,5.6960024968783545
mnist,PU-C,0.0,0.4,3,160.0,4.358898943540674,0.0,0.0,160.0,4.358898943540674,0.328131780513407,0.007779349006757936,0.09063333333333334,0.004108662934716255,0.44192384830576353,0.005600567731867342,0.0006500000000000072,0.00023648662948658693,0.05489236881289556,0.001071926173100527,222.8391772727775,3.649390684737864,1.4411798963944118,0.03509740806552005,1.0,0.0,157.0,4.358898943540674
mnist,PU-C,0.0,0.6,3,119.33333333333333,6.76592771006148,0.0,0.0,119.33333333333333,6.76592771006148,0.3752535543365714,0.01811072593750043,0.12293333333333338,0.0052960152735597125,0.5018618314053245,0.01355225688407537,0.001108333333333325,0.0006010985313943464,0.056583901968845274,0.0022489250199181736,184.81094680061162,7.71600288596551,1.0206624530255795,0.056469894736618655,1.0,0.0,116.33333333333333,6.76592771006148
mnist,PU-C,0.0,0.8,3,70.33333333333333,3.1797973380564857,0.0,0.0,70.33333333333333,3.1797973380564857,0.46247900285137195,0.016736594359465527,0.15333333333333332,0.008167482952402019,0.6168289614939572,0.008644747831232017,0.002083333333333335,0.0007623064417352855,0.06005349412235967,0.0026602948631214984,134.1408380013624,4.379898879105468,0.6025548734081289,0.025013750537025557,1.0,0.0,67.33333333333333,3.1797973380564857
mnist,PU-C,0.4,0.0,3,300.0,0.0,310.0,7.937253933193772,610.0,7.937253933193772,0.663205592854259,0.007742272641451173,0.3395333333333333,0.01191082607453313,0.8408144144361694,0.004246619237217828,0.30972333333333335,0.008146697354006577,0.4695940846919262,0.008639771144100472,357.50351282342035,5.2480777790427595,3.3301716816301146,0.029702410266540278,0.0,0.0,297.0,0.0
mnist,PU-C,0.4,0.2,3,300.0,0.0,205.33333333333334,4.371625682868,505.3333333333333,4.371625682868,0.6898272026640674,0.005271029642805319,0.3988333333333333,0.025080226828674786,0.829276609745246,0.0016631415295080682,0.25569583333333334,0.0050023553480113715,0.4112150824880351,0.005514502233397804,345.05135794615626,5.2462739784566965,3.1049068619807563,0.011833279992983416,0.0,0.0,297.0,0.0
mnist,PU-C,0.4,0.4,3,300.0,0.0,114.33333333333333,7.512951779723097,414.3333333333333,7.512951779723097,0.753639830062942,0.011756351454369023,0.37106666666666666,0.014375480668292263,0.8300245393775434,0.01063953398887928,0.1907833333333334,0.012923292207540675,0.33718323346115575,0.015184058937215318,352.5958474471799,7.488835362176499,2.8595508110399046,0.010739876584819143,0.0,0.0,297.0,0.0
mnist,PU-C,0.4,0.6,3,300.0,0.0,11.666666666666666,4.409585518440984,311.6666666666667,4.409585518440984,0.8456741311626198,0.009642298458979346,0.3919333333333334,0.021684274896287825,0.768416442532811,0.014541367458196598,0.03317499999999999,0.010473428680873016,0.1242883416806771,0.017815365959722072,369.710485537071,1.226090817559592,2.591709940073391,0.00628306139379258,0.0,0.0,297.0,0.0
mnist,PU-C,0.4,0.8,3,146.66666666666666,7.125852775477317,0.0,0.0,146.66666666666666,7.125852775477317,0.8280976670600163,0.03075740567498065,0.4499666666666667,0.01804829939664984,0.7949876757230766,0.011229246094276467,0.004483333333333337,0.002984171204501812,0.06615596349010439,0.00818334002578825,244.17854860537568,4.985258851935895,1.211040588406225,0.05711784534569276,1.0,0.0,143.66666666666666,7.125852775477317
mnist,PU-F,0.0,0.0,3,200.0,4.358898943540674,0.0,0.0,200.0,4.358898943540674,0.2435943138358804,0.004713846079049338,0.08090000000000001,0.0018330302779823282,0.4012584443817242,0.005256723773205813,0.0005333333333333338,0.00019641226483541667,0.05440555844804079,0.0008893194757739992,315.972400197556,5.544672224940381,2.5111356106741973,0.02147106766556708,1.0,0.0,197.0,4.358898943540674
mnist,PU-F,0.0,0.2,3,170.33333333333334,3.844187531556932,0.0,0.0,170.33333333333334,3.844187531556932,0.2625879413099028,0.005208677583072291,0.08836666666666666,0.0036861603027782083,0.4115165520410627,0.006658333392817604,0.0012958333333333218,0.0006274258477656475,0.05730803400830007,0.0022852004874882393,257.7796340192759,9.515945894879259,2.001510773630192,0.04272061759827687,1.0,0.0,167.33333333333334,3.844187531556932
mnist,PU-F,0.0,0.4,3,142.66666666666666,2.0275875100994067,0.0,0.0,142.66666666666666,2.0275875100994067,0.2970591548170584,0.0036576310529492246,0.09889999999999995,0.006073988255942986,0.4499323564484931,0.002144053256967179,0.0005944444444444464,0.00047143725607948537,0.05441929358345756,0.0020131363736436026,231.18682562014138,1.703363825276463,1.5668280229438096,0.0228822662873669,1.0,0.0,139.66666666666666,2.0275875100994067
mnist,PU-F,0.0,0.6,3,111.0,3.511884584284246,0.0,0.0,111.0,3.511884584284246,0.35301057940038544,0.00946907607648295,0.11406666666666665,0.0034352745321314846,0.5171199664979768,0.007222026722405361,0.0014916666666666542,0.0002682246156571878,0.05822246499873849,0.0009832010935526257,193.85059157842738,6.132731577328375,1.0853173890306305,0.03290912068012276,1.0,0.0,108.0,3.511884584284246
mnist,PU-F,0.0,0.8,3,73.66666666666667,2.185812841434,0.0,0.0,73.66666666666667,2.185812841434,0.4800321323564276,0.011390072269949598,0.1576333333333333,0.003983437934470402,0.6424025297210819,0.00926920958736438,0.0031666666666666696,0.0014251705550954647,0.06327106843664237,0.0042694398852273574,144.58826051248596,5.798966363832433,0.6850779293260226,0.013682263760247601,1.0,0.0,70.66666666666667,2.185812841434
mnist,PU-F,0.4,0.0,3,300.0,0.0,268.3333333333333,1.763834207376394,568.3333333333334,1.7638342073763937,0.6223909419689638,0.0017372049885917627,0.39010000000000006,0.0214501748244624,0.8278908574022604,0.0028608203006492104,0.26921,0.002063548723275811,0.4260789541835588,0.002256028660863974,400.78631643071327,4.629687504500229,5.526235848354797,0.062434272309115205,0.0,0.0,297.0,0.0
mnist,PU-F,0.4,0.2,3,300.0,0.0,192.33333333333334,6.9602043392737,492.3333333333333,6.9602043392737,0.6740920651548853,0.008434409540276673,0.39176666666666665,0.004924203263247526,0.8385588979200839,0.003663439084185749,0.24249583333333335,0.008329360511334444,0.39650798993116854,0.009290672305549799,391.77736331080746,5.791402515654599,4.821606963717689,0.03189430337122049,0.0,0.0,297.0,0.0
mnist,PU-F,0.4,0.4,3,300.0,0.0,97.33333333333333,2.3333333333333335,397.3333333333333,2.3333333333333335,0.7269529514014721,0.0036904583520450803,0.40619999999999995,0.02638200144037597,0.8311583941370504,0.001997645442653827,0.1628666666666667,0.0038333816422076866,0.30407457545351196,0.004649740867782719,400.7433455083836,5.083312455881478,4.003812195034698,0.008285108174698644,0.0,0.0,297.0,0.0
mnist,PU-F,0.4,0.6,3,286.0,3.511884584284246,0.0,0.0,286.0,3.511884584284246,0.7882875931682065,0.007985394126553743,0.4144333333333334,0.015936575681257368,0.7306614451622248,0.004816564390108779,0.000924999999999988,0.0003105774192263969,0.05602608204297127,0.0012655908840615165,409.07241858090646,5.7970072763068865,3.0171105809664973,0.036329138684345716,1.0,0.0,283.0,3.511884584284246
mnist,PU-F,0.4,0.8,3,144.33333333333334,10.10500426081608,0.0,0.0,144.33333333333334,10.10500426081608,0.8171708395821042,0.04349241556243752,0.4555666666666667,0.026173926805973233,0.8231901270328389,0.01277598882382589,0.003783333333333337,0.0013210896176178895,0.06522269430053183,0.0038417471694024872,272.5193559428172,11.17544076465567,1.3424840053388227,0.09706367819267822,1.0,0.0,141.33333333333334,10.10500426081608
