method,noise_rate,n,compression_size_mean,compression_size_se,remaining_bad_mean,remaining_bad_se,effective_compression_size_mean,effective_compression_size_se,certified_bound_mean,certified_bound_se,test_error_mean,test_error_se,runtime_sec_mean,runtime_sec_se,stop_reached_mean,stop_reached_se,train_calls_mean,train_calls_se,noise_hit_rate_mean,noise_hit_rate_se,duplicate_hit_rate_mean,duplicate_hit_rate_se,pairwise_feature_cosine_mean,pairwise_feature_cosine_se
GREATS,0.0,10,143.6,6.650313275828942,0.0,0.0,143.6,6.650313275828942,,,0.004559999999999986,0.0005746883213244089,0.49988370829378254,0.01872073270017783,1.0,0.0,140.6,6.650313275828942,0.0,0.0,0.1981272165937506,0.01550845136430623,0.6425585567951202,0.014172797348867661
GREATS,0.1,10,259.1,7.460190643974485,0.0,0.0,259.1,7.460190643974485,,,0.004680000000000006,0.0011799058342841485,1.011906575091416,0.06892637441637048,1.0,0.0,256.1,7.460190643974485,0.15145964574804044,0.004799126840108148,0.3165627554981393,0.014129553722517603,0.5260075986385345,0.016814375274075193
GREATS,0.2,10,386.1,9.904488320397418,0.0,0.0,386.1,9.904488320397418,,,0.008029999999999992,0.0008626895926886586,2.087403720797738,0.15857918417374872,1.0,0.0,383.1,9.904488320397418,0.20579193425607625,0.005433158015807362,0.3814651911428679,0.00762061939033488,0.4417648196220398,0.029724211210967733
GREATS,0.3,10,468.7,10.354870029765381,0.0,0.0,468.7,10.354870029765381,,,0.013970000000000005,0.0016590526078324214,3.0599007667042315,0.16715641474987206,1.0,0.0,465.7,10.354870029765381,0.2507278556544855,0.0036335762865027676,0.41080430491141834,0.006532943705263169,0.41218063682317735,0.032946472526452
GREATS,0.4,10,535.6,14.183088521193119,0.0,0.0,535.6,14.183088521193119,,,0.01660999999999997,0.0017196543580356865,3.8057803001080175,0.2617829141714568,1.0,0.0,532.6,14.183088521193119,0.2883507519150388,0.005374899959451419,0.41990508487101785,0.007548855900118947,0.4103801041841507,0.023357189686208906
MaxLoss,0.0,10,110.0,6.139127697718046,0.0,0.0,110.0,6.139127697718046,0.04862546564545482,0.0023788500667503904,0.016070000000000008,0.0014744528175262548,0.3311217667069286,0.04533328205888097,1.0,0.0,107.0,6.139127697718046,0.0,0.0,0.14556345460777073,0.02228378196621433,0.839536988735199,0.008149995687425063
MaxLoss,0.1,10,202.8,9.206036666835034,0.0,0.0,202.8,9.206036666835034,0.08356221952126361,0.0034153931571912276,0.008319999999999994,0.0008406082453927127,0.3613693875900935,0.01859574568894441,1.0,0.0,199.8,9.206036666835034,0.1955399255666669,0.009882788100099191,0.3083422890025507,0.016541664538138625,0.5316614717245102,0.02888262825045348
MaxLoss,0.2,10,295.7,12.80282086972329,0.0,0.0,295.7,12.80282086972329,0.1175577859801706,0.00464259931153922,0.010370000000000013,0.0008080222769206364,0.5668328041036148,0.024737242748564117,1.0,0.0,292.7,12.80282086972329,0.25766039447418754,0.007172533374544854,0.3936151738531991,0.011375155901035773,0.46245144307613373,0.02413705681610179
MaxLoss,0.3,10,400.1,9.080442965210697,0.0,0.0,400.1,9.080442965210697,0.15513029391295277,0.0032407516494084234,0.01312000000000001,0.001277914968480559,0.7694033830950502,0.016597160084956146,1.0,0.0,397.1,9.080442965210697,0.2928221842148714,0.006127817214702071,0.43312411511493076,0.00968601532804285,0.47379935085773467,0.029210269485763895
MaxLoss,0.4,10,478.7,15.097497953119401,0.0,0.0,478.7,15.097497953119401,0.1830450429348275,0.005346170302195336,0.018489999999999986,0.00198155101989438,0.9511832915944979,0.03973193530090567,1.0,0.0,475.7,15.097497953119401,0.32089801040663823,0.00627358339260395,0.4433774649261258,0.008251471837851463,0.5095665961503982,0.04659250796756844
PU-C,0.0,10,108.3,1.4533486237727757,0.0,0.0,108.3,1.4533486237727757,0.048014304105890915,0.00055946344200608,0.016959999999999996,0.0006083127850410858,0.2047991041035857,0.011034194074547341,1.0,0.0,105.3,1.4533486237727757,0.0,0.0,0.14386930646038015,0.02466709284000654,0.8247444987297058,0.007781727779645887
PU-C,0.1,10,205.8,5.748043145279965,0.0,0.0,205.8,5.748043145279965,0.08469887308310717,0.0021231394285528946,0.009220000000000016,0.0011829154191610122,1.0503755208977963,0.022998079323936164,1.0,0.0,202.8,5.748043145279965,0.18671129472310982,0.006884763348771404,0.31707123733305104,0.016396539678126813,0.5958544909954071,0.01715601932003002
PU-C,0.2,10,298.7,10.617647783028236,0.0,0.0,298.7,10.617647783028236,0.11866006011259742,0.0038504986315056294,0.011050000000000004,0.0011316899850322224,1.698285100114299,0.1126189770497811,1.0,0.0,295.7,10.617647783028236,0.2573285128464704,0.005793414532497911,0.3988179173313891,0.011270852836484251,0.5174564063549042,0.04430115874811265
PU-C,0.3,10,392.5,7.0494286608522,0.0,0.0,392.5,7.0494286608522,0.15242193836602383,0.0025184487715663013,0.014700000000000001,0.0013180794108601103,2.4214335834025404,0.12006977338903778,1.0,0.0,389.5,7.0494286608522,0.29559585602422334,0.0069223190117067845,0.4301361112390186,0.009326238822314172,0.46798071563243865,0.02753857588651376
PU-C,0.4,10,500.2,18.824806329238378,0.0,0.0,500.2,18.824806329238378,0.1906287723511923,0.00665224893829512,0.01630999999999999,0.0016070988353759307,3.433696620899718,0.273266668986287,1.0,0.0,497.2,18.824806329238378,0.31482594464315083,0.009549889943967835,0.4368435836481804,0.00986799459584683,0.5381457448005676,0.03924653342019581
PU-F,0.0,10,126.2,3.4634600554294765,0.0,0.0,126.2,3.4634600554294765,0.0548635721381288,0.0013231676614586403,0.012540000000000006,0.001241701341797703,0.3850464206014294,0.017986381291491504,1.0,0.0,123.2,3.4634600554294765,0.0,0.0,0.13436692357054467,0.01975076966224536,0.7993602693080902,0.013647010484824374
PU-F,0.1,10,225.0,7.069496288829761,0.0,0.0,225.0,7.069496288829761,0.0917755875736475,0.0025970113535461192,0.006520000000000003,0.0007998333159685988,1.8156528876104858,0.10614443472681329,1.0,0.0,222.0,7.069496288829761,0.1741164912547428,0.005308568337099644,0.30751252269747115,0.013885933817309,0.54752117395401,0.023447444232613805
PU-F,0.2,10,325.9,11.508885456222268,0.0,0.0,325.9,11.508885456222268,0.12849223425728268,0.004146461526598663,0.010259999999999981,0.0012491952965364875,3.233919991698349,0.2038977129024633,1.0,0.0,322.9,11.508885456222268,0.22936795339918378,0.006282078044192662,0.36291627619932976,0.012580516684034542,0.45898314714431765,0.028259540995789395
PU-F,0.3,10,407.7,11.520079089234681,0.0,0.0,407.7,11.520079089234681,0.157832793117268,0.004109867118596227,0.014190000000000003,0.0015127201400861351,4.3939550539012995,0.18186755455623396,1.0,0.0,404.7,11.520079089234681,0.27431507438644875,0.006152630894750796,0.420333975953364,0.009887327431361373,0.4567009598016739,0.03984402164727816
PU-F,0.4,10,484.0,17.083455284117566,0.0,0.0,484.0,17.083455284117566,0.18491133724455722,0.006040931871880539,0.020230000000000005,0.0023082966302737863,5.315328633395256,0.31822875733274314,1.0,0.0,481.0,17.083455284117566,0.30674563105973407,0.005629430788671721,0.4230117491402157,0.006240533884277204,0.5759396225214004,0.0626231717476903
PU-G,0.0,10,128.5,8.00312438988674,0.0,0.0,128.5,8.00312438988674,0.055693547235568984,0.003048671057449708,0.007310000000000006,0.0009477986190231693,0.3775403956999071,0.025013962653748927,1.0,0.0,125.5,8.00312438988674,0.0,0.0,0.17285200916762525,0.024475797700833583,0.6991769134998321,0.018808882736678627
PU-G,0.1,10,247.4,10.63557970002367,0.0,0.0,247.4,10.63557970002367,0.0999708055285737,0.0039100479908704055,0.007559999999999989,0.0014730316433200655,1.5742022958991584,0.12363876318571879,1.0,0.0,244.4,10.63557970002367,0.16176112770368892,0.009249492695418962,0.31682890362626986,0.01792213537292433,0.5526418268680573,0.03826495323259028
PU-G,0.2,10,383.7,11.114605006226915,0.0,0.0,383.7,11.114605006226915,0.1492596424825024,0.003978114406549367,0.011580000000000002,0.0012073662796903532,3.4627950833004433,0.23553793664841022,1.0,0.0,380.7,11.114605006226915,0.2042965906009083,0.007167428183834488,0.36281766375690844,0.009126967568586249,0.5159263908863068,0.03847093484275344
PU-G,0.3,10,448.1,10.009384485460522,0.0,0.0,448.1,10.009384485460522,0.17221718252403662,0.0035576715958293968,0.014450000000000008,0.001711156204312029,4.416852645704057,0.1777397219258756,1.0,0.0,445.1,10.009384485460522,0.2583635241447855,0.005988567675079952,0.41680173449712515,0.00885643120555698,0.45472102165222167,0.03237512778116824
PU-G,0.4,10,532.2,19.314818720925707,0.0,0.0,532.2,19.314818720925707,0.20191489309072494,0.0068051168644715715,0.022740000000000003,0.0015089510705564048,5.862877145799575,0.3286946467339113,1.0,0.0,529.2,19.314818720925707,0.28310430539536907,0.006796150713163434,0.4170275698087383,0.00810587319162398,0.43947449922561643,0.03901626054451337
