dataset,method,noise_rate,pretrain_fraction,pretrain_training_mode,es_budget,n,step_mean,step_se,compression_size_mean,compression_size_se,remaining_bad_mean,remaining_bad_se,effective_compression_size_mean,effective_compression_size_se,certified_bound_mean,certified_bound_se,test_error_mean,test_error_se,test_inappropriate_risk_mean,test_inappropriate_risk_se,pac_bayes_bound_mean,pac_bayes_bound_se,pac_bayes_empirical_risk_mean,pac_bayes_empirical_risk_se,pac_bayes_mc_upper_mean,pac_bayes_mc_upper_se,pac_bayes_kl_mean,pac_bayes_kl_se,runtime_sec_mean,runtime_sec_se,stop_reached_mean,stop_reached_se,hit_limit_mean,hit_limit_se,train_calls_mean,train_calls_se,noise_hit_rate_mean,noise_hit_rate_se,duplicate_hit_rate_mean,duplicate_hit_rate_se,pairwise_feature_cosine_mean,pairwise_feature_cosine_se,mean_support_redundancy_mean,mean_support_redundancy_se,max_support_redundancy_mean,max_support_redundancy_se,mean_selected_residual_novelty_mean,mean_selected_residual_novelty_se,local_redundancy_hit_rate_mean,local_redundancy_hit_rate_se,residual_redundancy_hit_rate_mean,residual_redundancy_hit_rate_se,strong_redundancy_hit_rate_mean,strong_redundancy_hit_rate_se,group_revisit_rate_mean,group_revisit_rate_se,unique_group_fraction_mean,unique_group_fraction_se,max_group_selection_fraction_mean,max_group_selection_fraction_se,mode_entropy_mean,mode_entropy_se,minority_mode_fraction_mean,minority_mode_fraction_se,spectral_entropy_mean,spectral_entropy_se,dynamic_mu_mean,dynamic_mu_se
volume_gap_fashion_mnist,GREATS,0.1,0.0,warm_start,100,5,100.0,0.0,104.0,0.0,2117.6,93.16952291387993,2221.6,93.16952291387993,,,0.4125500000000001,0.011541609506476976,0.4125500000000001,0.011541609506476992,,,,,,,,,2.3245855920249596,0.03642344580105734,0.0,0.0,0.0,0.0,101.0,0.0,0.3557692307692307,0.009121954788947248,0.5769230769230769,0.026854307776478733,0.7373951077461243,0.005097588281693963,0.7373951077461243,0.005097588281693963,0.999994444847107,3.173878774215879e-06,0.05186593827692051,0.0011522498234844251,0.8466019417475728,0.0232604826227397,0.8815533980582526,0.005661118344510023,0.8233009708737864,0.022644473378040004,0.275,0.012756249193674614,0.7250000000000001,0.01275624919367461,0.02692307692307692,0.001923076923076923,0.9837786419687917,0.001099938229924518,0.009615384615384616,0.0,0.24710910643919387,0.0036894482335909245,1.4040472509851285,0.005165227527027283
volume_gap_fashion_mnist,GREATS,0.1,0.0,warm_start,200,5,200.0,0.0,204.0,0.0,1740.0,53.31041174104735,1944.0,53.31041174104735,,,0.33575,0.014910566722965294,0.33575,0.014910566722965294,,,,,,,,,5.4378942350391295,0.07280270895586488,0.0,0.0,1.0,0.0,201.0,0.0,0.32843137254901966,0.010398629135096286,0.5764705882352942,0.03792610026251901,0.7117317676544189,0.012365307981526415,0.7117317676544189,0.012365307981526415,0.9999980211257935,1.6983035868175625e-06,0.03348909701619829,0.0020448109171942795,0.8817733990147782,0.02347020541787506,0.9231527093596059,0.007567631278688274,0.8729064039408867,0.0227562748028593,0.3352941176470588,0.02592020405176919,0.6647058823529411,0.025920204051769192,0.021568627450980392,0.0012007302660701853,0.9746886375145518,0.001116483370577113,0.004901960784313725,0.0,0.22569080031340233,0.005603045151349499,1.4340328795612365,0.007844263211889312
volume_gap_fashion_mnist,GREATS,0.1,0.0,warm_start,50,5,50.0,0.0,54.0,0.0,1951.2,132.15233633954415,2005.2,132.15233633954415,,,0.39065000000000005,0.007772387020729214,0.39065000000000005,0.007772387020729214,,,,,,,,,1.0283638316206634,0.010174303966124147,0.0,0.0,0.0,0.0,51.0,0.0,0.3518518518518518,0.00828173324999922,0.5555555555555556,0.020286020648339495,0.7519343137741089,0.0017788493007352517,0.7519343137741089,0.0017788493007352517,0.9999887347221375,6.74370649269298e-06,0.06789564141687357,0.002214568874519237,0.8415094339622641,0.03406692468918451,0.8301886792452831,0.008437992367923733,0.8,0.02708056621586289,0.24074074074074076,0.013094570021973105,0.7592592592592593,0.013094570021973105,0.037037037037037035,0.0,0.9844460111061052,0.0003192351494104154,0.018518518518518517,0.0,0.26039427898871415,0.003640688198979957,1.3854480094158002,0.005096963478571946
volume_gap_fashion_mnist,GREATS,0.1,0.3,warm_start,100,5,100.0,0.0,104.0,0.0,1420.8,92.09636257746556,1524.8,92.09636257746556,,,0.3958,0.015416590089899913,0.3958,0.015416590089899913,,,,,,,,,1.8219061683863402,0.016786279434000868,0.0,0.0,0.0,0.0,101.0,0.0,0.3653846153846154,0.006081303192631499,0.6442307692307693,0.012900392177883406,0.74806649684906,0.008375628727775508,0.74806649684906,0.008375628727775508,0.9999971508979797,2.1310140151556844e-06,0.051014306186472326,0.0021044805703019772,0.8446601941747574,0.014724029988449624,0.8699029126213592,0.00788741592683104,0.8174757281553398,0.012433250946471545,0.3153846153846154,0.007692307692307699,0.6846153846153845,0.007692307692307699,0.03076923076923077,0.001923076923076923,0.9822132191698397,0.0013693444296971153,0.009615384615384616,0.0,0.24689500909456652,0.006794324170196438,1.4043469872676069,0.009512053838275003
volume_gap_fashion_mnist,GREATS,0.1,0.3,warm_start,200,5,200.0,0.0,204.0,0.0,1221.4,25.815886581715528,1425.4,25.815886581715528,,,0.32245,0.008040289173904125,0.32245,0.008040289173904137,,,,,,,,,4.527441835799254,0.024688971340552604,0.0,0.0,1.0,0.0,201.0,0.0,0.35196078431372546,0.005233861888250644,0.6686274509803922,0.007994856093284352,0.7320892930030822,0.0055093270991542305,0.7320892930030822,0.0055093270991542305,0.9999991297721863,5.091227651611e-07,0.03429064251519189,0.0006941193538601274,0.8660098522167488,0.0054854821308670315,0.9142857142857144,0.004568284973150588,0.864039408866995,0.004568284973150608,0.39999999999999997,0.011026688116864703,0.6000000000000001,0.011026688116864695,0.024509803921568627,0.0,0.9717891470598709,0.0011211775266332436,0.004901960784313725,0.0,0.22650648385612202,0.0038861431264349123,1.432890922601429,0.005440600377008927
volume_gap_fashion_mnist,GREATS,0.1,0.3,warm_start,50,5,50.0,0.0,54.0,0.0,1444.0,101.45935146648631,1498.0,101.45935146648631,,,0.4166,0.009820450600659824,0.4166,0.009820450600659832,,,,,,,,,0.8028849021764473,0.010524287668677444,0.0,0.0,0.0,0.0,51.0,0.0,0.3814814814814814,0.012559870339120868,0.625925925925926,0.019772367133391325,0.7509121537208557,0.01010644519695291,0.7509121537208557,0.01010644519695291,0.9999943733215332,2.889540721182137e-06,0.06669138175136638,0.002459892829140755,0.8415094339622641,0.02708056621586287,0.7849056603773585,0.02117919275532421,0.7773584905660378,0.02559369804952933,0.26666666666666666,0.012559870339120864,0.7333333333333334,0.01255987033912087,0.037037037037037035,0.0,0.9839752716092229,0.0001373212498355338,0.018518518518518517,0.0,0.26372017887088595,0.006820708472621859,1.3807917495807598,0.009548991861670608
volume_gap_fashion_mnist,GREATS,0.1,0.6,warm_start,100,5,100.0,0.0,104.0,0.0,657.0,21.77613372479146,761.0,21.77613372479146,,,0.34304999999999997,0.005503067326500738,0.34304999999999997,0.005503067326500738,,,,,,,,,1.4384215305792167,0.013408292526548404,0.0,0.0,0.0,0.0,101.0,0.0,0.37500000000000006,0.01489608979310545,0.7134615384615385,0.024589830485662358,0.7482824087142944,0.00864379940130431,0.7482824087142944,0.00864379940130431,0.9999953150749207,2.3666571947474177e-06,0.052752665987292544,0.0013325456987621736,0.8019417475728154,0.021839265784858227,0.858252427184466,0.009995757418433995,0.7941747572815534,0.01826688128371531,0.33076923076923076,0.019374463153471046,0.6692307692307693,0.019374463153471046,0.0326923076923077,0.002355278598829979,0.9819583493665205,0.0010460927322315085,0.009615384615384616,0.0,0.24952532143259604,0.001997124772896091,1.4006645499943653,0.0027959746820545098
volume_gap_fashion_mnist,GREATS,0.1,0.6,warm_start,200,5,200.0,0.0,204.0,0.0,478.2,31.862831010442246,682.2,31.862831010442246,,,0.32595,0.009813702155659717,0.32595,0.009813702155659706,,,,,,,,,3.6265776703832673,0.011448447975487719,0.0,0.0,1.0,0.0,201.0,0.0,0.3303921568627451,0.005046877520091669,0.7333333333333334,0.019398391115107237,0.7353525042533875,0.005017322864317854,0.7353525042533875,0.005017322864317854,0.999995493888855,3.3859740407023116e-06,0.03329394105913604,0.001819675731641125,0.8699507389162562,0.022552754960117428,0.9192118226600984,0.009029705802868639,0.8630541871921181,0.021607598226070255,0.4519607843137255,0.0181703460714222,0.5480392156862746,0.018170346071422188,0.021568627450980392,0.0012007302660701853,0.9711529981151383,0.0010858803094722371,0.004901960784313725,0.0,0.22428095069478388,0.005195473129170807,1.4360066690273023,0.00727366238083914
volume_gap_fashion_mnist,GREATS,0.1,0.6,warm_start,50,5,50.0,0.0,54.0,0.0,801.8,85.42973721134814,855.8,85.42973721134814,,,0.40404999999999996,0.02466759007280606,0.40404999999999996,0.024667590072806063,,,,,,,,,0.6589296085759997,0.003953223756221389,0.0,0.0,0.0,0.0,51.0,0.0,0.39629629629629626,0.0171733675842513,0.737037037037037,0.02371527495345499,0.7531052589416504,0.0027778446284971773,0.7531052589416504,0.0027778446284971773,0.9999920964241028,4.847569210285798e-06,0.0752531331665111,0.003416862281677909,0.709433962264151,0.043272999778036676,0.781132075471698,0.030772653642075654,0.6981132075471699,0.037735849056603786,0.3,0.021436735005167087,0.7,0.021436735005167087,0.037037037037037035,0.0,0.9842050573537048,0.00016517816053442368,0.018518518518518517,0.0,0.27433725755015603,0.006110280974466498,1.3659278394297814,0.008554393364253104
volume_gap_fashion_mnist,MaxLoss,0.1,0.0,warm_start,100,5,100.0,0.0,104.0,0.0,2062.6,164.28408322171688,2166.6,164.28408322171688,0.45867860574508085,0.03315156088033685,0.40815,0.009307792434299335,0.40815,0.009307792434299335,,,,,,,,,1.5940972447860986,0.445598210436598,0.0,0.0,0.0,0.0,101.0,0.0,0.3903846153846154,0.010356086167566355,0.5865384615384615,0.06710133200910731,0.7624343395233154,0.019077517554915456,0.7624343395233154,0.019077517554915456,0.99999920129776,5.887297737534401e-07,0.049562932681111456,0.002188912883956641,0.8194174757281554,0.018059296347318704,0.8563106796116505,0.01352270706522732,0.7980582524271844,0.01692776288753659,0.4076923076923077,0.07282344703369803,0.5923076923076923,0.07282344703369803,0.06730769230769232,0.0129003921778834,0.9325092578483878,0.01854334601180025,0.009615384615384616,0.0,0.24533574451092438,0.008182683223091337,1.4065299576847057,0.011455756512327908
volume_gap_fashion_mnist,MaxLoss,0.1,0.0,warm_start,200,5,200.0,0.0,204.0,0.0,2045.6,103.72781690559191,2249.6,103.72781690559191,0.47555274396436287,0.020910117843544074,0.3935,0.006596400533624366,0.39349999999999996,0.006596400533624373,,,,,,,,,3.4754657190060243,0.45092409700391234,0.0,0.0,1.0,0.0,201.0,0.0,0.38725490196078427,0.006391374907061419,0.6088235294117647,0.023833815257143565,0.7252676725387573,0.011280486316296773,0.7252676725387573,0.011280486316296773,0.9999994277954102,4.2549534553467625e-07,0.03216029261720591,0.00030798552294360464,0.87192118226601,0.008948720258416245,0.9270935960591131,0.002872390095982903,0.864039408866995,0.00916309125011739,0.4362745098039215,0.02644334109659055,0.5637254901960784,0.026443341096590554,0.043137254901960784,0.0047526273111924795,0.9392695174112345,0.0074361994482916765,0.004901960784313725,0.0,0.2411542532165029,0.0029022084271623067,1.412384045496896,0.0040630917980271995
volume_gap_fashion_mnist,MaxLoss,0.1,0.0,warm_start,50,5,50.0,0.0,54.0,0.0,2640.8,262.9103269177534,2694.8,262.9103269177534,0.5642951958463527,0.05241271480937133,0.47424999999999995,0.022122810626138818,0.47424999999999995,0.022122810626138807,,,,,,,,,0.9529670810094103,0.44145590003306623,0.0,0.0,0.0,0.0,51.0,0.0,0.4222222222222222,0.020621349491963044,0.6703703703703704,0.09840985374508461,0.7923095941543579,0.01639522513900671,0.7923095941543579,0.01639522513900671,0.9999971032142639,1.922986624944721e-06,0.06135957960812551,0.005636509028101705,0.8264150943396226,0.007059730918441397,0.7811320754716983,0.02279819995017845,0.7735849056603774,0.02151274386979507,0.4666666666666667,0.10064946845704587,0.5333333333333333,0.10064946845704587,0.1074074074074074,0.014814814814814814,0.9320786888624275,0.018490473242082077,0.018518518518518517,0.0,0.24583566432078902,0.012725532794918698,1.4058300699508952,0.017815745912886184
volume_gap_fashion_mnist,MaxLoss,0.1,0.3,warm_start,100,5,100.0,0.0,104.0,0.0,1528.6,89.72714193598279,1632.6,89.72714193598279,0.49677416955819353,0.02586552603607593,0.39735,0.016722851132507276,0.39735,0.01672285113250727,,,,,,,,,1.0607432896038518,0.002419301759566696,0.0,0.0,0.0,0.0,101.0,0.0,0.39038461538461533,0.008382497968347448,0.6173076923076923,0.03252218177939954,0.7499172449111938,0.009123680139020518,0.7499172449111938,0.009123680139020518,0.9999979972839356,1.2859417206601864e-06,0.05130585779264135,0.0019129552366936489,0.821359223300971,0.02542873952176465,0.8660194174757281,0.013866851317558946,0.8058252427184465,0.01965869585564716,0.3923076923076923,0.03180352963181005,0.6076923076923076,0.03180352963181005,0.05192307692307692,0.0057692307692307696,0.9524351017107753,0.006708762662189835,0.009615384615384616,0.0,0.2575982294315099,0.004324130148270611,1.389362478795886,0.0060537822075788375
volume_gap_fashion_mnist,MaxLoss,0.1,0.3,warm_start,200,5,200.0,0.0,204.0,0.0,1377.8,56.94506124327201,1581.8,56.94506124327201,0.48225765115348623,0.01640906267878061,0.37710000000000005,0.013290174942415179,0.3771,0.013290174942415163,,,,,,,,,2.8279019576264544,0.0022518132415494368,0.0,0.0,1.0,0.0,201.0,0.0,0.3980392156862745,0.006466130371702415,0.6980392156862745,0.01791732047303635,0.7157783746719361,0.0058150062579341065,0.7157783746719361,0.0058150062579341065,0.9999999523162841,1.4889235492702477e-07,0.03338121199255506,0.0010811449848825718,0.852216748768473,0.013309611907493895,0.9241379310344827,0.005071738985707876,0.8492610837438423,0.012423172623565026,0.5156862745098039,0.019935979811434076,0.484313725490196,0.01993597981143407,0.04607843137254902,0.004545891419360638,0.9342033189246317,0.00413717771492987,0.004901960784313725,0.0,0.24876147925213216,0.006050620844331083,1.401733929047015,0.008470869182063535
volume_gap_fashion_mnist,MaxLoss,0.1,0.3,warm_start,50,5,50.0,0.0,54.0,0.0,1583.2,82.79577283895598,1637.2,82.79577283895598,0.4981206671684049,0.023881417006679635,0.44915000000000005,0.025063743734725665,0.44915000000000005,0.025063743734725665,,,,,,,,,0.47709089680574834,0.0017289305474159418,0.0,0.0,0.0,0.0,51.0,0.0,0.4185185185185185,0.011111111111111117,0.6666666666666666,0.05003428180039368,0.7846406817436218,0.01373641062841455,0.7846406817436218,0.01373641062841455,0.9999984383583069,8.65479145929177e-07,0.07063131411120578,0.0034769495322233227,0.750943396226415,0.01829313153742013,0.7509433962264151,0.023414478577341257,0.7056603773584905,0.035599928800213614,0.41481481481481486,0.03954473426678264,0.5851851851851851,0.039544734266782636,0.08888888888888888,0.006928995160692484,0.94412862940618,0.008955831332951835,0.018518518518518517,0.0,0.25710551995597364,0.010758101357236025,1.3900522720616366,0.0150613419001304
volume_gap_fashion_mnist,MaxLoss,0.1,0.6,warm_start,100,5,100.0,0.0,104.0,0.0,847.6,59.27275934187643,951.6,59.27275934187643,0.5150858357315883,0.02982169271359223,0.41125000000000006,0.015942670729836947,0.41125000000000006,0.01594267072983695,,,,,,,,,0.9523560563800857,0.0013357038608712557,0.0,0.0,0.0,0.0,101.0,0.0,0.4269230769230769,0.014455092671512411,0.7461538461538462,0.039947265534309585,0.7642472624778748,0.009150833356421643,0.7642472624778748,0.009150833356421643,0.9999982595443726,8.750725148972854e-07,0.05124729119458245,0.001155418919736019,0.8077669902912621,0.003632677074537805,0.8563106796116504,0.0056611183445099975,0.7980582524271844,0.0056611183445099975,0.47115384615384615,0.041020632707118344,0.5288461538461539,0.041020632707118344,0.06153846153846154,0.0049029033784546,0.9510043564927348,0.006267966474548962,0.009615384615384616,0.0,0.25220783592930607,0.004399388098683019,1.3969090296989712,0.006159143338156249
volume_gap_fashion_mnist,MaxLoss,0.1,0.6,warm_start,200,5,200.0,0.0,204.0,0.0,719.6,62.89403787323564,923.6,62.89403787323564,0.5009566121036186,0.03157199417977065,0.38285,0.01030188089622472,0.38285,0.010301880896224726,,,,,,,,,2.596868399810046,0.0021799957798298284,0.0,0.0,1.0,0.0,201.0,0.0,0.403921568627451,0.007204381596421114,0.7960784313725491,0.01889640712489841,0.7296944499015808,0.011459163520762676,0.7296944499015808,0.011459163520762676,0.9999986052513122,9.93736531561252e-07,0.03472480768053403,0.0011163926354123331,0.839408866995074,0.012616993571296255,0.9024630541871922,0.006497983230676307,0.8354679802955666,0.010403306444306839,0.5735294117647058,0.020854948417826123,0.4264705882352941,0.02085494841782612,0.043137254901960784,0.0018341457778303634,0.9396015283695759,0.0025624828528092547,0.004901960784313725,0.0,0.2516735827514357,0.005624402852766703,1.39765698414799,0.007874163993873362
volume_gap_fashion_mnist,MaxLoss,0.1,0.6,warm_start,50,5,50.0,0.0,54.0,0.0,938.2,92.41287789047584,992.2,92.41287789047584,0.5350547122303396,0.046377548009273364,0.42145,0.02145815695720395,0.42145,0.02145815695720394,,,,,,,,,0.43045989361125975,0.0008143359607034117,0.0,0.0,0.0,0.0,51.0,0.0,0.4148148148148148,0.019945054841238898,0.7592592592592592,0.04829038818668628,0.7740635991096496,0.006468920532840855,0.7740635991096496,0.006468920532840855,0.9999959468841553,2.7337032068893018e-06,0.0718732441371342,0.002820776834543303,0.7584905660377359,0.016230802390646483,0.739622641509434,0.021841201703377798,0.7169811320754716,0.01978884619188966,0.45185185185185184,0.043271560909436756,0.5481481481481482,0.043271560909436756,0.1037037037037037,0.007407407407407407,0.9427117029334366,0.008434628249709373,0.018518518518518517,0.0,0.2667652054674136,0.006411879924314944,1.3765287123456207,0.00897663189404087
volume_gap_fashion_mnist,PU-R,0.1,0.0,warm_start,100,5,100.0,0.0,104.0,0.0,2523.8,119.6559233803325,2627.8,119.6559233803325,0.5514016336528584,0.02397282428909657,0.45685000000000003,0.02065469075052929,0.4568499999999999,0.020654690750529288,,,,,,,,,2.3741268878104167,0.028578514587403927,0.0,0.0,0.0,0.0,101.0,0.0,0.3480769230769231,0.007065835796489932,0.46153846153846156,0.01849556159776091,0.6973857879638672,0.0049667937377635306,0.6973857879638672,0.0049667937377635306,0.9999863982200623,5.310984568798505e-06,0.05383505676556559,0.0015761990613125552,0.8601941747572817,0.00951258152537158,0.8970873786407768,0.004950504382128915,0.8427184466019417,0.00990100876425783,0.19230769230769235,0.015203257981578752,0.8076923076923077,0.01520325798157873,0.032692307692307694,0.004902903378454601,0.9851149412023563,0.001647993987313657,0.009615384615384616,0.0,0.2571841663036583,0.002808975853999542,1.3899421671748782,0.003932566195599352
volume_gap_fashion_mnist,PU-R,0.1,0.0,warm_start,200,5,200.0,0.0,204.0,0.0,2257.2,67.68042553057717,2461.2,67.68042553057717,0.518133175233379,0.01356991718457614,0.37254999999999994,0.006390618123468191,0.37255000000000005,0.006390618123468177,,,,,,,,,6.602850644220598,0.06906345865816538,0.0,0.0,1.0,0.0,201.0,0.0,0.3352941176470588,0.015077016175715392,0.5019607843137255,0.03326839117834735,0.6520559191703796,0.019453941825207318,0.6520559191703796,0.019453941825207318,0.9999880075454712,4.366763359374204e-06,0.02934239726935701,0.0008430760731483683,0.9339901477832513,0.006346846663411384,0.9487684729064039,0.005071738985707894,0.929064039408867,0.005952239395859388,0.24411764705882355,0.04426446159791886,0.7558823529411764,0.044264461597918844,0.024509803921568627,0.0015501361079256761,0.9748504837382335,0.005123162991752635,0.004901960784313725,0.0,0.2133449314775345,0.002077338522981896,1.4513170959314516,0.0029082739321747084
volume_gap_fashion_mnist,PU-R,0.1,0.0,warm_start,50,5,50.0,0.0,54.0,0.0,2386.4,120.43778476873442,2440.4,120.43778476873442,0.513877506647259,0.024154941403627797,0.4574,0.013254857600140415,0.4574,0.013254857600140415,,,,,,,,,0.991778243589215,0.01177530971277046,0.0,0.0,0.0,0.0,51.0,0.0,0.3555555555555555,0.01593023197600486,0.45185185185185184,0.01255987033912087,0.7384214520454406,0.00308594976250067,0.7384214520454406,0.00308594976250067,0.9999804854393005,1.1063649688873447e-05,0.09088400062525048,0.0034485130706179323,0.7018867924528301,0.03549978815514488,0.7018867924528301,0.019241583070161463,0.6452830188679245,0.03289735051728809,0.2,0.006928995160692483,0.8,0.0069289951606924735,0.04814814814814815,0.007407407407407407,0.9837778845298735,0.0015835274489161791,0.018518518518518517,0.0,0.2938423435284023,0.00245279112674152,1.3386207190602368,0.003433907577438115
volume_gap_fashion_mnist,PU-R,0.1,0.3,warm_start,100,5,100.0,0.0,104.0,0.0,1741.4,86.23433191020848,1845.4,86.23433191020848,0.5577256469870917,0.0246420109237991,0.4085,0.012213465929047339,0.4085,0.012213465929047328,,,,,,,,,1.9315814024070277,0.009357276973964717,0.0,0.0,0.0,0.0,101.0,0.0,0.37884615384615383,0.006521471137620451,0.5865384615384615,0.022136277756194884,0.7392491459846496,0.01018731391545425,0.7392491459846496,0.01018731391545425,0.9999942302703857,4.107205521790661e-06,0.0558453872365859,0.0023622276416774882,0.8038834951456311,0.025205349486887716,0.8485436893203884,0.015227560331415656,0.7883495145631068,0.02222431678108659,0.3269230769230769,0.012536927702312788,0.6730769230769231,0.012536927702312796,0.04230769230769231,0.002355278598829979,0.9734782819986687,0.0011075717789466452,0.009615384615384616,0.0,0.26129016068967903,0.005775245546580413,1.3841937750344493,0.008085343765212534
volume_gap_fashion_mnist,PU-R,0.1,0.3,warm_start,200,5,200.0,0.0,204.0,0.0,1543.2,129.09004609186564,1747.2,129.09004609186564,0.529472688632086,0.0370219257088583,0.38635,0.014434680460612916,0.38635,0.014434680460612916,,,,,,,,,5.469505456765182,0.021494430268805237,0.0,0.0,1.0,0.0,201.0,0.0,0.38725490196078427,0.0031002722158513544,0.6745098039215687,0.004545891419360646,0.7186080574989319,0.004544748430765354,0.7186080574989319,0.004544748430765354,0.9999988555908204,6.773458824561471e-07,0.03623709129582485,0.001826959826424844,0.8551724137931034,0.011297876789339627,0.9014778325123153,0.008242955926444083,0.8463054187192119,0.009778045931664642,0.4715686274509804,0.005882352941176471,0.5284313725490197,0.005882352941176469,0.0392156862745098,0.003466209711698762,0.9477909165509827,0.002997699627210501,0.004901960784313725,0.0,0.24385145200918817,0.0054559543678095465,1.4086079671871363,0.0076383361149333666
volume_gap_fashion_mnist,PU-R,0.1,0.3,warm_start,50,5,50.0,0.0,54.0,0.0,1641.8,40.6674316867933,1695.8,40.6674316867933,0.5150516560184769,0.011663347266791975,0.44700000000000006,0.01805633545324189,0.44700000000000006,0.018056335453241885,,,,,,,,,0.805394334369339,0.00200969024624285,0.0,0.0,0.0,0.0,51.0,0.0,0.39259259259259266,0.010798059064528336,0.6148148148148149,0.025793311624415036,0.750771677494049,0.004581345110963827,0.750771677494049,0.004581345110963827,0.9999954581260682,2.6380291246651493e-06,0.09051703552030167,0.0029003636364018184,0.630188679245283,0.03190855570809013,0.6641509433962265,0.028238923673765605,0.6,0.030656748696739466,0.3037037037037037,0.01255987033912087,0.6962962962962962,0.012559870339120859,0.07407407407407407,0.0,0.9712966639600588,0.0008397738725081667,0.018518518518518517,0.0,0.29513827783030006,0.004688407813255953,1.3368064110375797,0.006563770938558362
volume_gap_fashion_mnist,PU-R,0.1,0.6,warm_start,100,5,100.0,0.0,104.0,0.0,874.4,27.925973573001887,978.4,27.925973573001887,0.5287666277145036,0.013998854600832323,0.40555,0.01080057868819999,0.40555,0.010800578688199999,,,,,,,,,1.5544934645760804,0.012731700577760198,0.0,0.0,0.0,0.0,101.0,0.0,0.39999999999999997,0.012388556468004928,0.698076923076923,0.0232763816094427,0.7343445777893066,0.008445448844425335,0.7343445777893066,0.008445448844425335,0.999997079372406,1.690923998498644e-06,0.060079155963601416,0.0012754382066064178,0.7436893203883496,0.012508833715267106,0.8271844660194174,0.009412970596924907,0.7359223300970874,0.012433250946471545,0.40192307692307694,0.013042942275240896,0.5980769230769231,0.013042942275240898,0.05,0.001923076923076923,0.9667447338198331,0.0016008715663324415,0.009615384615384616,0.0,0.2739382324895153,0.0036313915657163335,1.3664864745146783,0.005083948192002879
volume_gap_fashion_mnist,PU-R,0.1,0.6,warm_start,200,5,200.0,0.0,204.0,0.0,718.0,39.76053319562,922.0,39.76053319562,0.5003429330070504,0.020040007070848,0.37925,0.008644723824391397,0.37925000000000003,0.008644723824391376,,,,,,,,,4.535339090181514,0.023116302648491353,0.0,0.0,1.0,0.0,201.0,0.0,0.40098039215686276,0.007964743533956828,0.777450980392157,0.014916788288924444,0.7230717539787292,0.006801610958195406,0.7230717539787292,0.006801610958195406,0.9999970197677612,1.7884373416544652e-06,0.03803997374520514,0.0024293036925432296,0.8305418719211822,0.016382550885040276,0.8926108374384236,0.012206415461442239,0.8266009852216747,0.015763546798029538,0.5392156862745099,0.010627197739548419,0.46078431372549017,0.010627197739548434,0.03333333333333334,0.0018341457778303634,0.951827407211805,0.0014356193578512304,0.004901960784313725,0.0,0.2535169174545513,0.008695551604370272,1.395076315563628,0.01217377224611833
volume_gap_fashion_mnist,PU-R,0.1,0.6,warm_start,50,5,50.0,0.0,54.0,0.0,889.2,49.0075504386824,943.2,49.0075504386824,0.5109513004659675,0.024676886091923738,0.42125,0.02543865169383,0.42125,0.025438651693830003,,,,,,,,,0.6512791633838788,0.0045120371000697415,0.0,0.0,0.0,0.0,51.0,0.0,0.4,0.00944262872887553,0.6925925925925925,0.03343605571345887,0.7491365313529968,0.0061916465158109,0.7491365313529968,0.0061916465158109,0.9999982118606567,1.0371893279150107e-06,0.09467694354507158,0.004004748377830604,0.6264150943396226,0.03289735051728809,0.6566037735849057,0.03289735051728809,0.6075471698113206,0.028862374605242172,0.3296296296296296,0.017954369842282696,0.6703703703703704,0.017954369842282693,0.06666666666666668,0.0045360921162651445,0.9736708720436059,0.0021062412928338947,0.018518518518518517,0.0,0.300703785570112,0.006081302866128581,1.329014700201843,0.008513824012580048
volume_gap_fashion_mnist,PU-R-Vol,0.1,0.0,warm_start,100,5,100.0,0.0,104.0,0.0,2546.2,132.03613141863858,2650.2,132.03613141863858,0.5558504263521172,0.026462972362662814,0.4202,0.014276816872118242,0.4202,0.01427681687211823,,,,,,,,,2.461433188803494,0.0183133694828522,0.0,0.0,0.0,0.0,101.0,0.0,0.3403846153846154,0.011213369028548647,0.4788461538461538,0.03046726830337473,0.7072436928749084,0.014226580913242663,0.7072436928749084,0.014226580913242663,0.9999972701072692,1.477473990567069e-06,0.05159302047155436,0.004014359454977259,0.879611650485437,0.03199467388987201,0.887378640776699,0.024484505267802912,0.8582524271844661,0.031098286170964995,0.21153846153846154,0.04817298096105903,0.7884615384615385,0.048172980961059035,0.03461538461538462,0.0049029033784546,0.9815350992631519,0.004938167996996807,0.009615384615384616,0.0,0.24925505610390317,0.008378592009155512,1.4010429214545355,0.01173002881281774
volume_gap_fashion_mnist,PU-R-Vol,0.1,0.0,warm_start,200,5,200.0,0.0,204.0,0.0,2342.0,70.24172549133456,2546.0,70.24172549133456,0.5351204287610016,0.014063345674594229,0.38665000000000005,0.008439712672834315,0.38665,0.008439712672834311,,,,,,,,,7.183393260044977,0.02804189707197901,0.0,0.0,1.0,0.0,201.0,0.0,0.33235294117647063,0.014241018672876426,0.5176470588235293,0.04038097122866464,0.6628731250762939,0.018462805305031072,0.6628731250762939,0.018462805305031072,0.9999961972236633,2.3158839949497445e-06,0.03052056411216999,0.003244314197115935,0.9044334975369459,0.029084905259360624,0.941871921182266,0.015373878358943095,0.8995073891625616,0.028065851297032755,0.28921568627450983,0.06344205443894502,0.7107843137254901,0.06344205443894502,0.028431372549019607,0.0018341457778303638,0.9681313920810777,0.007710361926781608,0.004901960784313725,0.0,0.2201589189627658,0.011669499501609207,1.4417775134521278,0.01633729930225289
volume_gap_fashion_mnist,PU-R-Vol,0.1,0.0,warm_start,50,5,50.0,0.0,54.0,0.0,2344.6,74.39126292784657,2398.6,74.39126292784657,0.5055634322226978,0.014917668054203395,0.44535,0.016589266107938594,0.44535,0.016589266107938597,,,,,,,,,1.0126004052115605,0.007249320079624776,0.0,0.0,0.0,0.0,51.0,0.0,0.33333333333333337,0.0130945700219731,0.46296296296296297,0.042228719448116216,0.7219914793968201,0.010344205193457778,0.7219914793968201,0.010344205193457778,0.9999965310096741,1.5156934958162075e-06,0.09347600194643128,0.004746102287973322,0.6377358490566037,0.0475082200453365,0.6754716981132075,0.040642753261392495,0.6,0.04400718411203999,0.2074074074074074,0.028327886186626586,0.7925925925925925,0.028327886186626565,0.04814814814814815,0.007407407407407407,0.9835354155367018,0.0023872422745859863,0.018518518518518517,0.0,0.30416291426571956,0.0033041176913171243,1.3241719200279927,0.004625764767843984
volume_gap_fashion_mnist,PU-R-Vol,0.1,0.3,warm_start,100,5,100.0,0.0,104.0,0.0,1635.0,82.13342803024844,1739.0,82.13342803024844,0.5273285606061109,0.023508815101650735,0.41530000000000006,0.016833634485754992,0.41530000000000006,0.016833634485754995,,,,,,,,,2.047992217191495,0.014806786933991416,0.0,0.0,0.0,0.0,101.0,0.0,0.38269230769230766,0.0035977474872826353,0.625,0.025620985758604272,0.7434882164001465,0.01496523597114627,0.7434882164001465,0.01496523597114627,0.9999968528747558,1.5459794954255535e-06,0.05802997564806521,0.0012439144306339188,0.7844660194174757,0.013522707065227294,0.8349514563106796,0.006865114380451914,0.7611650485436894,0.009995757418433976,0.3326923076923077,0.012756249193674617,0.6673076923076923,0.012756249193674624,0.04230769230769231,0.003846153846153846,0.975136771635021,0.0019265301331513743,0.009615384615384616,0.0,0.26039535594762764,0.0058139212126051346,1.385446501673321,0.008139489697647209
volume_gap_fashion_mnist,PU-R-Vol,0.1,0.3,warm_start,200,5,200.0,0.0,204.0,0.0,1331.2,83.5550118185618,1535.2,83.5550118185618,0.46874809901928527,0.02419086559675488,0.37715,0.014661087954173101,0.37715,0.01466108795417311,,,,,,,,,6.087345718406141,0.02196911715483386,0.0,0.0,1.0,0.0,201.0,0.0,0.3911764705882353,0.008546860673609163,0.6970588235294117,0.017079658225670917,0.720237135887146,0.006353568183023547,0.720237135887146,0.006353568183023547,0.9999996781349182,2.5678466830894965e-07,0.03716616768555101,0.0015575305889986893,0.8413793103448276,0.013526630756399984,0.8975369458128079,0.00844651635442474,0.8364532019704434,0.012403623952723326,0.47352941176470587,0.010467723776501285,0.5264705882352941,0.010467723776501292,0.03725490196078431,0.0039823717669784115,0.9504647117436431,0.0026415728461111196,0.004901960784313725,0.0,0.24540015165532045,0.002771011610605296,1.4064397876825512,0.003879416254847426
volume_gap_fashion_mnist,PU-R-Vol,0.1,0.3,warm_start,50,5,50.0,0.0,54.0,0.0,1545.4,101.06265383414389,1599.4,101.06265383414389,0.4871825655922294,0.028972187967315443,0.41669999999999996,0.013891409215770723,0.41669999999999996,0.013891409215770735,,,,,,,,,0.8362181117758155,0.010374303530797786,0.0,0.0,0.0,0.0,51.0,0.0,0.4037037037037036,0.01593023197600486,0.6703703703703704,0.04878496249007218,0.744215977191925,0.00448128987969167,0.744215977191925,0.00448128987969167,0.9999883055686951,7.63275586528151e-06,0.09665523879932907,0.002538653089665614,0.6037735849056604,0.03375196947169493,0.6339622641509434,0.03939738305249263,0.5547169811320753,0.03848316614032289,0.30740740740740735,0.03131765652831067,0.6925925925925926,0.031317656528310665,0.05555555555555556,0.005856069741052554,0.979868922757953,0.002062524763348982,0.018518518518518517,0.0,0.3057222644490428,0.002736346654850503,1.32198882977134,0.003830885316790724
volume_gap_fashion_mnist,PU-R-Vol,0.1,0.6,warm_start,100,5,100.0,0.0,104.0,0.0,846.0,96.22109955721768,950.0,96.22109955721768,0.5138092687237077,0.04841676191017867,0.4248,0.026203577999960224,0.4248,0.026203577999960235,,,,,,,,,1.6764137180056422,0.011241503864498728,0.0,0.0,0.0,0.0,101.0,0.0,0.3980769230769231,0.009899644366333655,0.676923076923077,0.03269230769230769,0.7432474136352539,0.016191341130586154,0.7432474136352539,0.016191341130586154,0.9999950885772705,3.847460198223095e-06,0.055902810235625336,0.0018068083040769086,0.7728155339805826,0.013934660285832347,0.8291262135922329,0.006584786391383752,0.7533980582524272,0.010898031223613415,0.3634615384615385,0.020031410246153517,0.6365384615384615,0.020031410246153517,0.04230769230769231,0.0023552785988299792,0.975342820270624,0.0020015140147365313,0.009615384615384616,0.0,0.26089926448350603,0.00912466522940022,1.3847410297230915,0.01277453132116031
volume_gap_fashion_mnist,PU-R-Vol,0.1,0.6,warm_start,200,5,200.0,0.0,204.0,0.0,628.4,44.49786511732894,832.4,44.49786511732894,0.4549894547322765,0.022597689840910547,0.3759,0.00867273025061888,0.3759,0.00867273025061889,,,,,,,,,5.151433427934535,0.01680814826389595,0.0,0.0,1.0,0.0,201.0,0.0,0.39803921568627454,0.009730114333960403,0.7794117647058822,0.015029127173290082,0.7344266891479492,0.006494336851625295,0.7344266891479492,0.006494336851625295,0.9999967455863953,2.297030310467703e-06,0.035837216682622,0.0012918912237936697,0.8394088669950739,0.015701849704935194,0.9034482758620689,0.00740556471841029,0.8364532019704434,0.014479742321870999,0.5401960784313726,0.010444743016011039,0.4598039215686275,0.010444743016011036,0.03529411764705882,0.0018341457778303632,0.9530554133705168,0.0012353007694264387,0.004901960784313725,0.0,0.2426995026627221,0.005751358753977268,1.4102206962721888,0.00805190225556816
volume_gap_fashion_mnist,PU-R-Vol,0.1,0.6,warm_start,50,5,50.0,0.0,54.0,0.0,945.8,46.679117386685874,999.8,46.679117386685874,0.5393801553873345,0.02345830315878177,0.45949999999999996,0.010989483609342167,0.45949999999999996,0.010989483609342163,,,,,,,,,0.6799839151790366,0.007429882701251803,0.0,0.0,0.0,0.0,51.0,0.0,0.39999999999999997,0.021596118129056662,0.6592592592592592,0.0408248290463863,0.7623520135879517,0.009279538120165458,0.7623520135879517,0.009279538120165458,0.9999844789505005,1.4869914672767095e-05,0.08930212248046443,0.002262853359171977,0.6113207547169811,0.023566030182635457,0.630188679245283,0.024309620239104004,0.5698113207547169,0.030656748696739466,0.28888888888888886,0.027839437737727606,0.7111111111111111,0.027839437737727596,0.05555555555555556,0.005856069741052554,0.9787920624338543,0.002256696137951588,0.018518518518518517,0.0,0.28875817012447536,0.005604181617052128,1.3457385618257345,0.007845854263873004
