method,seed,noise_rate,pretrain_fraction,es_budget,step,n_cert,n_pretrain,compression_size,remaining_bad,effective_compression_size,certified_bound,test_error,runtime_sec,stop_reached,hit_limit,train_calls,noise_hit_rate,duplicate_hit_rate,pairwise_feature_cosine
MaxLoss,0,0.0,0.0,50,50,3000,0,54,20,74,0.03462917119031772,0.011199999999999988,0.7503304579877295,0,0,51,0.0,0.037037037037037035,0.8361444473266602
MaxLoss,0,0.0,0.0,100,65,3000,0,69,0,69,0.03264173452043906,0.011299999999999977,0.7709734159871005,1,0,66,0.0,0.028985507246376812,0.821907639503479
MaxLoss,0,0.0,0.0,200,65,3000,0,69,0,69,0.03264173452043906,0.011299999999999977,0.7728380410117097,1,0,66,0.0,0.028985507246376812,0.821907639503479
PU-C,0,0.0,0.0,50,50,3000,0,54,100,154,0.06540102750295773,0.04490000000000005,0.08374362497124821,0,0,51,0.0,0.0,0.85820472240448
PU-C,0,0.0,0.0,100,100,3000,0,104,13,117,0.05135895928833634,0.02070000000000005,0.2982978749787435,0,0,101,0.0,0.028846153846153848,0.8476250767707825
PU-C,0,0.0,0.0,200,108,3000,0,112,0,112,0.04944029700709507,0.017800000000000038,0.39065016695531085,1,0,109,0.0,0.026785714285714284,0.8402699828147888
PU-F,0,0.0,0.0,50,50,3000,0,54,33,87,0.03974871715763584,0.024399999999999977,0.3015516659943387,0,0,51,0.0,0.0,0.8562577366828918
PU-F,0,0.0,0.0,100,98,3000,0,102,0,102,0.0455846541444771,0.015199999999999991,0.4189233749639243,1,0,99,0.0,0.049019607843137254,0.8635322451591492
PU-F,0,0.0,0.0,200,98,3000,0,102,0,102,0.0455846541444771,0.015199999999999991,0.42137925000861287,1,0,99,0.0,0.049019607843137254,0.8635322451591492
PU-G,0,0.0,0.0,50,50,3000,0,54,84,138,0.059359475679229945,0.03420000000000001,0.17904954100959003,0,0,51,0.0,0.037037037037037035,0.7719088196754456
PU-G,0,0.0,0.0,100,100,3000,0,104,13,117,0.05135895928833634,0.016100000000000003,0.2855737910140306,0,0,101,0.0,0.07692307692307693,0.7522822618484497
PU-G,0,0.0,0.0,200,124,3000,0,128,0,128,0.05556067515863106,0.012199999999999989,0.33218033297453076,1,0,125,0.0,0.0703125,0.7428838610649109
MaxLoss,0,0.1,0.0,50,50,3000,0,54,419,473,0.1810637908638455,0.11529999999999996,0.0837502499925904,0,0,51,0.24074074074074073,0.24074074074074073,0.8826497197151184
MaxLoss,0,0.1,0.0,100,100,3000,0,104,366,470,0.1800012559397146,0.10109999999999997,0.17069291701773182,0,0,101,0.19230769230769232,0.21153846153846154,0.8763235211372375
MaxLoss,0,0.1,0.0,200,200,3000,0,204,47,251,0.1013322458602488,0.018299999999999983,0.34941145800985396,0,1,201,0.19607843137254902,0.21568627450980393,0.46008846163749695
PU-C,0,0.1,0.0,50,50,3000,0,54,483,537,0.20365789777133614,0.131,0.26157237496227026,0,0,51,0.2777777777777778,0.3148148148148148,0.7593483328819275
PU-C,0,0.1,0.0,100,100,3000,0,104,351,455,0.1746836540987715,0.09450000000000003,0.5893037499627098,0,0,101,0.2403846153846154,0.34615384615384615,0.6965537071228027
PU-C,0,0.1,0.0,200,200,3000,0,204,17,221,0.09032332972856238,0.012800000000000034,1.3930455829831772,0,1,201,0.16176470588235295,0.23529411764705882,0.556542158126831
PU-F,0,0.1,0.0,50,50,3000,0,54,420,474,0.18141789734363556,0.09689999999999999,0.47028554102871567,0,0,51,0.2777777777777778,0.2777777777777778,0.8895493745803833
PU-F,0,0.1,0.0,100,100,3000,0,104,313,417,0.16117378696799278,0.07609999999999995,1.2736413329839706,0,0,101,0.21153846153846154,0.25,0.9042603969573975
PU-F,0,0.1,0.0,200,200,3000,0,204,54,258,0.10389025183394551,0.02090000000000003,2.374239791010041,0,1,201,0.16666666666666666,0.25980392156862747,0.45011740922927856
PU-G,0,0.1,0.0,50,50,3000,0,54,239,293,0.11662641586735845,0.06130000000000002,0.4145322499680333,0,0,51,0.18518518518518517,0.24074074074074073,0.7266073822975159
PU-G,0,0.1,0.0,100,100,3000,0,104,279,383,0.14903509989380836,0.07269999999999999,0.7873814589693211,0,0,101,0.17307692307692307,0.22115384615384615,0.7397179007530212
PU-G,0,0.1,0.0,200,200,3000,0,204,30,234,0.09510343405418098,0.013499999999999956,1.6542978339712135,0,1,201,0.12254901960784313,0.17647058823529413,0.7406606078147888
MaxLoss,0,0.2,0.0,50,50,3000,0,54,879,933,0.3410818142583594,0.2539,0.14385645894799381,0,0,51,0.2777777777777778,0.2777777777777778,0.8053064942359924
MaxLoss,0,0.2,0.0,100,100,3000,0,104,506,610,0.22927471931325272,0.11980000000000002,0.26444099994841963,0,0,101,0.3076923076923077,0.46153846153846156,0.7836273312568665
MaxLoss,0,0.2,0.0,200,200,3000,0,204,275,479,0.18318789481418207,0.08399999999999996,0.5129960419726558,0,1,201,0.2696078431372549,0.4019607843137255,0.6689050197601318
PU-C,0,0.2,0.0,50,50,3000,0,54,579,633,0.23731507768388838,0.1723,0.932451874949038,0,0,51,0.2037037037037037,0.24074074074074073,0.7126923203468323
PU-C,0,0.2,0.0,100,100,3000,0,104,486,590,0.22227153496351093,0.14700000000000002,1.1724502089782618,0,0,101,0.25,0.34615384615384615,0.7104928493499756
PU-C,0,0.2,0.0,200,200,3000,0,204,143,347,0.13612384552834556,0.041100000000000025,1.6735769999795593,0,1,201,0.24509803921568626,0.39705882352941174,0.5263712406158447
PU-F,0,0.2,0.0,50,50,3000,0,54,290,344,0.13504496222594753,0.06389999999999996,0.5092567920219153,0,0,51,0.25925925925925924,0.25925925925925924,0.7787084579467773
PU-F,0,0.2,0.0,100,100,3000,0,104,340,444,0.17077872878871858,0.07720000000000005,1.1243767919950187,0,0,101,0.25961538461538464,0.27884615384615385,0.7627308964729309
PU-F,0,0.2,0.0,200,200,3000,0,204,175,379,0.14760361140361056,0.049000000000000044,2.223903624981176,0,1,201,0.22549019607843138,0.3382352941176471,0.5293529629707336
PU-G,0,0.2,0.0,50,50,3000,0,54,274,328,0.12928274739533663,0.062100000000000044,0.42043212498538196,0,0,51,0.2037037037037037,0.2777777777777778,0.7884128093719482
PU-G,0,0.2,0.0,100,100,3000,0,104,312,416,0.1608174790162593,0.07289999999999996,0.9655224159942009,0,0,101,0.16346153846153846,0.34615384615384615,0.8145743608474731
PU-G,0,0.2,0.0,200,200,3000,0,204,76,280,0.11190583789721131,0.017299999999999982,1.9759034580201842,0,1,201,0.1715686274509804,0.3382352941176471,0.7254833579063416
MaxLoss,0,0.3,0.0,50,50,3000,0,54,489,543,0.2057693019742146,0.12880000000000003,0.163089084031526,0,0,51,0.3888888888888889,0.4074074074074074,0.7374058365821838
MaxLoss,0,0.3,0.0,100,100,3000,0,104,419,523,0.19872692442731932,0.11280000000000001,0.2655727920355275,0,0,101,0.33653846153846156,0.3942307692307692,0.7115463018417358
MaxLoss,0,0.3,0.0,200,200,3000,0,204,173,377,0.14688758662668988,0.05130000000000001,0.4254814999876544,0,1,201,0.3284313725490196,0.4215686274509804,0.5069332718849182
PU-C,0,0.3,0.0,50,50,3000,0,54,406,460,0.17645711061777547,0.10229999999999995,0.27178612496936694,0,0,51,0.4074074074074074,0.42592592592592593,0.7210921049118042
PU-C,0,0.3,0.0,100,100,3000,0,104,385,489,0.18672525027068332,0.1028,0.5107202910003252,0,0,101,0.36538461538461536,0.38461538461538464,0.7537359595298767
PU-C,0,0.3,0.0,200,200,3000,0,204,251,455,0.1746836540987715,0.061000000000000054,1.0319581659859978,0,1,201,0.27941176470588236,0.31862745098039214,0.4566150903701782
PU-F,0,0.3,0.0,50,50,3000,0,54,601,655,0.24499302072217688,0.14239999999999997,0.6022335420129821,0,0,51,0.42592592592592593,0.48148148148148145,0.713836133480072
PU-F,0,0.3,0.0,100,100,3000,0,104,350,454,0.174328850582242,0.09430000000000005,1.3892644579755142,0,0,101,0.3557692307692308,0.4326923076923077,0.623546838760376
PU-F,0,0.3,0.0,200,200,3000,0,204,205,409,0.15832214610418305,0.05830000000000002,2.64011187502183,0,1,201,0.29411764705882354,0.38235294117647056,0.662128746509552
PU-G,0,0.3,0.0,50,50,3000,0,54,328,382,0.1486772975185886,0.0756,0.4180393749848008,0,0,51,0.24074074074074073,0.3333333333333333,0.7498993277549744
PU-G,0,0.3,0.0,100,100,3000,0,104,235,339,0.13324576301965863,0.0524,0.8566709169535898,0,0,101,0.2403846153846154,0.3076923076923077,0.7867750525474548
PU-G,0,0.3,0.0,200,200,3000,0,204,176,380,0.14796155341900885,0.03649999999999998,1.8452900829724967,0,1,201,0.28431372549019607,0.3431372549019608,0.684844970703125
MaxLoss,0,0.4,0.0,50,50,3000,0,54,352,406,0.1572520800982602,0.08730000000000004,0.14070566702866927,0,0,51,0.3148148148148148,0.3148148148148148,0.7891256213188171
MaxLoss,0,0.4,0.0,100,100,3000,0,104,357,461,0.17681169032584876,0.08979999999999999,0.2628463330329396,0,0,101,0.28846153846153844,0.34615384615384615,0.7251380085945129
MaxLoss,0,0.4,0.0,200,200,3000,0,204,253,457,0.17539314867462963,0.07140000000000002,0.4213266250444576,0,1,201,0.28921568627450983,0.4166666666666667,0.5436508059501648
PU-C,0,0.4,0.0,50,50,3000,0,54,1134,1188,0.4279616988496855,0.38770000000000004,0.22306229203240946,0,0,51,0.3148148148148148,0.35185185185185186,0.8060389757156372
PU-C,0,0.4,0.0,100,100,3000,0,104,475,579,0.21841504727490246,0.138,0.46026333404006436,0,0,101,0.2692307692307692,0.40384615384615385,0.7878015041351318
PU-C,0,0.4,0.0,200,200,3000,0,204,228,432,0.16651347110746428,0.06879999999999997,0.9831856249948032,0,1,201,0.29411764705882354,0.3872549019607843,0.5845974087715149
PU-F,0,0.4,0.0,50,50,3000,0,54,443,497,0.189552646887023,0.11699999999999999,0.47515091695822775,0,0,51,0.3888888888888889,0.42592592592592593,0.7480701804161072
PU-F,0,0.4,0.0,100,100,3000,0,104,363,467,0.17893839586758986,0.10160000000000002,1.1533268749481067,0,0,101,0.25,0.38461538461538464,0.6918609142303467
PU-F,0,0.4,0.0,200,200,3000,0,204,136,340,0.1336057098233141,0.021700000000000053,2.2634018340031616,0,1,201,0.25980392156862747,0.37745098039215685,0.5437219738960266
PU-G,0,0.4,0.0,50,50,3000,0,54,459,513,0.19520097953500226,0.12239999999999995,0.48812324996106327,0,0,51,0.4074074074074074,0.4074074074074074,0.813017725944519
PU-G,0,0.4,0.0,100,100,3000,0,104,438,542,0.20541747816605493,0.12419999999999998,1.1429715830017813,0,0,101,0.33653846153846156,0.4326923076923077,0.7953910827636719
PU-G,0,0.4,0.0,200,200,3000,0,204,301,505,0.19237787678139284,0.07750000000000001,2.375572666991502,0,1,201,0.2647058823529412,0.39705882352941174,0.6792050004005432
MaxLoss,1,0.0,0.0,50,50,3000,0,54,52,106,0.04712998168542981,0.02849999999999997,0.13937254203483462,0,0,51,0.0,0.037037037037037035,0.8406147360801697
MaxLoss,1,0.0,0.0,100,100,3000,0,104,16,120,0.05250743729993701,0.02200000000000002,0.2548935000086203,0,0,101,0.0,0.18269230769230768,0.8140133619308472
MaxLoss,1,0.0,0.0,200,114,3000,0,118,0,118,0.05174200655892491,0.018900000000000028,0.27608591702301055,1,0,115,0.0,0.17796610169491525,0.81413334608078
PU-C,1,0.0,0.0,50,50,3000,0,54,138,192,0.07960064115468413,0.041100000000000025,0.089876624988392,0,0,51,0.0,0.09259259259259259,0.7441156506538391
PU-C,1,0.0,0.0,100,100,3000,0,104,51,155,0.06577725638635457,0.026100000000000012,0.17460879200370982,0,0,101,0.0,0.15384615384615385,0.740752100944519
PU-C,1,0.0,0.0,200,103,3000,0,107,0,107,0.04751565994229168,0.018100000000000005,0.18317574996035546,1,0,104,0.0,0.14953271028037382,0.8137211203575134
PU-F,1,0.0,0.0,50,50,3000,0,54,159,213,0.08737389626912773,0.04949999999999999,0.20227991603314877,0,0,51,0.0,0.037037037037037035,0.6069996953010559
PU-F,1,0.0,0.0,100,100,3000,0,104,71,175,0.07327152288053185,0.024399999999999977,0.3218339580344036,0,0,101,0.0,0.11538461538461539,0.708480954170227
PU-F,1,0.0,0.0,200,128,3000,0,132,0,132,0.057082461076788604,0.009000000000000008,0.3814970410312526,1,0,129,0.0,0.11363636363636363,0.7961007356643677
PU-G,1,0.0,0.0,50,50,3000,0,54,192,246,0.09950272261630744,0.05120000000000002,0.21763791696866974,0,0,51,0.0,0.12962962962962962,0.7158246636390686
PU-G,1,0.0,0.0,100,100,3000,0,104,74,178,0.07439100183546543,0.021399999999999975,0.35459866700693965,0,0,101,0.0,0.20192307692307693,0.7293250560760498
PU-G,1,0.0,0.0,200,167,3000,0,171,0,171,0.07177707378286868,0.0031999999999999806,0.5041463340166956,1,0,168,0.0,0.21052631578947367,0.6130948662757874
MaxLoss,1,0.1,0.0,50,50,3000,0,54,562,616,0.23137355543440208,0.12370000000000003,0.1615711670019664,0,0,51,0.3888888888888889,0.4444444444444444,0.843926727771759
MaxLoss,1,0.1,0.0,100,100,3000,0,104,366,470,0.1800012559397146,0.07840000000000003,0.2675947080133483,0,0,101,0.3173076923076923,0.41346153846153844,0.8630387783050537
MaxLoss,1,0.1,0.0,200,200,3000,0,204,2,206,0.08478796045528725,0.020499999999999963,0.4243587499950081,0,1,201,0.19607843137254902,0.38235294117647056,0.4435145854949951
PU-C,1,0.1,0.0,50,50,3000,0,54,281,335,0.13180543505586684,0.0887,0.23482466698624194,0,0,51,0.25925925925925924,0.3148148148148148,0.844251275062561
PU-C,1,0.1,0.0,100,100,3000,0,104,201,305,0.120974114688579,0.06840000000000002,0.47651920799398795,0,0,101,0.27884615384615385,0.33653846153846156,0.808272659778595
PU-C,1,0.1,0.0,200,200,3000,0,204,32,236,0.09583749843295664,0.011700000000000044,0.9783267080201767,0,1,201,0.19607843137254902,0.37745098039215685,0.6015725135803223
PU-F,1,0.1,0.0,50,50,3000,0,54,524,578,0.21806428756099194,0.11529999999999996,0.466083790990524,0,0,51,0.3148148148148148,0.35185185185185186,0.7748716473579407
PU-F,1,0.1,0.0,100,100,3000,0,104,438,542,0.20541747816605493,0.10050000000000003,1.0723841250292026,0,0,101,0.2692307692307692,0.3173076923076923,0.751761794090271
PU-F,1,0.1,0.0,200,200,3000,0,204,21,225,0.09179576905444264,0.00660000000000005,1.92674550000811,0,1,201,0.14705882352941177,0.29411764705882354,0.5456810593605042
PU-G,1,0.1,0.0,50,50,3000,0,54,241,295,0.11735166853759438,0.07320000000000004,0.42324091598857194,0,0,51,0.16666666666666666,0.35185185185185186,0.7586361765861511
PU-G,1,0.1,0.0,100,100,3000,0,104,124,228,0.09289913187967613,0.052100000000000035,0.6133416250231676,0,0,101,0.11538461538461539,0.25,0.6506369113922119
PU-G,1,0.1,0.0,200,200,3000,0,204,17,221,0.09032332972856238,0.0040999999999999925,1.069530249980744,0,1,201,0.11274509803921569,0.35294117647058826,0.5839153528213501
MaxLoss,1,0.2,0.0,50,50,3000,0,54,573,627,0.23521893582073972,0.16720000000000002,0.14730675000464544,0,0,51,0.35185185185185186,0.3888888888888889,0.7266601920127869
MaxLoss,1,0.2,0.0,100,100,3000,0,104,558,662,0.24743344442686066,0.1713,0.2692480420228094,0,0,101,0.28846153846153844,0.4326923076923077,0.7332141995429993
MaxLoss,1,0.2,0.0,200,200,3000,0,204,267,471,0.18035547027830034,0.08430000000000004,0.4299326670006849,0,1,201,0.2107843137254902,0.37745098039215685,0.5675563216209412
PU-C,1,0.2,0.0,50,50,3000,0,54,501,555,0.20998881832929328,0.14290000000000003,0.2252162920194678,0,0,51,0.2777777777777778,0.3333333333333333,0.8425629138946533
PU-C,1,0.2,0.0,100,100,3000,0,104,430,534,0.20260177814634517,0.12380000000000002,0.4794770000153221,0,0,101,0.2403846153846154,0.38461538461538464,0.7392759323120117
PU-C,1,0.2,0.0,200,200,3000,0,204,160,364,0.14222877041902393,0.050000000000000044,1.0121109170140699,0,1,201,0.22058823529411764,0.38235294117647056,0.5045360922813416
PU-F,1,0.2,0.0,50,50,3000,0,54,282,336,0.1321655985666439,0.0655,0.48150833399267867,0,0,51,0.2962962962962963,0.3888888888888889,0.7025543451309204
PU-F,1,0.2,0.0,100,100,3000,0,104,194,298,0.11843906552530825,0.04690000000000005,1.1232433749828488,0,0,101,0.2403846153846154,0.46153846153846156,0.7351464629173279
PU-F,1,0.2,0.0,200,200,3000,0,204,310,514,0.1955537197063677,0.07540000000000002,2.2493657920276746,0,1,201,0.23039215686274508,0.3872549019607843,0.5677165389060974
PU-G,1,0.2,0.0,50,50,3000,0,54,418,472,0.1807096485281363,0.11550000000000005,0.41560266696615145,0,0,51,0.37037037037037035,0.46296296296296297,0.8441287279129028
PU-G,1,0.2,0.0,100,100,3000,0,104,389,493,0.1881392219220288,0.11050000000000004,1.0338909169659019,0,0,101,0.19230769230769232,0.3269230769230769,0.8124089241027832
PU-G,1,0.2,0.0,200,200,3000,0,204,263,467,0.17893839586758986,0.0786,2.2112104580155574,0,1,201,0.22058823529411764,0.3431372549019608,0.5649540424346924
MaxLoss,1,0.3,0.0,50,50,3000,0,54,628,682,0.2543994504958391,0.1523,0.16203845798736438,0,0,51,0.35185185185185186,0.4444444444444444,0.7438908815383911
MaxLoss,1,0.3,0.0,100,100,3000,0,104,555,659,0.24638769769808277,0.13490000000000002,0.26133866602322087,0,0,101,0.28846153846153844,0.4326923076923077,0.8074116110801697
MaxLoss,1,0.3,0.0,200,200,3000,0,204,253,457,0.17539314867462963,0.09240000000000004,0.422174500010442,0,1,201,0.27941176470588236,0.4215686274509804,0.38358327746391296
PU-C,1,0.3,0.0,50,50,3000,0,54,511,565,0.2135017917607911,0.1169,0.22079908300656825,0,0,51,0.2962962962962963,0.3148148148148148,0.7951171398162842
PU-C,1,0.3,0.0,100,100,3000,0,104,464,568,0.2145551101421006,0.10929999999999995,0.46645183296641335,0,0,101,0.27884615384615385,0.4230769230769231,0.800456702709198
PU-C,1,0.3,0.0,200,200,3000,0,204,126,330,0.13000379299046472,0.041100000000000025,1.0294411669601686,0,1,201,0.29411764705882354,0.4411764705882353,0.7361111044883728
PU-F,1,0.3,0.0,50,50,3000,0,54,528,582,0.21946715575177222,0.12039999999999995,0.5521758330287412,0,0,51,0.4444444444444444,0.5,0.7463998198509216
PU-F,1,0.3,0.0,100,100,3000,0,104,483,587,0.22122010361636057,0.11129999999999995,1.2553854580037296,0,0,101,0.3076923076923077,0.5192307692307693,0.7378748059272766
PU-F,1,0.3,0.0,200,200,3000,0,204,235,439,0.16900222492404282,0.07320000000000004,2.5946515830000862,0,1,201,0.27450980392156865,0.47549019607843135,0.620417594909668
PU-G,1,0.3,0.0,50,50,3000,0,54,363,417,0.16117378696799278,0.09530000000000005,0.5549805000191554,0,0,51,0.37037037037037035,0.4444444444444444,0.7305052876472473
PU-G,1,0.3,0.0,100,100,3000,0,104,410,514,0.1955537197063677,0.10970000000000002,1.1985318750375882,0,0,101,0.4519230769230769,0.5192307692307693,0.6877450346946716
PU-G,1,0.3,0.0,200,200,3000,0,204,291,495,0.18884600239107385,0.07820000000000005,2.5072700420278125,0,1,201,0.3137254901960784,0.4411764705882353,0.6480521559715271
MaxLoss,1,0.4,0.0,50,50,3000,0,54,552,606,0.22787495696684346,0.16100000000000003,0.17481470794882625,0,0,51,0.35185185185185186,0.37037037037037035,0.7092602849006653
MaxLoss,1,0.4,0.0,100,100,3000,0,104,515,619,0.23242261295672506,0.1552,0.2680881659616716,0,0,101,0.36538461538461536,0.375,0.7088348865509033
MaxLoss,1,0.4,0.0,200,200,3000,0,204,240,444,0.17077872878871858,0.05810000000000004,0.42962995800189674,0,1,201,0.27941176470588236,0.3382352941176471,0.4425799548625946
PU-C,1,0.4,0.0,50,50,3000,0,54,550,604,0.22717491316143423,0.15839999999999999,0.24302975001046434,0,0,51,0.3333333333333333,0.35185185185185186,0.8264586925506592
PU-C,1,0.4,0.0,100,100,3000,0,104,489,593,0.22332271496998146,0.14770000000000005,0.4999154169927351,0,0,101,0.33653846153846156,0.38461538461538464,0.7992199659347534
PU-C,1,0.4,0.0,200,200,3000,0,204,310,514,0.1955537197063677,0.09389999999999998,1.0434759589843452,0,1,201,0.25980392156862747,0.31862745098039214,0.547444760799408
PU-F,1,0.4,0.0,50,50,3000,0,54,564,618,0.23207295371685177,0.134,0.7021844999981113,0,0,51,0.3888888888888889,0.4074074074074074,0.7184191346168518
PU-F,1,0.4,0.0,100,100,3000,0,104,454,558,0.2110430212924257,0.10460000000000003,1.427473874995485,0,0,101,0.27884615384615385,0.4423076923076923,0.6456981897354126
PU-F,1,0.4,0.0,200,200,3000,0,204,304,508,0.19343678752193227,0.0947,2.770047792000696,0,1,201,0.3088235294117647,0.43137254901960786,0.6449137926101685
PU-G,1,0.4,0.0,50,50,3000,0,54,646,700,0.2606606413028203,0.1602,0.5887444170075469,0,0,51,0.46296296296296297,0.48148148148148145,0.7749407291412354
PU-G,1,0.4,0.0,100,100,3000,0,104,626,730,0.27107922051800415,0.15710000000000002,1.2651014580042101,0,0,101,0.40384615384615385,0.46153846153846156,0.7951882481575012
PU-G,1,0.4,0.0,200,200,3000,0,204,349,553,0.2092858671094291,0.10070000000000001,2.5662773750373162,0,1,201,0.27450980392156865,0.3872549019607843,0.543298065662384
MaxLoss,2,0.0,0.0,50,50,3000,0,54,105,159,0.06728066253708676,0.03949999999999998,0.1621588749694638,0,0,51,0.0,0.018518518518518517,0.7432742714881897
MaxLoss,2,0.0,0.0,100,100,3000,0,104,11,115,0.05059218790847808,0.019000000000000017,0.26393637497676536,0,0,101,0.0,0.057692307692307696,0.8084639310836792
MaxLoss,2,0.0,0.0,200,116,3000,0,120,0,120,0.05250743729993701,0.01529999999999998,0.2872695829719305,1,0,117,0.0,0.08333333333333333,0.8049110770225525
PU-C,2,0.0,0.0,50,50,3000,0,54,68,122,0.05327200022293255,0.02739999999999998,0.09558066597674042,0,0,51,0.0,0.037037037037037035,0.7947244048118591
PU-C,2,0.0,0.0,100,100,3000,0,104,15,119,0.052124831709079444,0.017900000000000027,0.18437199998879805,0,0,101,0.0,0.0673076923076923,0.8154836297035217
PU-C,2,0.0,0.0,200,112,3000,0,116,0,116,0.050975687336176634,0.01629999999999998,0.20808658300666139,1,0,113,0.0,0.10344827586206896,0.8112581968307495
PU-F,2,0.0,0.0,50,50,3000,0,54,103,157,0.06652925873640925,0.03820000000000001,0.18610695796087384,0,0,51,0.0,0.05555555555555555,0.8239860534667969
PU-F,2,0.0,0.0,100,100,3000,0,104,38,142,0.06087388581363484,0.024800000000000044,0.2983190409722738,0,0,101,0.0,0.04807692307692308,0.8275964260101318
PU-F,2,0.0,0.0,200,119,3000,0,123,0,123,0.053653962444514036,0.0131,0.33719029097119346,1,0,120,0.0,0.08130081300813008,0.826909065246582
PU-G,2,0.0,0.0,50,50,3000,0,54,51,105,0.04674404545221478,0.018900000000000028,0.20226925000315532,0,0,51,0.0,0.14814814814814814,0.7447529435157776
PU-G,2,0.0,0.0,100,100,3000,0,104,2,106,0.04712998168542981,0.007800000000000029,0.31478029204299673,0,0,101,0.0,0.11538461538461539,0.7418448328971863
PU-G,2,0.0,0.0,200,104,3000,0,108,0,108,0.04790108359884471,0.00770000000000004,0.3263655840419233,1,0,105,0.0,0.1111111111111111,0.7427894473075867
MaxLoss,2,0.1,0.0,50,50,3000,0,54,560,614,0.23067405057372525,0.1501,0.06976329203462228,0,0,51,0.3148148148148148,0.3148148148148148,0.6887744665145874
MaxLoss,2,0.1,0.0,100,100,3000,0,104,406,510,0.19414256286108866,0.11140000000000005,0.1395228340406902,0,0,101,0.2403846153846154,0.27884615384615385,0.7076529264450073
MaxLoss,2,0.1,0.0,200,200,3000,0,204,35,239,0.09693794953636825,0.020000000000000018,0.3010229170322418,0,1,201,0.1715686274509804,0.23529411764705882,0.5081905722618103
PU-C,2,0.1,0.0,50,50,3000,0,54,497,551,0.20858279598178342,0.1351,0.22882716701133177,0,0,51,0.25925925925925924,0.25925925925925924,0.7211059331893921
PU-C,2,0.1,0.0,100,100,3000,0,104,362,466,0.17858403647551313,0.10219999999999996,0.45185204199515283,0,0,101,0.18269230769230768,0.21153846153846154,0.7243671417236328
PU-C,2,0.1,0.0,200,199,3000,0,203,0,203,0.08367816428653896,0.0047000000000000375,0.926665042003151,1,0,200,0.17733990147783252,0.2413793103448276,0.5450848937034607
PU-F,2,0.1,0.0,50,50,3000,0,54,339,393,0.15261060395278037,0.09019999999999995,0.4651478750165552,0,0,51,0.2777777777777778,0.3148148148148148,0.6841487884521484
PU-F,2,0.1,0.0,100,100,3000,0,104,282,386,0.15010823006741703,0.08420000000000005,0.9330445000086911,0,0,101,0.25,0.27884615384615385,0.6622375249862671
PU-F,2,0.1,0.0,200,200,3000,0,204,53,257,0.1035250555141829,0.019000000000000017,1.7722160420380533,0,1,201,0.19607843137254902,0.23529411764705882,0.531156063079834
PU-G,2,0.1,0.0,50,50,3000,0,54,129,183,0.07625429221661761,0.025599999999999956,0.40448437503073364,0,0,51,0.12962962962962962,0.2037037037037037,0.7316079139709473
PU-G,2,0.1,0.0,100,100,3000,0,104,246,350,0.13720225798897445,0.06040000000000001,0.8422602500068024,0,0,101,0.20192307692307693,0.27884615384615385,0.7477239966392517
PU-G,2,0.1,0.0,200,200,3000,0,204,49,253,0.1020634958986193,0.014700000000000046,1.7504918749909848,0,1,201,0.14705882352941177,0.24509803921568626,0.4601471424102783
MaxLoss,2,0.2,0.0,50,50,3000,0,54,564,618,0.23207295371685177,0.15510000000000002,0.14043866604333743,0,0,51,0.2962962962962963,0.2962962962962963,0.8554284572601318
MaxLoss,2,0.2,0.0,100,100,3000,0,104,525,629,0.23591775394743308,0.15169999999999995,0.2652693330310285,0,0,101,0.2403846153846154,0.3269230769230769,0.8197941184043884
MaxLoss,2,0.2,0.0,200,200,3000,0,204,115,319,0.12603523599682376,0.036900000000000044,0.42739612504374236,0,1,201,0.27450980392156865,0.4019607843137255,0.5597571730613708
PU-C,2,0.2,0.0,50,50,3000,0,54,488,542,0.20541747816605493,0.1261,0.2515802080160938,0,0,51,0.2222222222222222,0.2777777777777778,0.8036870360374451
PU-C,2,0.2,0.0,100,100,3000,0,104,388,492,0.18778578046476468,0.10499999999999998,0.4698299170122482,0,0,101,0.2403846153846154,0.3076923076923077,0.8526256680488586
PU-C,2,0.2,0.0,200,200,3000,0,204,108,312,0.12350614258321002,0.035499999999999976,1.0142208749894053,0,1,201,0.24509803921568626,0.39215686274509803,0.6781050562858582
PU-F,2,0.2,0.0,50,50,3000,0,54,420,474,0.18141789734363556,0.09540000000000004,0.48783216701122,0,0,51,0.2037037037037037,0.24074074074074073,0.6806913614273071
PU-F,2,0.2,0.0,100,100,3000,0,104,375,479,0.18318789481418207,0.08140000000000003,1.013337042008061,0,0,101,0.23076923076923078,0.25,0.672715425491333
PU-F,2,0.2,0.0,200,200,3000,0,204,92,296,0.11771419818978757,0.020100000000000007,1.9874692499870434,0,1,201,0.2107843137254902,0.3137254901960784,0.6455678939819336
PU-G,2,0.2,0.0,50,50,3000,0,54,230,284,0.11335953127127141,0.056599999999999984,0.38931158295599744,0,0,51,0.24074074074074073,0.2962962962962963,0.7728156447410583
PU-G,2,0.2,0.0,100,100,3000,0,104,248,352,0.1379209405859001,0.06410000000000005,0.9282015829812735,0,0,101,0.23076923076923078,0.38461538461538464,0.7549373507499695
PU-G,2,0.2,0.0,200,200,3000,0,204,136,340,0.1336057098233141,0.028800000000000048,1.9631137079559267,0,1,201,0.20098039215686275,0.3431372549019608,0.6199979782104492
MaxLoss,2,0.3,0.0,50,50,3000,0,54,716,770,0.2849393772194162,0.17920000000000003,0.16365662502357736,0,0,51,0.37037037037037035,0.3888888888888889,0.8091914653778076
MaxLoss,2,0.3,0.0,100,100,3000,0,104,657,761,0.2818238776526414,0.16390000000000005,0.26135908399010077,0,0,101,0.27884615384615385,0.34615384615384615,0.737860381603241
MaxLoss,2,0.3,0.0,200,200,3000,0,204,316,520,0.19766947941388935,0.08650000000000002,0.43184174998896196,0,1,201,0.2647058823529412,0.4117647058823529,0.5382699966430664
PU-C,2,0.3,0.0,50,50,3000,0,54,629,683,0.2547474965103902,0.1663,0.23653925000689924,0,0,51,0.35185185185185186,0.37037037037037035,0.7136501669883728
PU-C,2,0.3,0.0,100,100,3000,0,104,288,392,0.15225325751816854,0.08530000000000004,0.4710977500071749,0,0,101,0.28846153846153844,0.3557692307692308,0.7615307569503784
PU-C,2,0.3,0.0,200,200,3000,0,204,167,371,0.14473837532568723,0.03849999999999998,1.0034376670373604,0,1,201,0.23529411764705882,0.36764705882352944,0.44147345423698425
PU-F,2,0.3,0.0,50,50,3000,0,54,392,446,0.17148905905196443,0.10599999999999998,0.6816067910403945,0,0,51,0.2962962962962963,0.3888888888888889,0.6543186902999878
PU-F,2,0.3,0.0,100,100,3000,0,104,346,450,0.1729092591558583,0.09550000000000003,1.323619041009806,0,0,101,0.28846153846153844,0.49038461538461536,0.6882485747337341
PU-F,2,0.3,0.0,200,200,3000,0,204,270,474,0.18141789734363556,0.06259999999999999,2.555560750013683,0,1,201,0.2647058823529412,0.4166666666666667,0.5008659362792969
PU-G,2,0.3,0.0,50,50,3000,0,54,290,344,0.13504496222594753,0.06530000000000002,0.5527157500036992,0,0,51,0.35185185185185186,0.42592592592592593,0.782684326171875
PU-G,2,0.3,0.0,100,100,3000,0,104,274,378,0.14724562253104523,0.07469999999999999,1.1267115420196205,0,0,101,0.2980769230769231,0.375,0.8091465830802917
PU-G,2,0.3,0.0,200,200,3000,0,204,287,491,0.18743230478139594,0.047799999999999954,2.4436857500113547,0,1,201,0.25,0.3333333333333333,0.6199568510055542
MaxLoss,2,0.4,0.0,50,50,3000,0,54,450,504,0.19202484015841037,0.11929999999999996,0.14188704203115776,0,0,51,0.25925925925925924,0.2777777777777778,0.6477727293968201
MaxLoss,2,0.4,0.0,100,100,3000,0,104,340,444,0.17077872878871858,0.09930000000000005,0.2584332500118762,0,0,101,0.3269230769230769,0.33653846153846156,0.6807506084442139
MaxLoss,2,0.4,0.0,200,200,3000,0,204,105,309,0.12242135201813653,0.007800000000000029,0.42071974999271333,0,1,201,0.30392156862745096,0.3284313725490196,0.45021530985832214
PU-C,2,0.4,0.0,50,50,3000,0,54,508,562,0.21244820981519297,0.1432,0.2247094580088742,0,0,51,0.24074074074074073,0.25925925925925924,0.6633949279785156
PU-C,2,0.4,0.0,100,100,3000,0,104,460,564,0.21315062715439126,0.136,0.48048975004348904,0,0,101,0.25,0.2692307692307692,0.6880295276641846
PU-C,2,0.4,0.0,200,200,3000,0,204,302,506,0.19273088016780093,0.09419999999999995,0.9892927909968421,0,1,201,0.31862745098039214,0.3333333333333333,0.4115245044231415
PU-F,2,0.4,0.0,50,50,3000,0,54,412,466,0.17858403647551313,0.10929999999999995,0.5681916250032373,0,0,51,0.3333333333333333,0.37037037037037035,0.6177977919578552
PU-F,2,0.4,0.0,100,100,3000,0,104,313,417,0.16117378696799278,0.08209999999999995,1.1677039999631234,0,0,101,0.27884615384615385,0.34615384615384615,0.618854284286499
PU-F,2,0.4,0.0,200,200,3000,0,204,226,430,0.16580204077763483,0.04849999999999999,2.2806144159985706,0,1,201,0.23529411764705882,0.3382352941176471,0.41251328587532043
PU-G,2,0.4,0.0,50,50,3000,0,54,470,524,0.1990793421282433,0.13790000000000002,0.5896817920147441,0,0,51,0.3148148148148148,0.37037037037037035,0.7517048120498657
PU-G,2,0.4,0.0,100,100,3000,0,104,342,446,0.17148905905196443,0.08830000000000005,1.2874964170041494,0,0,101,0.2403846153846154,0.28846153846153844,0.7193468809127808
PU-G,2,0.4,0.0,200,200,3000,0,204,206,410,0.158678749226965,0.05149999999999999,2.5283900419599377,0,1,201,0.22549019607843138,0.3088235294117647,0.6399402618408203
MaxLoss,3,0.0,0.0,50,50,3000,0,54,108,162,0.06840666866628453,0.03810000000000002,0.18679895799141377,0,0,51,0.0,0.16666666666666666,0.8552659153938293
MaxLoss,3,0.0,0.0,100,100,3000,0,104,29,133,0.05746242729946971,0.019499999999999962,0.2778185410425067,0,0,101,0.0,0.18269230769230768,0.8439583778381348
MaxLoss,3,0.0,0.0,200,119,3000,0,123,0,123,0.053653962444514036,0.015100000000000002,0.3055344999884255,1,0,120,0.0,0.22764227642276422,0.8646236658096313
PU-C,3,0.0,0.0,50,50,3000,0,54,50,104,0.04635784780839458,0.022800000000000042,0.09575991699239239,0,0,51,0.0,0.1111111111111111,0.8228947520256042
PU-C,3,0.0,0.0,100,100,3000,0,104,1,105,0.04674404545221478,0.01529999999999998,0.18474866700125858,0,0,101,0.0,0.25,0.8411731123924255
PU-C,3,0.0,0.0,200,102,3000,0,106,0,106,0.04712998168542981,0.01539999999999997,0.1905157080036588,1,0,103,0.0,0.24528301886792453,0.8407442569732666
PU-F,3,0.0,0.0,50,50,3000,0,54,157,211,0.08663556131068617,0.04069999999999996,0.19371595798293129,0,0,51,0.0,0.1111111111111111,0.8064664602279663
PU-F,3,0.0,0.0,100,100,3000,0,104,32,136,0.05860120529541746,0.014800000000000035,0.31401124998228624,0,0,101,0.0,0.17307692307692307,0.7674902677536011
PU-F,3,0.0,0.0,200,123,3000,0,127,0,127,0.055179738090373576,0.012399999999999967,0.360243083036039,1,0,124,0.0,0.2125984251968504,0.8002996444702148
PU-G,3,0.0,0.0,50,50,3000,0,54,55,109,0.048286255972925574,0.01970000000000005,0.21475966699654236,0,0,51,0.0,0.18518518518518517,0.7157623171806335
PU-G,3,0.0,0.0,100,92,3000,0,96,0,96,0.04325841483660042,0.007299999999999973,0.3270607499871403,1,0,93,0.0,0.3229166666666667,0.7172532081604004
PU-G,3,0.0,0.0,200,92,3000,0,96,0,96,0.04325841483660042,0.007299999999999973,0.3293867079773918,1,0,93,0.0,0.3229166666666667,0.7172532081604004
MaxLoss,3,0.1,0.0,50,50,3000,0,54,563,617,0.23172326787607744,0.16059999999999997,0.07006316701881588,0,0,51,0.3333333333333333,0.5370370370370371,0.6582722067832947
MaxLoss,3,0.1,0.0,100,100,3000,0,104,374,478,0.18283396633341908,0.09130000000000005,0.13982937502441928,0,0,101,0.2980769230769231,0.4423076923076923,0.663661539554596
MaxLoss,3,0.1,0.0,200,200,3000,0,204,238,442,0.17006824392592534,0.07369999999999999,0.3011212089913897,0,1,201,0.18137254901960784,0.35294117647058826,0.6056103110313416
PU-C,3,0.1,0.0,50,50,3000,0,54,522,576,0.21736268227687106,0.14429999999999998,0.21886116702808067,0,0,51,0.37037037037037035,0.4444444444444444,0.7911851406097412
PU-C,3,0.1,0.0,100,100,3000,0,104,435,539,0.20436182245612144,0.12029999999999996,0.5148950000293553,0,0,101,0.2403846153846154,0.2980769230769231,0.8112149238586426
PU-C,3,0.1,0.0,200,200,3000,0,204,31,235,0.09547050960827619,0.02200000000000002,0.998665917024482,0,1,201,0.19607843137254902,0.3284313725490196,0.5501283407211304
PU-F,3,0.1,0.0,50,50,3000,0,54,321,375,0.14617137319874018,0.07999999999999996,0.4941054580267519,0,0,51,0.3148148148148148,0.3888888888888889,0.6944690346717834
PU-F,3,0.1,0.0,100,100,3000,0,104,219,323,0.12747914652572945,0.05449999999999999,1.0835627920459956,0,0,101,0.25961538461538464,0.3076923076923077,0.6672989726066589
PU-F,3,0.1,0.0,200,200,3000,0,204,117,321,0.12675730674527586,0.04349999999999998,2.036605708010029,0,1,201,0.19117647058823528,0.3088235294117647,0.5938472747802734
PU-G,3,0.1,0.0,50,50,3000,0,54,138,192,0.07960064115468413,0.02939999999999998,0.3747281249961816,0,0,51,0.16666666666666666,0.25925925925925924,0.7246967554092407
PU-G,3,0.1,0.0,100,100,3000,0,104,55,159,0.06728066253708676,0.013299999999999979,0.7048275839770213,0,0,101,0.17307692307692307,0.27884615384615385,0.7513974905014038
PU-G,3,0.1,0.0,200,200,3000,0,204,71,275,0.11008716933429241,0.03390000000000004,1.4007894590031356,0,1,201,0.16666666666666666,0.3284313725490196,0.476205438375473
MaxLoss,3,0.2,0.0,50,50,3000,0,54,364,418,0.16153005324304104,0.08720000000000006,0.1666090419748798,0,0,51,0.14814814814814814,0.2037037037037037,0.8068873286247253
MaxLoss,3,0.2,0.0,100,100,3000,0,104,283,387,0.15046584833180532,0.07750000000000001,0.2678525839583017,0,0,101,0.23076923076923078,0.28846153846153844,0.8235362768173218
MaxLoss,3,0.2,0.0,200,200,3000,0,204,99,303,0.12025012710364535,0.023499999999999965,0.42988725000759587,0,1,201,0.2647058823529412,0.3627450980392157,0.5603882670402527
PU-C,3,0.2,0.0,50,50,3000,0,54,387,441,0.16971294325776398,0.12170000000000003,0.23157220799475908,0,0,51,0.2222222222222222,0.2962962962962963,0.7321398854255676
PU-C,3,0.2,0.0,100,100,3000,0,104,254,358,0.14007576100993901,0.07820000000000005,0.435202874999959,0,0,101,0.23076923076923078,0.34615384615384615,0.7460977435112
PU-C,3,0.2,0.0,200,200,3000,0,204,54,258,0.10389025183394551,0.0242,0.8967867079772986,0,1,201,0.28921568627450983,0.4068627450980392,0.5546790957450867
PU-F,3,0.2,0.0,50,50,3000,0,54,361,415,0.1604611292714253,0.09219999999999995,0.4321770839742385,0,0,51,0.16666666666666666,0.2962962962962963,0.6615022420883179
PU-F,3,0.2,0.0,100,100,3000,0,104,283,387,0.15046584833180532,0.07320000000000004,0.8952982919872738,0,0,101,0.15384615384615385,0.25,0.6851987242698669
PU-F,3,0.2,0.0,200,200,3000,0,204,21,225,0.09179576905444264,0.009000000000000008,1.7191122089861892,0,1,201,0.19607843137254902,0.29411764705882354,0.5586206912994385
PU-G,3,0.2,0.0,50,50,3000,0,54,322,376,0.1465295035741292,0.06969999999999998,0.4054188749869354,0,0,51,0.14814814814814814,0.24074074074074073,0.7857476472854614
PU-G,3,0.2,0.0,100,100,3000,0,104,174,278,0.11117857933277264,0.04279999999999995,0.6151429999736138,0,0,101,0.17307692307692307,0.3173076923076923,0.8058711886405945
PU-G,3,0.2,0.0,200,200,3000,0,204,53,257,0.1035250555141829,0.014100000000000001,1.21174679097021,0,1,201,0.18627450980392157,0.31862745098039214,0.6088981032371521
MaxLoss,3,0.3,0.0,50,50,3000,0,54,633,687,0.2561394412186928,0.16349999999999998,0.14326420897850767,0,0,51,0.2777777777777778,0.2962962962962963,0.7355042695999146
MaxLoss,3,0.3,0.0,100,100,3000,0,104,541,645,0.24150457250652835,0.13949999999999996,0.2591490839840844,0,0,101,0.2692307692307692,0.38461538461538464,0.7107511758804321
MaxLoss,3,0.3,0.0,200,200,3000,0,204,330,534,0.20260177814634517,0.08399999999999996,0.42108570894924924,0,1,201,0.3088235294117647,0.4264705882352941,0.4024527370929718
PU-C,3,0.3,0.0,50,50,3000,0,54,537,591,0.22262195614166558,0.12990000000000002,0.23776958300732076,0,0,51,0.14814814814814814,0.2037037037037037,0.8371366262435913
PU-C,3,0.3,0.0,100,100,3000,0,104,555,659,0.24638769769808277,0.14359999999999995,0.46307649998925626,0,0,101,0.2692307692307692,0.3173076923076923,0.7856655716896057
PU-C,3,0.3,0.0,200,200,3000,0,204,302,506,0.19273088016780093,0.06969999999999998,0.9646911669988185,0,1,201,0.29411764705882354,0.4166666666666667,0.7210650444030762
PU-F,3,0.3,0.0,50,50,3000,0,54,385,439,0.16900222492404282,0.09950000000000003,0.5412943749688566,0,0,51,0.24074074074074073,0.2777777777777778,0.7009077072143555
PU-F,3,0.3,0.0,100,100,3000,0,104,327,431,0.1661577759659849,0.08579999999999999,1.1510453330120072,0,0,101,0.27884615384615385,0.3557692307692308,0.7080981731414795
PU-F,3,0.3,0.0,200,200,3000,0,204,331,535,0.20295384910423309,0.08079999999999998,2.3915628329850733,0,1,201,0.27450980392156865,0.3431372549019608,0.6508908867835999
PU-G,3,0.3,0.0,50,50,3000,0,54,495,549,0.20787960436427966,0.12160000000000004,0.5016760830185376,0,0,51,0.3333333333333333,0.42592592592592593,0.6822043061256409
PU-G,3,0.3,0.0,100,100,3000,0,104,389,493,0.1881392219220288,0.09950000000000003,1.0965833330410533,0,0,101,0.18269230769230768,0.3557692307692308,0.670698881149292
PU-G,3,0.3,0.0,200,200,3000,0,204,244,448,0.1721992355887778,0.06740000000000002,2.280290416034404,0,1,201,0.22549019607843138,0.35294117647058826,0.5517759323120117
MaxLoss,3,0.4,0.0,50,50,3000,0,54,514,568,0.2145551101421006,0.13339999999999996,0.15022462501656264,0,0,51,0.4074074074074074,0.4074074074074074,0.7956539392471313
MaxLoss,3,0.4,0.0,100,100,3000,0,104,475,579,0.21841504727490246,0.12560000000000004,0.2672682500560768,0,0,101,0.36538461538461536,0.4519230769230769,0.7883840203285217
MaxLoss,3,0.4,0.0,200,200,3000,0,204,213,417,0.16117378696799278,0.06699999999999995,0.42853616701904684,0,1,201,0.35784313725490197,0.45098039215686275,0.47762688994407654
PU-C,3,0.4,0.0,50,50,3000,0,54,564,618,0.23207295371685177,0.15269999999999995,0.24614191701402888,0,0,51,0.37037037037037035,0.37037037037037035,0.7473211288452148
PU-C,3,0.4,0.0,100,100,3000,0,104,546,650,0.24324911163421348,0.15269999999999995,0.5039753330056556,0,0,101,0.3076923076923077,0.36538461538461536,0.8115442991256714
PU-C,3,0.4,0.0,200,200,3000,0,204,181,385,0.1497505659935996,0.05459999999999998,1.0376920000417158,0,1,201,0.3382352941176471,0.44607843137254904,0.438511461019516
PU-F,3,0.4,0.0,50,50,3000,0,54,295,349,0.13684283918701112,0.06559999999999999,0.43965899996692315,0,0,51,0.3333333333333333,0.42592592592592593,0.671458899974823
PU-F,3,0.4,0.0,100,100,3000,0,104,249,353,0.13828020473010838,0.059699999999999975,0.9483086669933982,0,0,101,0.34615384615384615,0.40384615384615385,0.6519535779953003
PU-F,3,0.4,0.0,200,200,3000,0,204,222,426,0.16437869728542864,0.0685,2.0206489579868503,0,1,201,0.35294117647058826,0.39705882352941174,0.4445776343345642
PU-G,3,0.4,0.0,50,50,3000,0,54,343,397,0.15403954300563782,0.06599999999999995,0.41347966698231176,0,0,51,0.2037037037037037,0.2037037037037037,0.8043509125709534
PU-G,3,0.4,0.0,100,100,3000,0,104,371,475,0.18177196802571416,0.09640000000000004,0.8669102090061642,0,0,101,0.34615384615384615,0.375,0.8558903932571411
PU-G,3,0.4,0.0,200,200,3000,0,204,277,481,0.18389564589597285,0.06969999999999998,2.0890048340079375,0,1,201,0.28431372549019607,0.4019607843137255,0.577783465385437
MaxLoss,4,0.0,0.0,50,50,3000,0,54,144,198,0.0818263849359937,0.052000000000000046,0.1671215839451179,0,0,51,0.0,0.25925925925925924,0.8428484201431274
MaxLoss,4,0.0,0.0,100,100,3000,0,104,27,131,0.056702304747886956,0.031000000000000028,0.2689313339651562,0,0,101,0.0,0.28846153846153844,0.8692126274108887
MaxLoss,4,0.0,0.0,200,131,3000,0,135,0,135,0.058221797517035156,0.006800000000000028,0.31511808396317065,1,0,132,0.0,0.22962962962962963,0.8129353523254395
PU-C,4,0.0,0.0,50,50,3000,0,54,379,433,0.16686912631848827,0.09219999999999995,0.11974829202517867,0,0,51,0.0,0.2037037037037037,0.8135210275650024
PU-C,4,0.0,0.0,100,100,3000,0,104,143,247,0.09986878873314708,0.0514,0.289313499990385,0,0,101,0.0,0.25961538461538464,0.8234615325927734
PU-C,4,0.0,0.0,200,103,3000,0,107,0,107,0.04751565994229168,0.014700000000000046,0.3036073329858482,1,0,104,0.0,0.2523364485981308,0.7972546815872192
PU-F,4,0.0,0.0,50,50,3000,0,54,65,119,0.052124831709079444,0.027000000000000024,0.24608583300141618,0,0,51,0.0,0.2037037037037037,0.8147717118263245
PU-F,4,0.0,0.0,100,100,3000,0,104,14,118,0.05174200655892491,0.018000000000000016,0.3632610000204295,0,0,101,0.0,0.1346153846153846,0.7693954110145569
PU-F,4,0.0,0.0,200,120,3000,0,124,0,124,0.054035715002100915,0.013599999999999945,0.4087852920056321,1,0,121,0.0,0.12903225806451613,0.7695716619491577
PU-G,4,0.0,0.0,50,50,3000,0,54,99,153,0.06502464495133609,0.027599999999999958,0.18142620800063014,0,0,51,0.0,0.2222222222222222,0.7542538046836853
PU-G,4,0.0,0.0,100,100,3000,0,104,66,170,0.07140313135460019,0.021299999999999986,0.29476087499642745,0,0,101,0.0,0.22115384615384615,0.7826476693153381
PU-G,4,0.0,0.0,200,123,3000,0,127,0,127,0.055179738090373576,0.010199999999999987,0.3428986250073649,1,0,124,0.0,0.18110236220472442,0.7429669499397278
MaxLoss,4,0.1,0.0,50,50,3000,0,54,198,252,0.10169791040243581,0.04859999999999998,0.06955366698093712,0,0,51,0.25925925925925924,0.2777777777777778,0.831509530544281
MaxLoss,4,0.1,0.0,100,100,3000,0,104,211,315,0.12459039420355111,0.054200000000000026,0.1393055830267258,0,0,101,0.23076923076923078,0.41346153846153844,0.8396039009094238
MaxLoss,4,0.1,0.0,200,200,3000,0,204,42,246,0.09950272261630744,0.02210000000000001,0.30608987499726936,0,1,201,0.16666666666666666,0.35294117647058826,0.4992350935935974
PU-C,4,0.1,0.0,50,50,3000,0,54,285,339,0.13324576301965863,0.06799999999999995,0.24318466696422547,0,0,51,0.2222222222222222,0.25925925925925924,0.7809587717056274
PU-C,4,0.1,0.0,100,100,3000,0,104,234,338,0.1328857623739168,0.06269999999999998,0.42713550000917166,0,0,101,0.20192307692307693,0.2980769230769231,0.7664318084716797
PU-C,4,0.1,0.0,200,200,3000,0,204,73,277,0.11081484594615176,0.029900000000000038,0.8922378330025822,0,1,201,0.19117647058823528,0.39215686274509803,0.642393171787262
PU-F,4,0.1,0.0,50,50,3000,0,54,261,315,0.12459039420355111,0.06310000000000004,0.3785533329937607,0,0,51,0.16666666666666666,0.18518518518518517,0.672742486000061
PU-F,4,0.1,0.0,100,100,3000,0,104,194,298,0.11843906552530825,0.05069999999999997,0.5669344579800963,0,0,101,0.21153846153846154,0.28846153846153844,0.6595256328582764
PU-F,4,0.1,0.0,200,200,3000,0,204,6,210,0.0862662440049462,0.009800000000000031,1.284589666989632,0,1,201,0.1715686274509804,0.36764705882352944,0.5565241575241089
PU-G,4,0.1,0.0,50,50,3000,0,54,272,326,0.1285614771186374,0.06679999999999997,0.4076554999919608,0,0,51,0.24074074074074073,0.37037037037037035,0.8211348056793213
PU-G,4,0.1,0.0,100,100,3000,0,104,202,306,0.1213360158726573,0.05449999999999999,0.9460867079906166,0,0,101,0.18269230769230768,0.3942307692307692,0.8403081297874451
PU-G,4,0.1,0.0,200,200,3000,0,204,106,310,0.12278300919570029,0.02749999999999997,1.739173749985639,0,1,201,0.13725490196078433,0.3333333333333333,0.5433310866355896
MaxLoss,4,0.2,0.0,50,50,3000,0,54,663,717,0.2665670301648788,0.1745,0.1503581670112908,0,0,51,0.35185185185185186,0.35185185185185186,0.8596795201301575
MaxLoss,4,0.2,0.0,100,100,3000,0,104,545,649,0.24290025437949225,0.13839999999999997,0.263243000023067,0,0,101,0.25,0.3269230769230769,0.816414475440979
MaxLoss,4,0.2,0.0,200,200,3000,0,204,187,391,0.1518958661472425,0.05920000000000003,0.42703866702504456,0,1,201,0.22549019607843138,0.3235294117647059,0.4620939791202545
PU-C,4,0.2,0.0,50,50,3000,0,54,490,544,0.2061210952233523,0.13370000000000004,0.257021417026408,0,0,51,0.37037037037037035,0.37037037037037035,0.7722945213317871
PU-C,4,0.2,0.0,100,100,3000,0,104,381,485,0.18531072669429705,0.10319999999999996,0.5005735839949921,0,0,101,0.2692307692307692,0.3557692307692308,0.7805740833282471
PU-C,4,0.2,0.0,200,200,3000,0,204,120,324,0.12783998035592958,0.041000000000000036,1.027536959038116,0,1,201,0.23039215686274508,0.3627450980392157,0.5317071080207825
PU-F,4,0.2,0.0,50,50,3000,0,54,320,374,0.14581319532589987,0.08660000000000001,0.5590393749880604,0,0,51,0.3333333333333333,0.3333333333333333,0.6803967356681824
PU-F,4,0.2,0.0,100,100,3000,0,104,309,413,0.15974830387858674,0.08189999999999997,1.2413372499868274,0,0,101,0.3557692307692308,0.4326923076923077,0.6852507591247559
PU-F,4,0.2,0.0,200,200,3000,0,204,170,374,0.14581319532589987,0.04310000000000003,2.473852417024318,0,1,201,0.25,0.35294117647058826,0.4032464921474457
PU-G,4,0.2,0.0,50,50,3000,0,54,332,386,0.15010823006741703,0.08330000000000004,0.3986471670214087,0,0,51,0.3333333333333333,0.37037037037037035,0.7606560587882996
PU-G,4,0.2,0.0,100,100,3000,0,104,272,376,0.1465295035741292,0.07320000000000004,0.8316813749843277,0,0,101,0.2692307692307692,0.40384615384615385,0.7932435870170593
PU-G,4,0.2,0.0,200,200,3000,0,204,103,307,0.12169785564765334,0.025000000000000022,1.7575878329807892,0,1,201,0.18627450980392157,0.35294117647058826,0.6613402366638184
MaxLoss,4,0.3,0.0,50,50,3000,0,54,585,639,0.23941028682747856,0.15710000000000002,0.14267629198729992,0,0,51,0.3333333333333333,0.37037037037037035,0.8657075762748718
MaxLoss,4,0.3,0.0,100,100,3000,0,104,510,614,0.23067405057372525,0.1372,0.2775385419954546,0,0,101,0.3173076923076923,0.49038461538461536,0.8080782294273376
MaxLoss,4,0.3,0.0,200,200,3000,0,204,405,609,0.22892481921007857,0.11270000000000002,0.4392637090058997,0,1,201,0.2696078431372549,0.4068627450980392,0.47448891401290894
PU-C,4,0.3,0.0,50,50,3000,0,54,602,656,0.24534172733547166,0.16479999999999995,0.22377758304355666,0,0,51,0.48148148148148145,0.6296296296296297,0.7823497653007507
PU-C,4,0.3,0.0,100,100,3000,0,104,586,690,0.25718314957339317,0.1652,0.4548498330404982,0,0,101,0.2980769230769231,0.47115384615384615,0.8346718549728394
PU-C,4,0.3,0.0,200,200,3000,0,204,243,447,0.17184416647069156,0.07179999999999997,1.0176777910091914,0,1,201,0.24509803921568626,0.4019607843137255,0.5378718972206116
PU-F,4,0.3,0.0,50,50,3000,0,54,541,595,0.224023362621665,0.14170000000000005,0.5943045410094783,0,0,51,0.3333333333333333,0.37037037037037035,0.7806578874588013
PU-F,4,0.3,0.0,100,100,3000,0,104,480,584,0.2201684195897542,0.13070000000000004,1.36938366596587,0,0,101,0.2980769230769231,0.4807692307692308,0.7511330842971802
PU-F,4,0.3,0.0,200,200,3000,0,204,167,371,0.14473837532568723,0.04279999999999995,2.584802291006781,0,1,201,0.23039215686274508,0.39215686274509803,0.34424737095832825
PU-G,4,0.3,0.0,50,50,3000,0,54,527,581,0.2191164813702926,0.136,0.5136011670110747,0,0,51,0.2962962962962963,0.35185185185185186,0.7647499442100525
PU-G,4,0.3,0.0,100,100,3000,0,104,383,487,0.18601805780781433,0.10550000000000004,1.1155538749881089,0,0,101,0.34615384615384615,0.4423076923076923,0.7445300221443176
PU-G,4,0.3,0.0,200,200,3000,0,204,182,386,0.15010823006741703,0.04579999999999995,2.3256390829919837,0,1,201,0.24019607843137256,0.3333333333333333,0.7017192244529724
MaxLoss,4,0.4,0.0,50,50,3000,0,54,493,547,0.20717629184946418,0.10899999999999999,0.14704479201463982,0,0,51,0.5740740740740741,0.5925925925925926,0.6932746171951294
MaxLoss,4,0.4,0.0,100,100,3000,0,104,531,635,0.2380135838757269,0.12539999999999996,0.26789575000293553,0,0,101,0.47115384615384615,0.5865384615384616,0.7535189390182495
MaxLoss,4,0.4,0.0,200,200,3000,0,204,364,568,0.2145551101421006,0.11380000000000001,0.4307660420308821,0,1,201,0.31862745098039214,0.39705882352941174,0.5717463493347168
PU-C,4,0.4,0.0,50,50,3000,0,54,335,389,0.15118094795616344,0.08789999999999998,0.250715583038982,0,0,51,0.48148148148148145,0.5,0.8135673403739929
PU-C,4,0.4,0.0,100,100,3000,0,104,384,488,0.18637167132692412,0.1058,0.5094035410438664,0,0,101,0.40384615384615385,0.41346153846153844,0.8155657052993774
PU-C,4,0.4,0.0,200,200,3000,0,204,317,521,0.19802199315745384,0.09019999999999995,1.0591783749987371,0,1,201,0.3088235294117647,0.3431372549019608,0.404220849275589
PU-F,4,0.4,0.0,50,50,3000,0,54,582,636,0.23836279823444784,0.13880000000000003,0.596684499992989,0,0,51,0.5,0.5370370370370371,0.7076641917228699
PU-F,4,0.4,0.0,100,100,3000,0,104,511,615,0.23102381633361802,0.11229999999999996,1.2848994589876384,0,0,101,0.3269230769230769,0.34615384615384615,0.6629726886749268
PU-F,4,0.4,0.0,200,200,3000,0,204,216,420,0.1622424612287432,0.06740000000000002,2.568819459003862,0,1,201,0.3088235294117647,0.3382352941176471,0.5148112177848816
PU-G,4,0.4,0.0,50,50,3000,0,54,646,700,0.2606606413028203,0.14870000000000005,0.6144092080066912,0,0,51,0.37037037037037035,0.3888888888888889,0.8180637955665588
PU-G,4,0.4,0.0,100,100,3000,0,104,458,562,0.21244820981519297,0.10319999999999996,1.288467666017823,0,0,101,0.2403846153846154,0.28846153846153844,0.785155177116394
PU-G,4,0.4,0.0,200,200,3000,0,204,250,454,0.174328850582242,0.06059999999999999,2.5229418330127373,0,1,201,0.19117647058823528,0.28431372549019607,0.46926912665367126
MaxLoss,5,0.0,0.0,50,50,3000,0,54,94,148,0.0631403787410818,0.03500000000000003,0.1535585000528954,0,0,51,0.0,0.018518518518518517,0.8914288878440857
MaxLoss,5,0.0,0.0,100,100,3000,0,104,9,113,0.04982449556700885,0.02190000000000003,0.2630383330397308,0,0,101,0.0,0.10576923076923077,0.8630954623222351
MaxLoss,5,0.0,0.0,200,120,3000,0,124,0,124,0.054035715002100915,0.021100000000000008,0.2913964170147665,1,0,121,0.0,0.12903225806451613,0.8571480512619019
PU-C,5,0.0,0.0,50,50,3000,0,54,109,163,0.06878171575954184,0.04039999999999999,0.09606470901053399,0,0,51,0.0,0.037037037037037035,0.8119757175445557
PU-C,5,0.0,0.0,100,100,3000,0,104,0,104,0.04635784780839458,0.01539999999999997,0.1815523750265129,1,0,101,0.0,0.09615384615384616,0.7863674759864807
PU-C,5,0.0,0.0,200,100,3000,0,104,0,104,0.04635784780839458,0.01539999999999997,0.18395279202377424,1,0,101,0.0,0.09615384615384616,0.7863674759864807
PU-F,5,0.0,0.0,50,50,3000,0,54,181,235,0.09547050960827619,0.05489999999999995,0.20631183398654684,0,0,51,0.0,0.018518518518518517,0.8673505783081055
PU-F,5,0.0,0.0,100,100,3000,0,104,59,163,0.06878171575954184,0.025699999999999945,0.3302410839824006,0,0,101,0.0,0.10576923076923077,0.8138344883918762
PU-F,5,0.0,0.0,200,141,3000,0,145,0,145,0.06200788344722241,0.007900000000000018,0.45802608400117606,1,0,142,0.0,0.11724137931034483,0.7150580286979675
PU-G,5,0.0,0.0,50,50,3000,0,54,69,123,0.053653962444514036,0.025699999999999945,0.30599575000815094,0,0,51,0.0,0.16666666666666666,0.7526974678039551
PU-G,5,0.0,0.0,100,100,3000,0,104,13,117,0.05135895928833634,0.010299999999999976,0.4049297089804895,0,0,101,0.0,0.16346153846153846,0.7238175868988037
PU-G,5,0.0,0.0,200,116,3000,0,120,0,120,0.05250743729993701,0.00880000000000003,0.4377334170276299,1,0,117,0.0,0.175,0.7180986404418945
MaxLoss,5,0.1,0.0,50,50,3000,0,54,299,353,0.13828020473010838,0.07750000000000001,0.0686728329746984,0,0,51,0.2037037037037037,0.2037037037037037,0.8398641347885132
MaxLoss,5,0.1,0.0,100,100,3000,0,104,84,188,0.07811454794136807,0.031200000000000006,0.1388834579847753,0,0,101,0.1346153846153846,0.22115384615384615,0.8467414975166321
MaxLoss,5,0.1,0.0,200,200,3000,0,204,92,296,0.11771419818978757,0.028200000000000003,0.29895833297632635,0,1,201,0.19607843137254902,0.29411764705882354,0.5251443386077881
PU-C,5,0.1,0.0,50,50,3000,0,54,581,635,0.2380135838757269,0.14429999999999998,0.24778479197993875,0,0,51,0.25925925925925924,0.3148148148148148,0.8253348469734192
PU-C,5,0.1,0.0,100,100,3000,0,104,461,565,0.2135017917607911,0.12080000000000002,0.44996987498598173,0,0,101,0.21153846153846154,0.2980769230769231,0.8013671040534973
PU-C,5,0.1,0.0,200,181,3000,0,185,0,185,0.07699875242542475,0.0046000000000000485,0.8481623330153525,1,0,182,0.21621621621621623,0.3081081081081081,0.6763425469398499
PU-F,5,0.1,0.0,50,50,3000,0,54,223,277,0.11081484594615176,0.06510000000000005,0.45313312497455627,0,0,51,0.1111111111111111,0.12962962962962962,0.8068931102752686
PU-F,5,0.1,0.0,100,100,3000,0,104,90,194,0.08034300222061574,0.027599999999999958,0.9636681660194881,0,0,101,0.09615384615384616,0.11538461538461539,0.7968600392341614
PU-F,5,0.1,0.0,200,200,3000,0,204,49,253,0.1020634958986193,0.01529999999999998,1.8356639160192572,0,1,201,0.15196078431372548,0.22058823529411764,0.5099947452545166
PU-G,5,0.1,0.0,50,50,3000,0,54,410,464,0.17787520814454183,0.11729999999999996,0.42001991701545194,0,0,51,0.3148148148148148,0.3888888888888889,0.7119441032409668
PU-G,5,0.1,0.0,100,100,3000,0,104,374,478,0.18283396633341908,0.1078,0.8847458329983056,0,0,101,0.20192307692307693,0.3269230769230769,0.6945330500602722
PU-G,5,0.1,0.0,200,194,3000,0,198,0,198,0.0818263849359937,0.00649999999999995,1.6349053750163876,1,0,195,0.20202020202020202,0.31313131313131315,0.646298348903656
MaxLoss,5,0.2,0.0,50,50,3000,0,54,451,505,0.19237787678139284,0.1189,0.17431324999779463,0,0,51,0.2962962962962963,0.3148148148148148,0.6046232581138611
MaxLoss,5,0.2,0.0,100,100,3000,0,104,284,388,0.1508234209031798,0.0756,0.2685259170248173,0,0,101,0.3076923076923077,0.3173076923076923,0.6128000617027283
MaxLoss,5,0.2,0.0,200,200,3000,0,204,112,316,0.12495169276371598,0.043399999999999994,0.43046933301957324,0,1,201,0.3137254901960784,0.4215686274509804,0.4178171753883362
PU-C,5,0.2,0.0,50,50,3000,0,54,611,665,0.24847896862775087,0.15139999999999998,0.2398719170014374,0,0,51,0.25925925925925924,0.2777777777777778,0.8525660037994385
PU-C,5,0.2,0.0,100,100,3000,0,104,547,651,0.24359794368501753,0.13449999999999995,0.48942208400694653,0,0,101,0.3173076923076923,0.33653846153846156,0.8496854901313782
PU-C,5,0.2,0.0,200,200,3000,0,204,154,358,0.14007576100993901,0.055300000000000016,1.0310877920128405,0,1,201,0.27941176470588236,0.3235294117647059,0.4034489393234253
PU-F,5,0.2,0.0,50,50,3000,0,54,455,509,0.1937896916642785,0.09550000000000003,0.50019358395366,0,0,51,0.2962962962962963,0.3148148148148148,0.7924227118492126
PU-F,5,0.2,0.0,100,100,3000,0,104,509,613,0.2303242579801008,0.11580000000000001,1.1764990839874372,0,0,101,0.2692307692307692,0.3173076923076923,0.806486189365387
PU-F,5,0.2,0.0,200,200,3000,0,204,115,319,0.12603523599682376,0.04749999999999999,2.1982644999516197,0,1,201,0.29411764705882354,0.3333333333333333,0.5567367076873779
PU-G,5,0.2,0.0,50,50,3000,0,54,356,410,0.158678749226965,0.07310000000000005,0.38104708294849843,0,0,51,0.3333333333333333,0.37037037037037035,0.7773210406303406
PU-G,5,0.2,0.0,100,100,3000,0,104,291,395,0.1533251625369303,0.06799999999999995,0.9487408329732716,0,0,101,0.28846153846153844,0.3557692307692308,0.8143621683120728
PU-G,5,0.2,0.0,200,200,3000,0,204,223,427,0.16473459382541478,0.08040000000000003,2.0609299579518847,0,1,201,0.27450980392156865,0.3333333333333333,0.5701748728752136
MaxLoss,5,0.3,0.0,50,50,3000,0,54,510,564,0.21315062715439126,0.10850000000000004,0.172478583001066,0,0,51,0.25925925925925924,0.3148148148148148,0.769477367401123
MaxLoss,5,0.3,0.0,100,100,3000,0,104,472,576,0.21736268227687106,0.10529999999999995,0.2676157910027541,0,0,101,0.33653846153846156,0.4519230769230769,0.7386212944984436
MaxLoss,5,0.3,0.0,200,200,3000,0,204,117,321,0.12675730674527586,0.028800000000000048,0.42958320799516514,0,1,201,0.3235294117647059,0.4166666666666667,0.4920846223831177
PU-C,5,0.3,0.0,50,50,3000,0,54,620,674,0.25161421595839784,0.14349999999999996,0.3099371660500765,0,0,51,0.3333333333333333,0.4074074074074074,0.7748435735702515
PU-C,5,0.3,0.0,100,100,3000,0,104,540,644,0.24115558865014464,0.12649999999999995,0.5354374160524458,0,0,101,0.2980769230769231,0.46153846153846156,0.6616067886352539
PU-C,5,0.3,0.0,200,200,3000,0,204,287,491,0.18743230478139594,0.10260000000000002,1.0380592500441708,0,1,201,0.3137254901960784,0.4166666666666667,0.6729610562324524
PU-F,5,0.3,0.0,50,50,3000,0,54,337,391,0.1518958661472425,0.06159999999999999,0.46033254195936024,0,0,51,0.37037037037037035,0.4444444444444444,0.690829873085022
PU-F,5,0.3,0.0,100,100,3000,0,104,357,461,0.17681169032584876,0.07299999999999995,1.0987857499858364,0,0,101,0.25961538461538464,0.36538461538461536,0.7013277411460876
PU-F,5,0.3,0.0,200,200,3000,0,204,148,352,0.1379209405859001,0.032399999999999984,2.1404598749941215,0,1,201,0.2647058823529412,0.37254901960784315,0.558275580406189
PU-G,5,0.3,0.0,50,50,3000,0,54,260,314,0.1242290364461951,0.06799999999999995,0.40434649999951944,0,0,51,0.25925925925925924,0.37037037037037035,0.6910455226898193
PU-G,5,0.3,0.0,100,100,3000,0,104,263,367,0.1433046076563187,0.07279999999999998,0.796619082975667,0,0,101,0.27884615384615385,0.3557692307692308,0.666972815990448
PU-G,5,0.3,0.0,200,200,3000,0,204,154,358,0.14007576100993901,0.02959999999999996,1.8611642919713631,0,1,201,0.22058823529411764,0.30392156862745096,0.5276105999946594
MaxLoss,5,0.4,0.0,50,50,3000,0,54,562,616,0.23137355543440208,0.16259999999999997,0.14066795801045373,0,0,51,0.3333333333333333,0.35185185185185186,0.8304461240768433
MaxLoss,5,0.4,0.0,100,100,3000,0,104,443,547,0.20717629184946418,0.12890000000000001,0.25613208301365376,0,0,101,0.2692307692307692,0.41346153846153844,0.8398067355155945
MaxLoss,5,0.4,0.0,200,200,3000,0,204,154,358,0.14007576100993901,0.028800000000000048,0.41803887498099357,0,1,201,0.25,0.3627450980392157,0.4400385022163391
PU-C,5,0.4,0.0,50,50,3000,0,54,512,566,0.2138529270887375,0.14049999999999996,0.24839070800226182,0,0,51,0.2777777777777778,0.2962962962962963,0.7694585919380188
PU-C,5,0.4,0.0,100,100,3000,0,104,416,520,0.19766947941388935,0.1199,0.4814096249756403,0,0,101,0.2980769230769231,0.34615384615384615,0.7477181553840637
PU-C,5,0.4,0.0,200,200,3000,0,204,326,530,0.2011931817396544,0.10329999999999995,1.0193088749656454,0,1,201,0.29411764705882354,0.38235294117647056,0.47314754128456116
PU-F,5,0.4,0.0,50,50,3000,0,54,451,505,0.19237787678139284,0.10499999999999998,0.6095820000045933,0,0,51,0.2962962962962963,0.35185185185185186,0.7508098483085632
PU-F,5,0.4,0.0,100,100,3000,0,104,455,559,0.21139436279190704,0.10880000000000001,1.2779967499664053,0,0,101,0.25961538461538464,0.33653846153846156,0.7604231238365173
PU-F,5,0.4,0.0,200,200,3000,0,204,233,437,0.16829134989529848,0.05910000000000004,2.518483124964405,0,1,201,0.20098039215686275,0.27941176470588236,0.43427562713623047
PU-G,5,0.4,0.0,50,50,3000,0,54,442,496,0.18919934157747775,0.11819999999999997,0.4891530830063857,0,0,51,0.2962962962962963,0.37037037037037035,0.698473334312439
PU-G,5,0.4,0.0,100,100,3000,0,104,352,456,0.17503842012956738,0.08360000000000001,1.1320584999630228,0,0,101,0.25961538461538464,0.33653846153846156,0.7276212573051453
PU-G,5,0.4,0.0,200,200,3000,0,204,292,496,0.18919934157747775,0.06640000000000001,2.4059985419735312,0,1,201,0.2107843137254902,0.29901960784313725,0.4991137981414795
MaxLoss,6,0.0,0.0,50,50,3000,0,54,23,77,0.03581643110373989,0.016800000000000037,0.1440089590032585,0,0,51,0.0,0.37037037037037035,0.860320508480072
MaxLoss,6,0.0,0.0,100,88,3000,0,92,0,92,0.041701713809743524,0.013000000000000012,0.24962637497810647,1,0,89,0.0,0.21739130434782608,0.8276789784431458
MaxLoss,6,0.0,0.0,200,88,3000,0,92,0,92,0.041701713809743524,0.013000000000000012,0.25180158397415653,1,0,89,0.0,0.21739130434782608,0.8276789784431458
PU-C,6,0.0,0.0,50,50,3000,0,54,119,173,0.0725245603825897,0.03610000000000002,0.092534874973353,0,0,51,0.0,0.3333333333333333,0.8593124151229858
PU-C,6,0.0,0.0,100,100,3000,0,104,34,138,0.059359475679229945,0.021199999999999997,0.17864141700556502,0,0,101,0.0,0.22115384615384615,0.8631044030189514
PU-C,6,0.0,0.0,200,111,3000,0,115,0,115,0.05059218790847808,0.01739999999999997,0.19918845797656104,1,0,112,0.0,0.21739130434782608,0.8623723387718201
PU-F,6,0.0,0.0,50,50,3000,0,54,72,126,0.05479860055493191,0.03080000000000005,0.19092091696802527,0,0,51,0.0,0.3333333333333333,0.8229169845581055
PU-F,6,0.0,0.0,100,100,3000,0,104,23,127,0.055179738090373576,0.020100000000000007,0.3099138329853304,0,0,101,0.0,0.21153846153846154,0.7855918407440186
PU-F,6,0.0,0.0,200,130,3000,0,134,0,134,0.0578422054531984,0.006700000000000039,0.3749281669734046,1,0,131,0.0,0.2462686567164179,0.7825992107391357
PU-G,6,0.0,0.0,50,50,3000,0,54,145,199,0.08219695603474975,0.036699999999999955,0.2074527080403641,0,0,51,0.0,0.18518518518518517,0.7362277507781982
PU-G,6,0.0,0.0,100,100,3000,0,104,62,166,0.06990600907010958,0.022199999999999998,0.3362119169905782,0,0,101,0.0,0.2692307692307692,0.7550849318504333
PU-G,6,0.0,0.0,200,148,3000,0,152,0,152,0.06464810745092109,0.0047000000000000375,0.4425908750272356,1,0,149,0.0,0.2631578947368421,0.6426711678504944
MaxLoss,6,0.1,0.0,50,50,3000,0,54,317,371,0.14473837532568723,0.08340000000000003,0.1257996250060387,0,0,51,0.35185185185185186,0.35185185185185186,0.8745198845863342
MaxLoss,6,0.1,0.0,100,100,3000,0,104,241,345,0.13540464267134666,0.07150000000000001,0.254814375017304,0,0,101,0.28846153846153844,0.3557692307692308,0.843572199344635
MaxLoss,6,0.1,0.0,200,186,3000,0,190,0,190,0.07885782525409013,0.011399999999999966,0.3916707090102136,1,0,187,0.21052631578947367,0.3157894736842105,0.5663975477218628
PU-C,6,0.1,0.0,50,50,3000,0,54,146,200,0.08256741875084117,0.042200000000000015,0.2648307500057854,0,0,51,0.25925925925925924,0.25925925925925924,0.8039159178733826
PU-C,6,0.1,0.0,100,100,3000,0,104,239,343,0.13468522898619995,0.07069999999999999,0.45015041599981487,0,0,101,0.21153846153846154,0.2980769230769231,0.80107581615448
PU-C,6,0.1,0.0,200,199,3000,0,203,0,203,0.08367816428653896,0.013299999999999979,0.9123582080355845,1,0,200,0.19704433497536947,0.3103448275862069,0.6071195006370544
PU-F,6,0.1,0.0,50,50,3000,0,54,318,372,0.14509669656399637,0.08779999999999999,0.39883658301550895,0,0,51,0.25925925925925924,0.2962962962962963,0.7161077260971069
PU-F,6,0.1,0.0,100,100,3000,0,104,193,297,0.11807666375534609,0.057599999999999985,0.644149457977619,0,0,101,0.1346153846153846,0.2403846153846154,0.6712931990623474
PU-F,6,0.1,0.0,200,200,3000,0,204,29,233,0.09473627130500972,0.01859999999999995,1.1901789999683388,0,1,201,0.14705882352941177,0.27941176470588236,0.5374926924705505
PU-G,6,0.1,0.0,50,50,3000,0,54,149,203,0.08367816428653896,0.03380000000000005,0.36009883298538625,0,0,51,0.037037037037037035,0.2037037037037037,0.7143922448158264
PU-G,6,0.1,0.0,100,100,3000,0,104,73,177,0.07401796954218298,0.01090000000000002,0.5025225830031559,0,0,101,0.019230769230769232,0.2692307692307692,0.6773157715797424
PU-G,6,0.1,0.0,200,200,3000,0,204,27,231,0.09400168218417093,0.0034999999999999476,0.7606799170025624,0,1,201,0.06372549019607843,0.27450980392156865,0.46927177906036377
MaxLoss,6,0.2,0.0,50,50,3000,0,54,332,386,0.15010823006741703,0.06889999999999996,0.14122270798543468,0,0,51,0.37037037037037035,0.37037037037037035,0.6901944279670715
MaxLoss,6,0.2,0.0,100,100,3000,0,104,351,455,0.1746836540987715,0.08120000000000005,0.2699786659795791,0,0,101,0.3076923076923077,0.3173076923076923,0.7014802694320679
MaxLoss,6,0.2,0.0,200,200,3000,0,204,282,486,0.18566440959693864,0.09289999999999998,0.43167987500783056,0,1,201,0.20588235294117646,0.28921568627450983,0.4278576970100403
PU-C,6,0.2,0.0,50,50,3000,0,54,543,597,0.22472389962058514,0.16459999999999997,0.251673708029557,0,0,51,0.35185185185185186,0.35185185185185186,0.824630856513977
PU-C,6,0.2,0.0,100,100,3000,0,104,474,578,0.21806428756099194,0.15000000000000002,0.480560666997917,0,0,101,0.28846153846153844,0.3076923076923077,0.7824063301086426
PU-C,6,0.2,0.0,200,200,3000,0,204,264,468,0.17929271882167086,0.05879999999999996,1.0702102920040488,0,1,201,0.2107843137254902,0.3235294117647059,0.831794023513794
PU-F,6,0.2,0.0,50,50,3000,0,54,585,639,0.23941028682747856,0.136,0.6032795410137624,0,0,51,0.46296296296296297,0.46296296296296297,0.7887944579124451
PU-F,6,0.2,0.0,100,100,3000,0,104,428,532,0.20189754257444292,0.09789999999999999,1.2762336250161752,0,0,101,0.25,0.25961538461538464,0.7972179651260376
PU-F,6,0.2,0.0,200,200,3000,0,204,149,353,0.13828020473010838,0.0464,2.638545833004173,0,1,201,0.19607843137254902,0.27450980392156865,0.48187580704689026
PU-G,6,0.2,0.0,50,50,3000,0,54,389,443,0.17042350576957688,0.1179,0.41107858304167166,0,0,51,0.42592592592592593,0.48148148148148145,0.8178101778030396
PU-G,6,0.2,0.0,100,100,3000,0,104,438,542,0.20541747816605493,0.13839999999999997,1.0759117910056375,0,0,101,0.3076923076923077,0.40384615384615385,0.8235458731651306
PU-G,6,0.2,0.0,200,200,3000,0,204,185,389,0.15118094795616344,0.0625,2.306796332995873,0,1,201,0.20588235294117646,0.3235294117647059,0.5354527831077576
MaxLoss,6,0.3,0.0,50,50,3000,0,54,532,586,0.22086957044666633,0.13329999999999997,0.1803439169889316,0,0,51,0.3148148148148148,0.3333333333333333,0.6836833357810974
MaxLoss,6,0.3,0.0,100,100,3000,0,104,465,569,0.21490615798393264,0.13029999999999997,0.2751178339822218,0,0,101,0.3557692307692308,0.41346153846153844,0.6709531545639038
MaxLoss,6,0.3,0.0,200,200,3000,0,204,242,446,0.17148905905196443,0.06989999999999996,0.4354828749783337,0,1,201,0.2696078431372549,0.4019607843137255,0.41824886202812195
PU-C,6,0.3,0.0,50,50,3000,0,54,582,636,0.23836279823444784,0.15339999999999998,0.23784583405358717,0,0,51,0.37037037037037035,0.3888888888888889,0.7966067790985107
PU-C,6,0.3,0.0,100,100,3000,0,104,522,626,0.23486948752542958,0.14149999999999996,0.4742375840432942,0,0,101,0.3269230769230769,0.41346153846153844,0.8325371146202087
PU-C,6,0.3,0.0,200,200,3000,0,204,167,371,0.14473837532568723,0.04190000000000005,1.009746375028044,0,1,201,0.25980392156862747,0.37745098039215685,0.5275557637214661
PU-F,6,0.3,0.0,50,50,3000,0,54,339,393,0.15261060395278037,0.08009999999999995,0.44843029201729223,0,0,51,0.3333333333333333,0.3888888888888889,0.6537150144577026
PU-F,6,0.3,0.0,100,100,3000,0,104,247,351,0.1375616251025349,0.06940000000000002,0.9806688749813475,0,0,101,0.3076923076923077,0.40384615384615385,0.6255002021789551
PU-F,6,0.3,0.0,200,200,3000,0,204,187,391,0.1518958661472425,0.058499999999999996,2.0752007919945754,0,1,201,0.29411764705882354,0.4019607843137255,0.4642540216445923
PU-G,6,0.3,0.0,50,50,3000,0,54,562,616,0.23137355543440208,0.14380000000000004,0.47959816601360217,0,0,51,0.42592592592592593,0.5,0.8159600496292114
PU-G,6,0.3,0.0,100,100,3000,0,104,454,558,0.2110430212924257,0.11419999999999997,1.087312916002702,0,0,101,0.33653846153846156,0.5,0.7852782011032104
PU-G,6,0.3,0.0,200,200,3000,0,204,207,411,0.15903530979994684,0.06230000000000002,2.3632020000368357,0,1,201,0.27450980392156865,0.43137254901960786,0.5740272402763367
MaxLoss,6,0.4,0.0,50,50,3000,0,54,414,468,0.17929271882167086,0.10270000000000001,0.13047579198610038,0,0,51,0.37037037037037035,0.37037037037037035,0.6364550590515137
MaxLoss,6,0.4,0.0,100,100,3000,0,104,434,538,0.2040098755969666,0.11919999999999997,0.2576308340067044,0,0,101,0.2980769230769231,0.375,0.6839529275894165
MaxLoss,6,0.4,0.0,200,200,3000,0,204,191,395,0.1533251625369303,0.04469999999999996,0.4183784169727005,0,1,201,0.31862745098039214,0.4068627450980392,0.4651666283607483
PU-C,6,0.4,0.0,50,50,3000,0,54,582,636,0.23836279823444784,0.15449999999999997,0.26162212499184534,0,0,51,0.3333333333333333,0.3333333333333333,0.7600524425506592
PU-C,6,0.4,0.0,100,100,3000,0,104,506,610,0.22927471931325272,0.13660000000000005,0.4845379999605939,0,0,101,0.28846153846153844,0.375,0.8132381439208984
PU-C,6,0.4,0.0,200,200,3000,0,204,295,499,0.19025915587553754,0.08289999999999997,1.0433762079919688,0,1,201,0.27450980392156865,0.3627450980392157,0.3577375113964081
PU-F,6,0.4,0.0,50,50,3000,0,54,493,547,0.20717629184946418,0.12270000000000003,0.5903290419955738,0,0,51,0.35185185185185186,0.35185185185185186,0.7149986624717712
PU-F,6,0.4,0.0,100,100,3000,0,104,470,574,0.21666096238186583,0.11780000000000002,1.2345832079881802,0,0,101,0.27884615384615385,0.3173076923076923,0.6949103474617004
PU-F,6,0.4,0.0,200,200,3000,0,204,269,473,0.1810637908638455,0.06110000000000004,2.4714527080068365,0,1,201,0.22549019607843138,0.2696078431372549,0.48643290996551514
PU-G,6,0.4,0.0,50,50,3000,0,54,432,486,0.18566440959693864,0.10340000000000005,0.4540144160273485,0,0,51,0.3333333333333333,0.35185185185185186,0.7368836998939514
PU-G,6,0.4,0.0,100,100,3000,0,104,375,479,0.18318789481418207,0.09709999999999996,1.1307112500071526,0,0,101,0.3173076923076923,0.375,0.7374842166900635
PU-G,6,0.4,0.0,200,200,3000,0,204,294,498,0.18990591826150194,0.061799999999999966,2.4763287079986185,0,1,201,0.3235294117647059,0.43137254901960786,0.6843794584274292
MaxLoss,7,0.0,0.0,50,50,3000,0,54,67,121,0.05288982600905001,0.03490000000000004,0.16741804097546265,0,0,51,0.0,0.09259259259259259,0.8800280094146729
MaxLoss,7,0.0,0.0,100,100,3000,0,104,9,113,0.04982449556700885,0.022399999999999975,0.27102358295815066,0,0,101,0.0,0.15384615384615385,0.8762322664260864
MaxLoss,7,0.0,0.0,200,108,3000,0,112,0,112,0.04944029700709507,0.02090000000000003,0.28376920794835314,1,0,109,0.0,0.15178571428571427,0.8714589476585388
PU-C,7,0.0,0.0,50,50,3000,0,54,119,173,0.0725245603825897,0.043300000000000005,0.09522087499499321,0,0,51,0.0,0.037037037037037035,0.8449152708053589
PU-C,7,0.0,0.0,100,100,3000,0,104,7,111,0.049055859562940896,0.018199999999999994,0.1849385829991661,0,0,101,0.0,0.16346153846153846,0.8316417932510376
PU-C,7,0.0,0.0,200,104,3000,0,108,0,108,0.04790108359884471,0.014900000000000024,0.19407883298117667,1,0,105,0.0,0.16666666666666666,0.8295556902885437
PU-F,7,0.0,0.0,50,50,3000,0,54,65,119,0.052124831709079444,0.023700000000000054,0.16638424998382106,0,0,51,0.0,0.12962962962962962,0.8002351522445679
PU-F,7,0.0,0.0,100,100,3000,0,104,17,121,0.05288982600905001,0.01649999999999996,0.26408929197350517,0,0,101,0.0,0.22115384615384615,0.8410415649414062
PU-F,7,0.0,0.0,200,117,3000,0,121,0,121,0.05288982600905001,0.019100000000000006,0.29633024998474866,1,0,118,0.0,0.19008264462809918,0.8384005427360535
PU-G,7,0.0,0.0,50,50,3000,0,54,50,104,0.04635784780839458,0.023900000000000032,0.15693329100031406,0,0,51,0.0,0.2222222222222222,0.7008755207061768
PU-G,7,0.0,0.0,100,100,3000,0,104,17,121,0.05288982600905001,0.010499999999999954,0.2618337500025518,0,0,101,0.0,0.19230769230769232,0.6939569711685181
PU-G,7,0.0,0.0,200,136,3000,0,140,0,140,0.06011703115655109,0.005800000000000027,0.33618308301083744,1,0,137,0.0,0.16428571428571428,0.6788807511329651
MaxLoss,7,0.1,0.0,50,50,3000,0,54,337,391,0.1518958661472425,0.10350000000000004,0.08607866696547717,0,0,51,0.07407407407407407,0.07407407407407407,0.7658083438873291
MaxLoss,7,0.1,0.0,100,100,3000,0,104,190,294,0.11698907450772822,0.07169999999999999,0.17245129199000075,0,0,101,0.14423076923076922,0.16346153846153846,0.6708223819732666
MaxLoss,7,0.1,0.0,200,169,3000,0,173,0,173,0.0725245603825897,0.0121,0.29535633395425975,1,0,170,0.17341040462427745,0.2774566473988439,0.4961142838001251
PU-C,7,0.1,0.0,50,50,3000,0,54,378,432,0.16651347110746428,0.08340000000000003,0.20091195800341666,0,0,51,0.14814814814814814,0.14814814814814814,0.774515688419342
PU-C,7,0.1,0.0,100,100,3000,0,104,289,393,0.15261060395278037,0.06669999999999998,0.39638404099969193,0,0,101,0.16346153846153846,0.25,0.785313606262207
PU-C,7,0.1,0.0,200,185,3000,0,189,0,189,0.07848624465987086,0.01090000000000002,0.80465062498115,1,0,186,0.15873015873015872,0.3439153439153439,0.664152204990387
PU-F,7,0.1,0.0,50,50,3000,0,54,429,483,0.1846032562898472,0.08389999999999997,0.43882408301578835,0,0,51,0.2037037037037037,0.2037037037037037,0.7343985438346863
PU-F,7,0.1,0.0,100,100,3000,0,104,274,378,0.14724562253104523,0.06140000000000001,0.9008112080045976,0,0,101,0.17307692307692307,0.27884615384615385,0.7505294680595398
PU-F,7,0.1,0.0,200,199,3000,0,203,0,203,0.08367816428653896,0.005700000000000038,1.603445916029159,1,0,200,0.16748768472906403,0.32019704433497537,0.5963065028190613
PU-G,7,0.1,0.0,50,50,3000,0,54,247,301,0.11952589091379195,0.04859999999999998,0.39069741702405736,0,0,51,0.09259259259259259,0.2037037037037037,0.7716790437698364
PU-G,7,0.1,0.0,100,100,3000,0,104,166,270,0.10826673812698573,0.03849999999999998,0.5841216249973513,0,0,101,0.125,0.38461538461538464,0.7774312496185303
PU-G,7,0.1,0.0,200,200,3000,0,204,68,272,0.10899512481410056,0.023800000000000043,1.226613249978982,0,1,201,0.10784313725490197,0.3137254901960784,0.5755863785743713
MaxLoss,7,0.2,0.0,50,50,3000,0,54,566,620,0.23277224571211264,0.13039999999999996,0.20312533300602809,0,0,51,0.12962962962962962,0.2037037037037037,0.7851762175559998
MaxLoss,7,0.2,0.0,100,100,3000,0,104,499,603,0.2268248504260555,0.125,0.28101333300583065,0,0,101,0.2403846153846154,0.3557692307692308,0.7595329284667969
MaxLoss,7,0.2,0.0,200,200,3000,0,204,193,397,0.15403954300563782,0.059799999999999964,0.4416767500224523,0,1,201,0.2549019607843137,0.37745098039215685,0.41126346588134766
PU-C,7,0.2,0.0,50,50,3000,0,54,345,399,0.15475374640664086,0.0897,0.21444629097823054,0,0,51,0.16666666666666666,0.2777777777777778,0.8232836723327637
PU-C,7,0.2,0.0,100,100,3000,0,104,164,268,0.10753806261345744,0.044499999999999984,0.43966324999928474,0,0,101,0.25,0.3076923076923077,0.8476354479789734
PU-C,7,0.2,0.0,200,200,3000,0,204,182,386,0.15010823006741703,0.051100000000000034,0.9467624579556286,0,1,201,0.2549019607843137,0.35294117647058826,0.5164780020713806
PU-F,7,0.2,0.0,50,50,3000,0,54,319,373,0.14545496983919293,0.07689999999999997,0.4768250830238685,0,0,51,0.2037037037037037,0.25925925925925924,0.7702935338020325
PU-F,7,0.2,0.0,100,100,3000,0,104,173,277,0.11081484594615176,0.04920000000000002,1.0194400410400704,0,0,101,0.2403846153846154,0.3173076923076923,0.7594255805015564
PU-F,7,0.2,0.0,200,200,3000,0,204,110,314,0.1242290364461951,0.03210000000000002,1.9485715830232948,0,1,201,0.2107843137254902,0.3137254901960784,0.5467463135719299
PU-G,7,0.2,0.0,50,50,3000,0,54,455,509,0.1937896916642785,0.10499999999999998,0.4411206250078976,0,0,51,0.46296296296296297,0.5,0.8262830376625061
PU-G,7,0.2,0.0,100,100,3000,0,104,389,493,0.1881392219220288,0.09240000000000004,1.034108916996047,0,0,101,0.33653846153846156,0.4326923076923077,0.7895805239677429
PU-G,7,0.2,0.0,200,200,3000,0,204,321,525,0.19943172798957676,0.0797,2.273112958006095,0,1,201,0.2107843137254902,0.3872549019607843,0.6425000429153442
MaxLoss,7,0.3,0.0,50,50,3000,0,54,539,593,0.22332271496998146,0.133,0.15493283298565075,0,0,51,0.37037037037037035,0.4074074074074074,0.674369215965271
MaxLoss,7,0.3,0.0,100,100,3000,0,104,518,622,0.23347143176943064,0.12470000000000003,0.2676159580005333,0,0,101,0.38461538461538464,0.40384615384615385,0.7035791277885437
MaxLoss,7,0.3,0.0,200,200,3000,0,204,215,419,0.1618862779578194,0.049900000000000055,0.4260365830268711,0,1,201,0.29901960784313725,0.3480392156862745,0.6665388345718384
PU-C,7,0.3,0.0,50,50,3000,0,54,477,531,0.20154537784401327,0.09530000000000005,0.23876795900287107,0,0,51,0.37037037037037035,0.4074074074074074,0.6886371374130249
PU-C,7,0.3,0.0,100,100,3000,0,104,429,533,0.202249675989151,0.08520000000000005,0.4551757499575615,0,0,101,0.375,0.3942307692307692,0.6789711117744446
PU-C,7,0.3,0.0,200,200,3000,0,204,181,385,0.1497505659935996,0.05179999999999996,1.0006190839922056,0,1,201,0.30392156862745096,0.3333333333333333,0.5397962331771851
PU-F,7,0.3,0.0,50,50,3000,0,54,404,458,0.17574783985037357,0.07579999999999998,0.5291599580086768,0,0,51,0.48148148148148145,0.5555555555555556,0.6718142032623291
PU-F,7,0.3,0.0,100,100,3000,0,104,404,508,0.19343678752193227,0.08609999999999995,1.1921127500245348,0,0,101,0.2980769230769231,0.33653846153846156,0.618736207485199
PU-F,7,0.3,0.0,200,200,3000,0,204,232,436,0.16793585335835814,0.04390000000000005,2.3487258329987526,0,1,201,0.3088235294117647,0.3382352941176471,0.4540879726409912
PU-G,7,0.3,0.0,50,50,3000,0,54,550,604,0.22717491316143423,0.12060000000000004,0.4934670000220649,0,0,51,0.2962962962962963,0.46296296296296297,0.7654101848602295
PU-G,7,0.3,0.0,100,100,3000,0,104,445,549,0.20787960436427966,0.09599999999999997,1.0674113749992102,0,0,101,0.2692307692307692,0.4326923076923077,0.7605991959571838
PU-G,7,0.3,0.0,200,200,3000,0,204,180,384,0.1493928559939377,0.03520000000000001,2.106700374977663,0,1,201,0.20588235294117646,0.3333333333333333,0.4818570613861084
MaxLoss,7,0.4,0.0,50,50,3000,0,54,530,584,0.2201684195897542,0.14249999999999996,0.14029254100751132,0,0,51,0.25925925925925924,0.2777777777777778,0.8249627947807312
MaxLoss,7,0.4,0.0,100,100,3000,0,104,392,496,0.18919934157747775,0.09999999999999998,0.2561072910320945,0,0,101,0.28846153846153844,0.3557692307692308,0.8392429947853088
MaxLoss,7,0.4,0.0,200,200,3000,0,204,195,399,0.15475374640664086,0.05579999999999996,0.41680537501815706,0,1,201,0.25,0.36764705882352944,0.47134944796562195
PU-C,7,0.4,0.0,50,50,3000,0,54,596,650,0.24324911163421348,0.15880000000000005,0.24481562501750886,0,0,51,0.3333333333333333,0.37037037037037035,0.8183842897415161
PU-C,7,0.4,0.0,100,100,3000,0,104,549,653,0.24429553234949708,0.15080000000000005,0.4778901659883559,0,0,101,0.3173076923076923,0.3557692307692308,0.8564631938934326
PU-C,7,0.4,0.0,200,200,3000,0,204,301,505,0.19237787678139284,0.09289999999999998,1.001291583001148,0,1,201,0.3137254901960784,0.4068627450980392,0.41641414165496826
PU-F,7,0.4,0.0,50,50,3000,0,54,485,539,0.20436182245612144,0.12290000000000001,0.5714086249936372,0,0,51,0.2962962962962963,0.37037037037037035,0.7586889266967773
PU-F,7,0.4,0.0,100,100,3000,0,104,309,413,0.15974830387858674,0.07450000000000001,1.2149008329724893,0,0,101,0.25,0.2980769230769231,0.722684383392334
PU-F,7,0.4,0.0,200,200,3000,0,204,231,435,0.16758031729841605,0.056400000000000006,2.3595582909765653,0,1,201,0.20098039215686275,0.3137254901960784,0.495076447725296
PU-G,7,0.4,0.0,50,50,3000,0,54,358,412,0.15939182799775153,0.06640000000000001,0.4595328330178745,0,0,51,0.24074074074074073,0.42592592592592593,0.7291174530982971
PU-G,7,0.4,0.0,100,100,3000,0,104,342,446,0.17148905905196443,0.07210000000000005,1.0039171249954961,0,0,101,0.33653846153846156,0.46153846153846156,0.7706735730171204
PU-G,7,0.4,0.0,200,200,3000,0,204,142,346,0.13576427032239735,0.02629999999999999,2.0995297500048764,0,1,201,0.23529411764705882,0.37254901960784315,0.5768117308616638
MaxLoss,8,0.0,0.0,50,50,3000,0,54,114,168,0.0706548429443501,0.04169999999999996,0.17599799996241927,0,0,51,0.0,0.09259259259259259,0.8603397607803345
MaxLoss,8,0.0,0.0,100,100,3000,0,104,8,112,0.04944029700709507,0.0232,0.26704599999357015,0,0,101,0.0,0.0673076923076923,0.8723248243331909
MaxLoss,8,0.0,0.0,200,108,3000,0,112,0,112,0.04944029700709507,0.01959999999999995,0.2803110840031877,1,0,109,0.0,0.0625,0.8690922856330872
PU-C,8,0.0,0.0,50,50,3000,0,54,80,134,0.0578422054531984,0.03539999999999999,0.0953741249977611,0,0,51,0.0,0.07407407407407407,0.8035646677017212
PU-C,8,0.0,0.0,100,98,3000,0,102,0,102,0.0455846541444771,0.019399999999999973,0.17831454199040309,1,0,99,0.0,0.049019607843137254,0.8123669028282166
PU-C,8,0.0,0.0,200,98,3000,0,102,0,102,0.0455846541444771,0.019399999999999973,0.18071520800003782,1,0,99,0.0,0.049019607843137254,0.8123669028282166
PU-F,8,0.0,0.0,50,50,3000,0,54,121,175,0.07327152288053185,0.035499999999999976,0.19476570800179616,0,0,51,0.0,0.05555555555555555,0.7958365678787231
PU-F,8,0.0,0.0,100,100,3000,0,104,15,119,0.052124831709079444,0.012499999999999956,0.30717479198938236,0,0,101,0.0,0.08653846153846154,0.8401457667350769
PU-F,8,0.0,0.0,200,122,3000,0,126,0,126,0.05479860055493191,0.011600000000000055,0.35023112496128306,1,0,123,0.0,0.0873015873015873,0.832744836807251
PU-G,8,0.0,0.0,50,50,3000,0,54,55,109,0.048286255972925574,0.019499999999999962,0.18854025000473484,0,0,51,0.0,0.07407407407407407,0.77253258228302
PU-G,8,0.0,0.0,100,89,3000,0,93,0,93,0.04209134931443259,0.009700000000000042,0.27202116698026657,1,0,90,0.0,0.0967741935483871,0.7814072370529175
PU-G,8,0.0,0.0,200,89,3000,0,93,0,93,0.04209134931443259,0.009700000000000042,0.27422583400039,1,0,90,0.0,0.0967741935483871,0.7814072370529175
MaxLoss,8,0.1,0.0,50,50,3000,0,54,236,290,0.11553804914001375,0.060899999999999954,0.06927637499757111,0,0,51,0.14814814814814814,0.16666666666666666,0.6827801465988159
MaxLoss,8,0.1,0.0,100,100,3000,0,104,90,194,0.08034300222061574,0.032299999999999995,0.13704637496266514,0,0,101,0.25961538461538464,0.2692307692307692,0.7342397570610046
MaxLoss,8,0.1,0.0,200,186,3000,0,190,0,190,0.07885782525409013,0.0048000000000000265,0.2729647909873165,1,0,187,0.21052631578947367,0.33157894736842103,0.5447531938552856
PU-C,8,0.1,0.0,50,50,3000,0,54,142,196,0.08108491473831236,0.044300000000000006,0.21089425001991913,0,0,51,0.2222222222222222,0.24074074074074073,0.7272435426712036
PU-C,8,0.1,0.0,100,100,3000,0,104,71,175,0.07327152288053185,0.027000000000000024,0.4127198330243118,0,0,101,0.25,0.27884615384615385,0.7488031983375549
PU-C,8,0.1,0.0,200,185,3000,0,189,0,189,0.07848624465987086,0.008600000000000052,0.8310261670267209,1,0,186,0.21164021164021163,0.35978835978835977,0.5152229070663452
PU-F,8,0.1,0.0,50,50,3000,0,54,317,371,0.14473837532568723,0.07609999999999995,0.40483033296186477,0,0,51,0.07407407407407407,0.2222222222222222,0.7378066182136536
PU-F,8,0.1,0.0,100,100,3000,0,104,224,328,0.12928274739533663,0.06130000000000002,0.6886413329630159,0,0,101,0.15384615384615385,0.3076923076923077,0.7195563316345215
PU-F,8,0.1,0.0,200,200,3000,0,204,23,227,0.09253143524983898,0.015000000000000013,1.4033843329525553,0,1,201,0.19117647058823528,0.31862745098039214,0.6584465503692627
PU-G,8,0.1,0.0,50,50,3000,0,54,92,146,0.062385546683799475,0.0262,0.387942458037287,0,0,51,0.2222222222222222,0.35185185185185186,0.7867807745933533
PU-G,8,0.1,0.0,100,100,3000,0,104,111,215,0.08811183564830571,0.03280000000000005,0.816746000025887,0,0,101,0.16346153846153846,0.3076923076923077,0.7999128103256226
PU-G,8,0.1,0.0,200,176,3000,0,180,0,180,0.0751366894110106,0.005800000000000027,1.357891749998089,1,0,177,0.2222222222222222,0.36666666666666664,0.6155065298080444
MaxLoss,8,0.2,0.0,50,50,3000,0,54,445,499,0.19025915587553754,0.121,0.1465467499801889,0,0,51,0.1111111111111111,0.2962962962962963,0.700124204158783
MaxLoss,8,0.2,0.0,100,100,3000,0,104,265,369,0.14402158837765455,0.08209999999999995,0.2622129169758409,0,0,101,0.14423076923076922,0.2692307692307692,0.6550672650337219
MaxLoss,8,0.2,0.0,200,200,3000,0,204,67,271,0.10863096738466993,0.028200000000000003,0.42363287502666935,0,1,201,0.2549019607843137,0.36764705882352944,0.45940762758255005
PU-C,8,0.2,0.0,50,50,3000,0,54,297,351,0.1375616251025349,0.07879999999999998,0.20114541705697775,0,0,51,0.07407407407407407,0.25925925925925924,0.8204017281532288
PU-C,8,0.2,0.0,100,100,3000,0,104,201,305,0.120974114688579,0.06259999999999999,0.427180209022481,0,0,101,0.25961538461538464,0.38461538461538464,0.765953540802002
PU-C,8,0.2,0.0,200,200,3000,0,204,36,240,0.09730459639104083,0.01880000000000004,0.9484622090240009,0,1,201,0.25980392156862747,0.3872549019607843,0.5383980870246887
PU-F,8,0.2,0.0,50,50,3000,0,54,287,341,0.1339656029595062,0.05920000000000003,0.3911662920145318,0,0,51,0.1111111111111111,0.16666666666666666,0.7133410573005676
PU-F,8,0.2,0.0,100,100,3000,0,104,227,331,0.13036423199810088,0.05159999999999998,0.7197370419744402,0,0,101,0.19230769230769232,0.375,0.7124068140983582
PU-F,8,0.2,0.0,200,200,3000,0,204,95,299,0.11880140384892002,0.03069999999999995,1.5632955000037327,0,1,201,0.23529411764705882,0.4215686274509804,0.5564773678779602
PU-G,8,0.2,0.0,50,50,3000,0,54,288,342,0.13432544260285795,0.0524,0.48166649998165667,0,0,51,0.14814814814814814,0.3148148148148148,0.7040095925331116
PU-G,8,0.2,0.0,100,100,3000,0,104,116,220,0.08995498600415885,0.0242,0.9738024160033092,0,0,101,0.125,0.3173076923076923,0.7516089081764221
PU-G,8,0.2,0.0,200,200,3000,0,204,67,271,0.10863096738466993,0.01980000000000004,1.7647664999822155,0,1,201,0.1323529411764706,0.3235294117647059,0.5964629054069519
MaxLoss,8,0.3,0.0,50,50,3000,0,54,581,635,0.2380135838757269,0.14190000000000003,0.14347704203100875,0,0,51,0.16666666666666666,0.16666666666666666,0.763485848903656
MaxLoss,8,0.3,0.0,100,100,3000,0,104,429,533,0.202249675989151,0.1069,0.26142645900836214,0,0,101,0.23076923076923078,0.25,0.7580804228782654
MaxLoss,8,0.3,0.0,200,200,3000,0,204,141,345,0.13540464267134666,0.038799999999999946,0.4229757090215571,0,1,201,0.25980392156862747,0.29411764705882354,0.5253831148147583
PU-C,8,0.3,0.0,50,50,3000,0,54,574,628,0.2355683579808101,0.13690000000000002,0.254185541998595,0,0,51,0.18518518518518517,0.18518518518518517,0.7703313827514648
PU-C,8,0.3,0.0,100,100,3000,0,104,447,551,0.20858279598178342,0.1078,0.49455200001830235,0,0,101,0.23076923076923078,0.2692307692307692,0.7582634091377258
PU-C,8,0.3,0.0,200,200,3000,0,204,110,314,0.1242290364461951,0.024800000000000044,0.9919669579830952,0,1,201,0.25980392156862747,0.3137254901960784,0.5137150287628174
PU-F,8,0.3,0.0,50,50,3000,0,54,388,442,0.17006824392592534,0.08899999999999997,0.4716468339902349,0,0,51,0.3148148148148148,0.3148148148148148,0.8083965182304382
PU-F,8,0.3,0.0,100,100,3000,0,104,356,460,0.17645711061777547,0.08189999999999997,1.0118319999892265,0,0,101,0.28846153846153844,0.3173076923076923,0.814465343952179
PU-F,8,0.3,0.0,200,200,3000,0,204,250,454,0.174328850582242,0.0675,2.1949460839969106,0,1,201,0.2107843137254902,0.25980392156862747,0.585218071937561
PU-G,8,0.3,0.0,50,50,3000,0,54,218,272,0.10899512481410056,0.062100000000000044,0.3921748329885304,0,0,51,0.2222222222222222,0.25925925925925924,0.7382990121841431
PU-G,8,0.3,0.0,100,100,3000,0,104,227,331,0.13036423199810088,0.07240000000000002,0.8462339580291882,0,0,101,0.3269230769230769,0.4230769230769231,0.7854554653167725
PU-G,8,0.3,0.0,200,200,3000,0,204,173,377,0.14688758662668988,0.0524,1.8330849169869907,0,1,201,0.2549019607843137,0.38235294117647056,0.5485247373580933
MaxLoss,8,0.4,0.0,50,50,3000,0,54,599,653,0.24429553234949708,0.1723,0.1805567080155015,0,0,51,0.37037037037037035,0.4074074074074074,0.80955570936203
MaxLoss,8,0.4,0.0,100,100,3000,0,104,509,613,0.2303242579801008,0.14470000000000005,0.2789174159988761,0,0,101,0.33653846153846156,0.46153846153846156,0.8163371682167053
MaxLoss,8,0.4,0.0,200,200,3000,0,204,175,379,0.14760361140361056,0.04400000000000004,0.4399810829781927,0,1,201,0.31862745098039214,0.46568627450980393,0.5507029294967651
PU-C,8,0.4,0.0,50,50,3000,0,54,546,600,0.22577449848176911,0.15200000000000002,0.23544008302269503,0,0,51,0.2777777777777778,0.3148148148148148,0.7650526165962219
PU-C,8,0.4,0.0,100,100,3000,0,104,546,650,0.24324911163421348,0.16090000000000004,0.45502970804227516,0,0,101,0.27884615384615385,0.3557692307692308,0.7708948850631714
PU-C,8,0.4,0.0,200,200,3000,0,204,348,552,0.20893434656318277,0.10099999999999998,0.9615380420000292,0,1,201,0.29901960784313725,0.37745098039215685,0.37427449226379395
PU-F,8,0.4,0.0,50,50,3000,0,54,427,481,0.18389564589597285,0.09540000000000004,0.5571267500054091,0,0,51,0.18518518518518517,0.2222222222222222,0.6468161940574646
PU-F,8,0.4,0.0,100,100,3000,0,104,308,412,0.15939182799775153,0.06379999999999997,1.225148083991371,0,0,101,0.16346153846153846,0.3076923076923077,0.6472301483154297
PU-F,8,0.4,0.0,200,200,3000,0,204,276,480,0.1835417879628949,0.08109999999999995,2.437947541999165,0,1,201,0.22549019607843138,0.3627450980392157,0.5449703335762024
PU-G,8,0.4,0.0,50,50,3000,0,54,530,584,0.2201684195897542,0.14029999999999998,0.586777082993649,0,0,51,0.4074074074074074,0.42592592592592593,0.8090932965278625
PU-G,8,0.4,0.0,100,100,3000,0,104,436,540,0.204713738465216,0.11019999999999996,1.3208502079942264,0,0,101,0.22115384615384615,0.36538461538461536,0.7960584163665771
PU-G,8,0.4,0.0,200,200,3000,0,204,387,591,0.22262195614166558,0.09340000000000004,2.6058139160159044,0,1,201,0.19607843137254902,0.3480392156862745,0.47768932580947876
MaxLoss,9,0.0,0.0,50,50,3000,0,54,132,186,0.07737080269725993,0.05010000000000003,0.19004266703268513,0,0,51,0.0,0.018518518518518517,0.8525295853614807
MaxLoss,9,0.0,0.0,100,91,3000,0,95,0,95,0.04286969528766349,0.01870000000000005,0.2729390420136042,1,0,92,0.0,0.14736842105263157,0.8514805436134338
MaxLoss,9,0.0,0.0,200,91,3000,0,95,0,95,0.04286969528766349,0.01870000000000005,0.27530675003072247,1,0,92,0.0,0.14736842105263157,0.8514805436134338
PU-C,9,0.0,0.0,50,50,3000,0,54,135,189,0.07848624465987086,0.04359999999999997,0.09331554098753259,0,0,51,0.0,0.037037037037037035,0.8662095665931702
PU-C,9,0.0,0.0,100,100,3000,0,104,1,105,0.04674404545221478,0.02059999999999995,0.1800886660348624,0,0,101,0.0,0.125,0.8549150228500366
PU-C,9,0.0,0.0,200,102,3000,0,106,0,106,0.04712998168542981,0.020199999999999996,0.18587612500414252,1,0,103,0.0,0.1320754716981132,0.8535343408584595
PU-F,9,0.0,0.0,50,50,3000,0,54,122,176,0.07364481018157676,0.04630000000000001,0.20795854198513553,0,0,51,0.0,0.09259259259259259,0.7396119832992554
PU-F,9,0.0,0.0,100,100,3000,0,104,34,138,0.059359475679229945,0.02400000000000002,0.3238951669773087,0,0,101,0.0,0.11538461538461539,0.7599328756332397
PU-F,9,0.0,0.0,200,124,3000,0,128,0,128,0.05556067515863106,0.016800000000000037,0.37085449998266995,1,0,125,0.0,0.1171875,0.768386721611023
PU-G,9,0.0,0.0,50,50,3000,0,54,119,173,0.0725245603825897,0.038000000000000034,0.2312050000182353,0,0,51,0.0,0.12962962962962962,0.7328459024429321
PU-G,9,0.0,0.0,100,100,3000,0,104,21,125,0.05441726028220728,0.015900000000000025,0.35041812498820946,0,0,101,0.0,0.10576923076923077,0.7023186087608337
PU-G,9,0.0,0.0,200,146,3000,0,150,0,150,0.06389456166652963,0.0034999999999999476,0.4490349999978207,1,0,147,0.0,0.13333333333333333,0.611723005771637
MaxLoss,9,0.1,0.0,50,50,3000,0,54,142,196,0.08108491473831236,0.04920000000000002,0.12517266703071073,0,0,51,0.16666666666666666,0.16666666666666666,0.7358016967773438
MaxLoss,9,0.1,0.0,100,100,3000,0,104,34,138,0.059359475679229945,0.015700000000000047,0.2519657090306282,0,0,101,0.25961538461538464,0.25961538461538464,0.7352402806282043
MaxLoss,9,0.1,0.0,200,143,3000,0,147,0,147,0.06276304461061954,0.009299999999999975,0.31837420898955315,1,0,144,0.272108843537415,0.3197278911564626,0.6865893006324768
PU-C,9,0.1,0.0,50,50,3000,0,54,199,253,0.1020634958986193,0.05620000000000003,0.18199595797341317,0,0,51,0.16666666666666666,0.16666666666666666,0.8130232691764832
PU-C,9,0.1,0.0,100,100,3000,0,104,119,223,0.0910597353358753,0.04090000000000005,0.38636770797893405,0,0,101,0.28846153846153844,0.2980769230769231,0.8036438226699829
PU-C,9,0.1,0.0,200,190,3000,0,194,0,194,0.08034300222061574,0.006000000000000005,0.8122872079838999,1,0,191,0.20618556701030927,0.30412371134020616,0.6288549304008484
PU-F,9,0.1,0.0,50,50,3000,0,54,180,234,0.09510343405418098,0.05159999999999998,0.46092375001171604,0,0,51,0.16666666666666666,0.18518518518518517,0.7759212255477905
PU-F,9,0.1,0.0,100,100,3000,0,104,59,163,0.06878171575954184,0.019199999999999995,0.8747704579727724,0,0,101,0.19230769230769232,0.21153846153846154,0.7203162312507629
PU-F,9,0.1,0.0,200,198,3000,0,202,0,202,0.08330802217824385,0.0036000000000000476,1.4133855419931933,1,0,199,0.19801980198019803,0.297029702970297,0.5935454368591309
PU-G,9,0.1,0.0,50,50,3000,0,54,163,217,0.08884938451228663,0.03510000000000002,0.3370316249784082,0,0,51,0.037037037037037035,0.05555555555555555,0.7950488328933716
PU-G,9,0.1,0.0,100,100,3000,0,104,62,166,0.06990600907010958,0.01429999999999998,0.46874087501782924,0,0,101,0.028846153846153848,0.16346153846153846,0.7912403345108032
PU-G,9,0.1,0.0,200,200,3000,0,204,148,352,0.1379209405859001,0.03069999999999995,0.7744064169819467,0,1,201,0.1568627450980392,0.2647058823529412,0.5100440979003906
MaxLoss,9,0.2,0.0,50,50,3000,0,54,415,469,0.1796470055123791,0.10850000000000004,0.14515895798103884,0,0,51,0.2777777777777778,0.2777777777777778,0.726714015007019
MaxLoss,9,0.2,0.0,100,100,3000,0,104,192,296,0.11771419818978757,0.049000000000000044,0.2502235829597339,0,0,101,0.3076923076923077,0.3557692307692308,0.6263272762298584
MaxLoss,9,0.2,0.0,200,200,3000,0,204,258,462,0.17716623313026503,0.08950000000000002,0.4113124159630388,0,1,201,0.27941176470588236,0.38235294117647056,0.45801883935928345
PU-C,9,0.2,0.0,50,50,3000,0,54,595,649,0.24290025437949225,0.14980000000000004,0.21912004199111834,0,0,51,0.37037037037037035,0.37037037037037035,0.7663716077804565
PU-C,9,0.2,0.0,100,100,3000,0,104,484,588,0.22157060878816992,0.11939999999999995,0.4634234589757398,0,0,101,0.27884615384615385,0.36538461538461536,0.7826719880104065
PU-C,9,0.2,0.0,200,200,3000,0,204,249,453,0.1739740094053559,0.061899999999999955,1.020811791997403,0,1,201,0.25980392156862747,0.3627450980392157,0.4755156636238098
PU-F,9,0.2,0.0,50,50,3000,0,54,549,603,0.2268248504260555,0.1291,0.5718315420090221,0,0,51,0.3333333333333333,0.3333333333333333,0.7781726717948914
PU-F,9,0.2,0.0,100,100,3000,0,104,474,578,0.21806428756099194,0.1089,1.4177863330114633,0,0,101,0.2403846153846154,0.3269230769230769,0.7801539897918701
PU-F,9,0.2,0.0,200,200,3000,0,204,139,343,0.13468522898619995,0.03869999999999996,2.6161302920081653,0,1,201,0.22058823529411764,0.3431372549019608,0.48239395022392273
PU-G,9,0.2,0.0,50,50,3000,0,54,376,430,0.16580204077763483,0.09909999999999997,0.4002294999663718,0,0,51,0.3148148148148148,0.35185185185185186,0.8316296935081482
PU-G,9,0.2,0.0,100,100,3000,0,104,233,337,0.13252570759505033,0.05569999999999997,0.9363510829862207,0,0,101,0.2692307692307692,0.33653846153846156,0.8094058632850647
PU-G,9,0.2,0.0,200,200,3000,0,204,184,388,0.1508234209031798,0.0514,1.9241800410090946,0,1,201,0.2647058823529412,0.35294117647058826,0.7089094519615173
MaxLoss,9,0.3,0.0,50,50,3000,0,54,330,384,0.1493928559939377,0.06730000000000003,0.13997150002978742,0,0,51,0.37037037037037035,0.3888888888888889,0.7432342767715454
MaxLoss,9,0.3,0.0,100,100,3000,0,104,344,448,0.1721992355887778,0.07640000000000002,0.2502688330132514,0,0,101,0.3557692307692308,0.3942307692307692,0.8211130499839783
MaxLoss,9,0.3,0.0,200,200,3000,0,204,178,382,0.1486772975185886,0.04259999999999997,0.4119215829996392,0,1,201,0.3088235294117647,0.4019607843137255,0.4890192747116089
PU-C,9,0.3,0.0,50,50,3000,0,54,524,578,0.21806428756099194,0.12980000000000003,0.2559572500176728,0,0,51,0.2777777777777778,0.42592592592592593,0.8034557104110718
PU-C,9,0.3,0.0,100,100,3000,0,104,386,490,0.1870787946972996,0.09340000000000004,0.5258362499880604,0,0,101,0.2980769230769231,0.40384615384615385,0.8393464684486389
PU-C,9,0.3,0.0,200,200,3000,0,204,198,402,0.15582472208188847,0.05520000000000003,1.0570607080007903,0,1,201,0.2696078431372549,0.3627450980392157,0.46970707178115845
PU-F,9,0.3,0.0,50,50,3000,0,54,567,621,0.23312185192480683,0.15690000000000004,0.5601150000002235,0,0,51,0.3333333333333333,0.4074074074074074,0.7206020355224609
PU-F,9,0.3,0.0,100,100,3000,0,104,472,576,0.21736268227687106,0.1259,1.2077681249938905,0,0,101,0.28846153846153844,0.3557692307692308,0.7154873013496399
PU-F,9,0.3,0.0,200,200,3000,0,204,209,413,0.15974830387858674,0.06140000000000001,2.4061545000295155,0,1,201,0.2549019607843137,0.35294117647058826,0.6239660382270813
PU-G,9,0.3,0.0,50,50,3000,0,54,292,346,0.13576427032239735,0.08479999999999999,0.5128389169694856,0,0,51,0.2777777777777778,0.3333333333333333,0.7157924771308899
PU-G,9,0.3,0.0,100,100,3000,0,104,279,383,0.14903509989380836,0.06940000000000002,1.0751352080260403,0,0,101,0.19230769230769232,0.3076923076923077,0.7401059865951538
PU-G,9,0.3,0.0,200,200,3000,0,204,260,464,0.17787520814454183,0.0635,2.135960499988869,0,1,201,0.23039215686274508,0.36764705882352944,0.7222644686698914
MaxLoss,9,0.4,0.0,50,50,3000,0,54,554,608,0.22857489221496508,0.14690000000000003,0.14817145804408938,0,0,51,0.3888888888888889,0.42592592592592593,0.5828490853309631
MaxLoss,9,0.4,0.0,100,100,3000,0,104,441,545,0.20647285785526037,0.10619999999999996,0.26424208300886676,0,0,101,0.34615384615384615,0.38461538461538464,0.6554258465766907
MaxLoss,9,0.4,0.0,200,200,3000,0,204,245,449,0.17255426640622318,0.04630000000000001,0.4266607500030659,0,1,201,0.31862745098039214,0.3627450980392157,0.42219510674476624
PU-C,9,0.4,0.0,50,50,3000,0,54,549,603,0.2268248504260555,0.13770000000000004,0.2699942499748431,0,0,51,0.42592592592592593,0.4444444444444444,0.8498895764350891
PU-C,9,0.4,0.0,100,100,3000,0,104,526,630,0.23626712389523163,0.14,0.5362469999818131,0,0,101,0.38461538461538464,0.5,0.8645205497741699
PU-C,9,0.4,0.0,200,200,3000,0,204,311,515,0.1959064273396507,0.07399999999999995,1.0526167079806328,0,1,201,0.3235294117647059,0.4215686274509804,0.4625754654407501
PU-F,9,0.4,0.0,50,50,3000,0,54,551,605,0.22752494865562767,0.14359999999999995,0.6175239580334164,0,0,51,0.35185185185185186,0.37037037037037035,0.7860861420631409
PU-F,9,0.4,0.0,100,100,3000,0,104,490,594,0.22367305267835036,0.12470000000000003,1.3782725000055507,0,0,101,0.3269230769230769,0.4326923076923077,0.7947519421577454
PU-F,9,0.4,0.0,200,200,3000,0,204,350,554,0.20963735767873004,0.09250000000000003,2.714484792028088,0,1,201,0.29901960784313725,0.4117647058823529,0.5961899161338806
PU-G,9,0.4,0.0,50,50,3000,0,54,465,519,0.1973169335979037,0.10880000000000001,0.5282121250056662,0,0,51,0.42592592592592593,0.48148148148148145,0.7544580101966858
PU-G,9,0.4,0.0,100,100,3000,0,104,364,468,0.17929271882167086,0.08850000000000002,1.2002889169962145,0,0,101,0.38461538461538464,0.41346153846153844,0.7396572828292847
PU-G,9,0.4,0.0,200,200,3000,0,204,369,573,0.21631005924427882,0.09219999999999995,2.4990380000090227,0,1,201,0.2549019607843137,0.29901960784313725,0.5129328966140747
