method,dataset,seed,noise_rate,pretrain_fraction,n_cert,n_pretrain,compression_size,remaining_bad,effective_compression_size,certified_bound,test_error,pac_bayes_bound,pac_bayes_empirical_risk,pac_bayes_mc_upper,pac_bayes_kl,runtime_sec,stop_reached,train_calls,noise_hit_rate,duplicate_hit_rate,pairwise_feature_cosine
MaxLoss,mnist,0,0.0,0.0,5000,0,473,0,473,0.10919747682055458,0.04569999999999996,0.22744418270583305,0.0006419999999999914,0.05495042657403432,553.7117094950852,9.90796191105619,1,470,0.0,0.0,0.5752594470977783
PU-R,mnist,0,0.0,0.0,5000,0,710,0,710,0.15952845715219155,0.04179999999999995,0.2301622858093006,7.599999999999496e-05,0.05215056125614054,590.40822157974,49.03949217987247,1,707,0.0,0.0,0.5586332678794861
PU-C,mnist,0,0.0,0.0,5000,0,694,0,694,0.15615470585180447,0.04190000000000005,0.23015717412657127,6.39999999999974e-05,0.052074620562183434,591.0255363278301,13.049759325105697,1,691,0.0,0.0,0.5660433769226074
Marginal,mnist,0,0.0,0.0,5000,0,800,96,896,0.19854948372812942,0.048799999999999955,0.29586645624700453,0.01928199999999999,0.10054276795327749,550.1454580319247,12.500313984928653,0,797,0.0,0.0,0.5597633719444275
MaxLoss,mnist,0,0.1,0.0,5000,0,800,1058,1858,0.3964358026278205,0.3024,0.6549242473736365,0.209058,0.3586480043728741,899.4421303251595,11.21271226205863,0,797,0.345,0.0,0.5683859586715698
PU-R,mnist,0,0.1,0.0,5000,0,800,677,1477,0.3186949552036822,0.11119999999999997,0.5204685960477378,0.136038,0.27098558195093475,634.2460975736427,68.44207954616286,0,797,0.17,0.0,0.5582494139671326
PU-C,mnist,0,0.1,0.0,5000,0,800,618,1418,0.3065903061069548,0.10799999999999998,0.5017228717380018,0.12345800000000001,0.2550128508817947,627.025049293218,21.194583039963618,0,797,0.15625,0.0,0.5614519119262695
Marginal,mnist,0,0.1,0.0,5000,0,800,640,1440,0.31110612268093973,0.07330000000000003,0.49421734809327356,0.12812,0.26096895628107164,559.780380803152,13.386726567987353,0,797,0.095,0.0,0.5593655109405518
MaxLoss,mnist,0,0.2,0.0,5000,0,800,1436,2236,0.47290458995848894,0.3478,0.7269623119284876,0.28599,0.4442912317350506,872.3925372564306,10.96899376786314,0,797,0.39625,0.0,0.5701796412467957
PU-R,mnist,0,0.2,0.0,5000,0,800,1106,1906,0.40618102194275707,0.16990000000000005,0.6218010860368843,0.22085000000000005,0.37215827306295307,627.7135984056093,71.68683824897744,0,797,0.23875,0.0,0.5563666224479675
PU-C,mnist,0,0.2,0.0,5000,0,800,1219,2019,0.42908218054799363,0.19230000000000003,0.6462807281487284,0.24371800000000005,0.39793994492963697,627.8641424591411,25.811040594009683,0,797,0.26,0.0,0.5581604242324829
Marginal,mnist,0,0.2,0.0,5000,0,800,1409,2209,0.46746300981612876,0.2237,0.680511075323574,0.28177800000000003,0.43974325126274805,605.0238497882704,14.535130060045049,0,797,0.2075,0.0,0.5698628425598145
MaxLoss,mnist,0,0.3,0.0,5000,0,800,1635,2435,0.5129161986405961,0.40669999999999995,0.7616915841706565,0.32526200000000005,0.48600635660593,875.2276378915257,10.918580298079178,0,797,0.45125,0.0,0.5677666664123535
PU-R,mnist,0,0.3,0.0,5000,0,800,1729,2529,0.5317583275027573,0.30820000000000003,0.7406447238662592,0.34589400000000003,0.5074500314807263,611.9042247639534,75.99058745312504,0,797,0.33,0.0,0.5607664585113525
PU-C,mnist,0,0.3,0.0,5000,0,800,1610,2410,0.5078987543238327,0.2954,0.7231779443603115,0.321656,0.48222609555550167,635.6602531346631,27.530314840143546,0,797,0.36625,0.0,0.5562226176261902
Marginal,mnist,0,0.3,0.0,5000,0,800,1631,2431,0.5121135836816393,0.24139999999999995,0.7142973209852282,0.32631,0.48710316668298714,559.8622757786709,14.681277422001585,0,797,0.29875,0.0,0.5724042654037476
MaxLoss,mnist,0,0.4,0.0,5000,0,800,1803,2603,0.5465653736027889,0.47740000000000005,0.787419223254673,0.35856,0.5204620334020348,864.7484770581109,10.958308201050386,0,797,0.48125,0.0,0.5651212334632874
PU-R,mnist,0,0.4,0.0,5000,0,800,1925,2725,0.5709264397155493,0.3638,0.7761525392621554,0.38528,0.5475460518597371,628.501966545665,77.78032406489365,0,797,0.41,0.0,0.5533118844032288
PU-C,mnist,0,0.4,0.0,5000,0,800,1916,2716,0.5691314750001766,0.36219999999999997,0.7731329377256718,0.383684,0.5459419590789208,617.1905625316094,29.81215463904664,0,797,0.42,0.0,0.5703113079071045
Marginal,mnist,0,0.4,0.0,5000,0,800,2012,2812,0.5882598355528899,0.41090000000000004,0.7868609801476635,0.40257400000000004,0.5648189107130897,608.5770437028234,15.408579342067242,0,797,0.3775,0.0,0.5653281807899475
MaxLoss,mnist,1,0.0,0.0,5000,0,465,0,465,0.10748273663921282,0.044300000000000006,0.22777545106599514,0.0005859999999999898,0.05470697150502518,557.318007646481,6.474367104936391,1,462,0.0,0.0,0.5782468318939209
PU-R,mnist,1,0.0,0.0,5000,0,696,0,696,0.15657658921554685,0.04169999999999996,0.22921684823638938,0.00012999999999999346,0.05247337363649247,582.946641789442,46.85579555807635,1,693,0.0,0.0,0.568524956703186
PU-C,mnist,1,0.0,0.0,5000,0,687,0,687,0.15467773930868134,0.04079999999999995,0.22991951645497352,0.00014999999999999237,0.05258703511371194,585.5076894005059,12.781070090830326,1,684,0.0,0.0,0.5590628981590271
Marginal,mnist,1,0.0,0.0,5000,0,800,98,898,0.19896726467413828,0.04800000000000004,0.2970052041560499,0.01959999999999996,0.10115659146981265,551.4230168072729,12.139207917964086,0,797,0.0,0.0,0.5566045045852661
MaxLoss,mnist,1,0.1,0.0,5000,0,800,854,1654,0.3548993109143339,0.24450000000000005,0.6101461240847078,0.16867400000000005,0.3111130888479105,904.8914540530966,11.248658335069194,0,797,0.33625,0.0,0.5689924955368042
PU-R,mnist,1,0.1,0.0,5000,0,800,585,1385,0.299811543605756,0.0877,0.4944498311784821,0.116906,0.2465641250649194,636.9620579536028,67.49585319007747,0,797,0.15375,0.0,0.5599740147590637
PU-C,mnist,1,0.1,0.0,5000,0,800,541,1341,0.2907635949086398,0.0837,0.4806423041417366,0.10856800000000001,0.23567123594367118,628.6013181645461,19.433918786002323,0,797,0.13,0.0,0.5671219825744629
Marginal,mnist,1,0.1,0.0,5000,0,800,619,1419,0.3067956283921376,0.08919999999999995,0.4914007682532401,0.12392400000000003,0.2556102322852928,574.0604224809113,13.485160480020568,0,797,0.08875,0.0,0.5631827712059021
MaxLoss,mnist,1,0.2,0.0,5000,0,800,1484,2284,0.4825708902790211,0.37760000000000005,0.7428154572147564,0.296972,0.45608005235774607,916.3662990098247,10.917546740034595,0,797,0.415,0.0,0.5591408014297485
PU-R,mnist,1,0.2,0.0,5000,0,800,1249,2049,0.43515268131159246,0.21089999999999998,0.650832816132379,0.249962,0.40488918547714653,617.3699497089773,72.11643550917506,0,797,0.27375,0.0,0.5575237274169922
PU-C,mnist,1,0.2,0.0,5000,0,800,1144,1944,0.4138886272558011,0.16449999999999998,0.6281040261701085,0.228578,0.3809308570737152,616.5980722805474,24.427284844918177,0,797,0.24875,0.0,0.5544599890708923
Marginal,mnist,1,0.2,0.0,5000,0,800,1172,1972,0.41956379491603,0.13029999999999997,0.6265912569839325,0.23423800000000003,0.3873165530649593,577.0255285874335,13.917417018208653,0,797,0.195,0.0,0.5681015253067017
MaxLoss,mnist,1,0.3,0.0,5000,0,800,1562,2362,0.4982579108327627,0.3721,0.7509972712174274,0.31163399999999997,0.4716677873142096,881.9881551876641,10.965973835904151,0,797,0.4325,0.0,0.5661097168922424
PU-R,mnist,1,0.3,0.0,5000,0,800,1516,2316,0.4890096883755177,0.2471,0.7051085727921853,0.303356,0.46288806872389376,627.8849885059154,74.5005437079817,0,797,0.3525,0.0,0.5635032057762146
PU-C,mnist,1,0.3,0.0,5000,0,800,1575,2375,0.5008699274621904,0.25960000000000005,0.7132930573187537,0.314314,0.47449876035992195,616.573134058961,27.272275727940723,0,797,0.33,0.0,0.5618629455566406
Marginal,mnist,1,0.3,0.0,5000,0,800,1558,2358,0.49745407060254365,0.2098,0.7066483735924006,0.31192800000000004,0.471978620941454,591.0060517069588,14.635414724936709,0,797,0.28625,0.0,0.5690711736679077
MaxLoss,mnist,1,0.4,0.0,5000,0,800,1767,2567,0.5393648255849257,0.45709999999999995,0.7865550992798314,0.3538339999999999,0.5156202227942817,887.7068656256672,10.934621951077133,0,797,0.47375,0.0,0.567760169506073
PU-R,mnist,1,0.4,0.0,5000,0,800,1877,2677,0.5613493015989661,0.3468,0.7649191388358406,0.374434,0.5366111860550805,612.9261374040088,77.74829668318853,0,797,0.425,0.0,0.5669186115264893
PU-C,mnist,1,0.4,0.0,5000,0,800,1997,2797,0.5852736473316327,0.4336,0.7868854563915597,0.39915000000000006,0.5614148094846301,626.6519863758841,30.15489045600407,0,797,0.4275,0.0,0.5568965077400208
Marginal,mnist,1,0.4,0.0,5000,0,800,1905,2705,0.566937159455847,0.3304,0.7809840046955374,0.38100800000000007,0.5432485432372531,684.2823832510342,15.11968553904444,0,797,0.41625,0.0,0.5688422918319702
MaxLoss,mnist,2,0.0,0.0,5000,0,486,0,486,0.11198131454875693,0.04620000000000002,0.2301434034272613,0.0005619999999999936,0.054601225814604755,569.87325233992,6.771857243962586,1,483,0.0,0.0,0.5715470910072327
PU-R,mnist,2,0.0,0.0,5000,0,677,0,677,0.1525667640962638,0.04149999999999998,0.22941381456910212,0.00021199999999997664,0.0529249402368231,580.1448178194028,44.116695567034185,1,674,0.0,0.0,0.5621981024742126
PU-C,mnist,2,0.0,0.0,5000,0,664,0,664,0.14982066449010745,0.04359999999999997,0.2246463982277675,0.0001979999999999904,0.05285030129916207,557.1100555099662,12.132927361875772,1,661,0.0,0.0,0.5657323598861694
Marginal,mnist,2,0.0,0.0,5000,0,800,88,888,0.19687800720566884,0.04679999999999995,0.28774777430762344,0.01762799999999995,0.09730932585246926,533.6401515571084,12.221625806996599,0,797,0.0,0.0,0.5648254752159119
MaxLoss,mnist,2,0.1,0.0,5000,0,800,948,1748,0.3740631021792069,0.256,0.6278637372257662,0.18929600000000005,0.3356463075114552,865.8239811288473,10.89225302520208,0,797,0.355,0.0,0.5581185221672058
PU-R,mnist,2,0.1,0.0,5000,0,800,553,1353,0.2932323204004206,0.09150000000000003,0.48427018190618887,0.10977600000000003,0.237259675874178,637.7199449395162,66.06441136216745,0,797,0.155,0.0,0.559698760509491
PU-C,mnist,2,0.1,0.0,5000,0,800,582,1382,0.29919498914387077,0.11429999999999996,0.4889045897370536,0.11610799999999998,0.24552862703723538,615.3380284958195,19.840441178996116,0,797,0.16125,0.0,0.5651065707206726
Marginal,mnist,2,0.1,0.0,5000,0,800,722,1522,0.3279147537541576,0.10970000000000002,0.5137253500199251,0.144548,0.2816204860564943,546.8915881838312,13.169984978158027,0,797,0.12375,0.0,0.5646528601646423
MaxLoss,mnist,2,0.2,0.0,5000,0,800,1378,2178,0.46121144987409934,0.35109999999999997,0.716690765659049,0.274138,0.43145538562181385,876.9927667247412,10.928505931049585,0,797,0.405,0.0,0.5628771185874939
PU-R,mnist,2,0.2,0.0,5000,0,800,1194,1994,0.4240204200614244,0.17369999999999997,0.6394525476077325,0.23833400000000002,0.3919174974316594,621.5421794332926,71.44016712508164,0,797,0.24125,0.0,0.5577130317687988
PU-C,mnist,2,0.2,0.0,5000,0,800,1174,1974,0.41996903100516647,0.17589999999999995,0.6363391855191731,0.23459200000000002,0.38771485783515275,626.1376124570844,25.73175484011881,0,797,0.26375,0.0,0.5698121190071106
Marginal,mnist,2,0.2,0.0,5000,0,800,1210,2010,0.42726026283344254,0.15259999999999996,0.6342575598166453,0.24198000000000003,0.39599895327270496,574.0073242827119,14.107240840094164,0,797,0.1925,0.0,0.5660383701324463
MaxLoss,mnist,2,0.3,0.0,5000,0,800,1646,2446,0.5151230437331833,0.3882,0.760616888564108,0.326536,0.4873395846186474,859.033049018573,10.938707459019497,0,797,0.42875,0.0,0.568565309047699
PU-R,mnist,2,0.3,0.0,5000,0,800,1601,2401,0.5060918326489627,0.21419999999999995,0.7188238078552138,0.3200700000000001,0.4805603384919771,618.2555926907406,75.59453016193584,0,797,0.3025,0.0,0.5565590858459473
PU-C,mnist,2,0.3,0.0,5000,0,800,1589,2389,0.5036820750683546,0.2652,0.7137851149008387,0.31817000000000006,0.4785622725844535,598.9745957302181,27.658490190049633,0,797,0.32375,0.0,0.5601685047149658
Marginal,mnist,2,0.3,0.0,5000,0,800,1571,2371,0.5000663056271151,0.20650000000000002,0.7111581636536979,0.31416200000000005,0.47433834623440096,604.9968997926486,14.604160481132567,0,797,0.275,0.0,0.571194052696228
MaxLoss,mnist,2,0.4,0.0,5000,0,800,1820,2620,0.5499637318425812,0.4316,0.7964667080669154,0.36416000000000004,0.5261790098933823,902.9681717230199,10.952294616959989,0,797,0.47625,0.0,0.574625551700592
PU-R,mnist,2,0.4,0.0,5000,0,800,1965,2765,0.5788998630014248,0.4609,0.7798258292863274,0.39339399999999997,0.5556748393170173,610.0274035156514,78.47116440488026,0,797,0.42,0.0,0.5542899370193481
PU-C,mnist,2,0.4,0.0,5000,0,800,1890,2690,0.5639440793311223,0.4081,0.768500360768312,0.3768800000000001,0.5390841872122263,623.0010084640035,29.53903255611658,0,797,0.4125,0.0,0.5629822015762329
Marginal,mnist,2,0.4,0.0,5000,0,800,1947,2747,0.5753126718336716,0.40569999999999995,0.775846230925538,0.38964400000000005,0.5519234643711213,603.6823020394959,15.305906125111505,0,797,0.41375,0.0,0.5663683414459229
