dataset,method,noise_rate,n,compression_size_mean,compression_size_se,remaining_bad_mean,remaining_bad_se,effective_compression_size_mean,effective_compression_size_se,certified_bound_mean,certified_bound_se,test_error_mean,test_error_se,pac_bayes_bound_mean,pac_bayes_bound_se,pac_bayes_empirical_risk_mean,pac_bayes_empirical_risk_se,pac_bayes_mc_upper_mean,pac_bayes_mc_upper_se,pac_bayes_kl_mean,pac_bayes_kl_se,runtime_sec_mean,runtime_sec_se,stop_reached_mean,stop_reached_se,train_calls_mean,train_calls_se,noise_hit_rate_mean,noise_hit_rate_se,duplicate_hit_rate_mean,duplicate_hit_rate_se,pairwise_feature_cosine_mean,pairwise_feature_cosine_se
mnist,Marginal,0.0,3,800.0,0.0,94.0,3.0550504633038935,894.0,3.0550504633038935,0.1981315852026455,0.0006382863974711382,0.04786666666666665,0.0005811865258054271,0.29353981157022596,0.002914615951751958,0.018836666666666634,0.000611265717816554,0.0996695617585198,0.001193346830908845,545.069542132102,5.726583210284343,12.287049236629779,0.10925439237299998,0.0,0.0,797.0,0.0,0.0,0.0,0.0,0.0,0.5603977839152018,0.0023942951947620084
mnist,Marginal,0.1,3,800.0,0.0,660.3333333333334,31.42362875997049,1460.3333333333333,31.42362875997049,0.31527216827574495,0.0064426008189673424,0.09073333333333333,0.010535706483720543,0.49978115545547963,0.007019347121519573,0.13219733333333336,0.006293007477439626,0.2660665582076196,0.007929322887479839,560.2441304892982,7.84639380212546,13.347290675388649,0.09309545542500715,0.0,0.0,797.0,0.0,0.1025,0.010777097630314637,0.0,0.0,0.5624003807703654,0.0015756603430083199
mnist,Marginal,0.2,3,800.0,0.0,1263.6666666666667,73.48998420041862,2063.6666666666665,73.48998420041862,0.43809568918853375,0.014850797343733372,0.16886666666666664,0.02816228762803983,0.6471199640413839,0.016841593197353358,0.25266533333333335,0.0147269046457307,0.40768625253347074,0.016223279508045724,585.3522342194719,9.874322485132911,14.186595972782621,0.18267938975766193,0.0,0.0,797.0,0.0,0.19833333333333333,0.0046398036356916795,0.0,0.0,0.5680009126663208,0.001105175629252072
mnist,Marginal,0.3,3,800.0,0.0,1586.6666666666667,22.48209163855633,2386.6666666666665,22.482091638556334,0.5032113199704327,0.00451455672773452,0.2192333333333333,0.011124197848733964,0.7107012860771089,0.00221984623300455,0.31746666666666673,0.0044684485500500375,0.4778067112862807,0.004697876756995573,585.2884090927595,13.339192242143264,14.640284209356954,0.02239449003019997,0.0,0.0,797.0,0.0,0.2866666666666667,0.006859199013814301,0.0,0.0,0.5708898305892944,0.0009741301158198019
mnist,Marginal,0.4,3,800.0,0.0,1954.6666666666667,31.125195224733574,2754.6666666666665,31.12519522473358,0.5768365556141362,0.006202305896925833,0.38233333333333336,0.026010019436961414,0.7812304052562462,0.0031820700827091043,0.3910753333333334,0.006266568048869415,0.5533303061071547,0.006266434153842747,632.1805763311178,26.089195319313454,15.278057002074396,0.0845509463710025,0.0,0.0,797.0,0.0,0.4025,0.012520816001097269,0.0,0.0,0.5668462713559469,0.0010422022921180165
mnist,MaxLoss,0.0,3,474.6666666666667,6.11918658356194,0.0,0.0,474.6666666666667,6.11918658356194,0.10955384266950811,0.001310794703705204,0.045399999999999996,0.000568624070307732,0.22845434573302983,0.0008499258011620823,0.0005966666666666582,2.3701851779507823e-05,0.054752874631221415,0.00010338538797864743,560.3009898271621,4.898043956487575,7.718062086651723,1.09831249748565,1.0,0.0,471.6666666666667,6.11918658356194,0.0,0.0,0.0,0.0,0.5750177899996439,0.0019378192727908992
mnist,MaxLoss,0.1,3,800.0,0.0,953.3333333333334,58.95007303736876,1753.3333333333333,58.950073037368774,0.3751327385737871,0.012002473737784132,0.26763333333333333,0.017697488836304173,0.6309780362280368,0.013019782704616375,0.18900933333333336,0.011658737743760148,0.3351358002440799,0.013724521992209032,890.0525218357011,12.215978891881988,11.117874540776635,0.1132869972810052,0.0,0.0,797.0,0.0,0.34541666666666665,0.005416666666666664,0.0,0.0,0.56516565879186,0.0035279159427405267
mnist,MaxLoss,0.2,3,800.0,0.0,1432.6666666666667,30.644919825496544,2232.6666666666665,30.644919825496544,0.4722289767038698,0.006175185923117727,0.35883333333333334,0.009431566383398085,0.7288228449340975,0.0075987074453255045,0.2857,0.006593202661327301,0.4439422232382035,0.0071106705769588595,888.5838676636655,13.954547005884454,10.93834881298244,0.015645669386509083,0.0,0.0,797.0,0.0,0.4054166666666667,0.005416666666666663,0.0,0.0,0.5640658537546793,0.0032415950086278934
mnist,MaxLoss,0.3,3,800.0,0.0,1614.3333333333333,26.35863763129229,2414.3333333333335,26.35863763129229,0.508765717735514,0.00529238590633753,0.38899999999999996,0.009996165931662656,0.7577685813173973,0.003399839359643795,0.32114400000000004,0.004769201330761105,0.48167124284626234,0.005016513270183813,872.082947365921,6.8105563572279015,10.941087197667608,0.013732980059171241,0.0,0.0,797.0,0.0,0.4375,0.006959705453537518,0.0,0.0,0.5674805641174316,0.0007231583738146162
mnist,MaxLoss,0.4,3,800.0,0.0,1796.6666666666667,15.62405552701062,2596.6666666666665,15.62405552701062,0.5452979770100986,0.0031245759209325413,0.45536666666666664,0.013249696013284415,0.7901470102004732,0.003169679973504659,0.35885133333333336,0.002984416488658708,0.520753755363233,0.003051547286651885,885.1411714689326,11.107405261793353,10.948408256362503,0.007108386091303721,0.0,0.0,797.0,0.0,0.47708333333333336,0.0022047927592204943,0.0,0.0,0.5691689848899841,0.002832642281124882
mnist,PU-C,0.0,3,681.6666666666666,9.06151814604546,0.0,0.0,681.6666666666666,9.06151814604546,0.15355103655019775,0.0019132968337752377,0.04209999999999999,0.0008144527815247113,0.2282410296031041,0.0017986245981891314,0.00013733333333332671,3.919750558956886e-05,0.05250398565835248,0.00022773746614362627,577.8810937461008,10.506960878921614,12.654585592603931,0.27211759615939113,1.0,0.0,678.6666666666666,9.06151814604546,0.0,0.0,0.0,0.0,0.5636128783226013,0.0022767610411816627
mnist,PU-C,0.1,3,800.0,0.0,580.3333333333334,22.24360082760383,1380.3333333333333,22.24360082760383,0.2988496300531551,0.004572040081293853,0.10199999999999998,0.009328987083279717,0.4904232552055973,0.006132626983307858,0.11604466666666667,0.0042984893987436,0.24540423795423374,0.005583789680454136,623.6547986511945,4.183206714618285,20.156314334987353,0.5322332013322634,0.0,0.0,797.0,0.0,0.14916666666666667,0.009691419458010839,0.0,0.0,0.5645601550738016,0.0016594530055849728
mnist,PU-C,0.2,3,800.0,0.0,1179.0,21.79449471770337,1979.0,21.79449471770337,0.42097994626965374,0.004415030300562445,0.17756666666666665,0.008068319389921178,0.6369079799460033,0.005254863430825636,0.23562933333333336,0.004401209884161917,0.388861886612835,0.00494348135377083,623.5332757322576,3.503237152951576,25.323360093015555,0.44862185092499185,0.0,0.0,797.0,0.0,0.2575,0.0045069390943299845,0.0,0.0,0.5608108441034952,0.00462567175352673
mnist,PU-C,0.3,3,800.0,0.0,1591.3333333333333,10.170764201594906,2391.3333333333335,10.170764201594904,0.5041502522847926,0.002042506156027425,0.27340000000000003,0.011118153323881315,0.7167520388599679,0.0032160911207307994,0.31804666666666664,0.002120349761504251,0.4784290428332924,0.0022316839629270323,617.0693276412808,10.593142763952368,27.487026919377968,0.113571982678643,0.0,0.0,797.0,0.0,0.34,0.01324842757965388,0.0,0.0,0.5594180226325989,0.001670902182227733
mnist,PU-C,0.4,3,800.0,0.0,1934.3333333333333,32.21973170451783,2734.3333333333335,32.21973170451783,0.5727830672209772,0.006422310385999661,0.4013,0.020889949736655672,0.7761729182951812,0.005520689771705364,0.3865713333333334,0.006588898373611303,0.548813651925259,0.0066042697709127705,622.281185790499,2.754889217447213,29.835359217055764,0.17816104844016148,0.0,0.0,797.0,0.0,0.41999999999999993,0.004330127018922198,0.0,0.0,0.563396672407786,0.0038780603155595607
mnist,PU-R,0.0,3,694.3333333333334,9.562658858520704,0.0,0.0,694.3333333333334,9.562658858520704,0.15622393682133406,0.0020173881905900166,0.04166666666666663,8.819171036880998e-05,0.22959764953826403,0.0002879869921733338,0.0001393333333333217,3.953620000848175e-05,0.0525162917098187,0.0002245715715121188,584.4998937295283,3.0628857786387584,46.670661101661004,1.4241006165362957,1.0,0.0,691.3333333333334,9.562658858520704,0.0,0.0,0.0,0.0,0.5631187756856283,0.0028923523481698757
mnist,PU-R,0.1,3,800.0,0.0,605.0,37.16629297271028,1405.0,37.16629297271028,0.3039129397366196,0.007631132079575184,0.0968,0.00728308542674965,0.4997295363774696,0.01077787489616163,0.12090666666666668,0.007840645409941985,0.25160312763001075,0.010056554169840384,636.3093668222539,1.054578614906222,67.33411469946925,0.6911213117835333,0.0,0.0,797.0,0.0,0.15958333333333333,0.005220818369225699,0.0,0.0,0.5593073964118958,0.000534925653883253
mnist,PU-R,0.2,3,800.0,0.0,1183.0,41.645327869202006,1983.0,41.645327869202006,0.4217847077719246,0.00843777357535786,0.18483333333333332,0.013079415549293892,0.6373621499256652,0.008445662790969624,0.236382,0.008460395262633993,0.3896549853239197,0.009516080734641627,622.2085758492931,3.00448721233636,71.74781362774472,0.19758814863493254,0.0,0.0,797.0,0.0,0.25125,0.011273124382057237,0.0,0.0,0.5572011272112528,0.00042081574921519905
mnist,PU-R,0.3,3,800.0,0.0,1615.3333333333333,61.904047614926704,2415.3333333333335,61.904047614926704,0.5089532828424126,0.012423129768231185,0.2565,0.027539486802286905,0.7215257015045529,0.010346975085487629,0.3231066666666667,0.012373174873266949,0.4836328128988658,0.012955336164698985,619.3482686535366,4.645487344863332,75.36188710768086,0.4455893788493352,0.0,0.0,797.0,0.0,0.3283333333333333,0.014457792977414558,0.0,0.0,0.5602762500445048,0.0020195237604619318
mnist,PU-R,0.4,3,800.0,0.0,1922.3333333333333,25.438378704451882,2722.3333333333335,25.438378704451885,0.5703918681053134,0.005073456300203407,0.3905,0.035540446442515784,0.7736325024614411,0.004483870878098299,0.38436933333333334,0.005492187946933753,0.5466106924106117,0.00552303937752695,617.1518358217751,5.736426446430475,77.99992838432081,0.2357993346041274,0.0,0.0,797.0,0.0,0.4183333333333333,0.004409585518440989,0.0,0.0,0.5581734776496887,0.004381672877731662
