method,dataset,seed,noise_rate,pretrain_fraction,n_cert,n_pretrain,compression_size,remaining_bad,effective_compression_size,selection_steps,certified_bound,test_error,test_inappropriate_risk,pool_empirical_error,support_empirical_error,pac_bayes_bound,pac_bayes_empirical_risk,pac_bayes_mc_upper,pac_bayes_kl,self_selected_bound,self_selected_bound_raw,self_selected_empirical_risk,self_selected_initial_gap,self_selected_reciprocal_gap,self_selected_total_gap,self_selected_lipschitz_sample,self_selected_log_cover_constant,self_selected_concentration_rate_constant,self_selected_data_diameter,self_selected_dimension,self_selected_wasserstein_p,ada_bound,ada_bound_raw,ada_empirical_risk,ada_alpha,ada_query_count,ada_initial_size,ada_final_size,ada_sigma,ada_beta,ada_epsilon,ada_delta_sum,ada_gamma_star,runtime_sec,stop_reached,train_calls,loss_eval_count,noise_hit_rate,duplicate_hit_rate,pairwise_feature_cosine,mean_support_redundancy,max_support_redundancy,mean_selected_residual_novelty,local_redundancy_hit_rate,residual_redundancy_hit_rate,strong_redundancy_hit_rate,mode_entropy,minority_mode_fraction,spectral_entropy,dynamic_mu
PU-R,boundary_duplicate_mnist,0,0.3,0.0,5000,0,800,1957,2757,796,0.5773057276965119,0.3740046236835346,0.37400462368353454,0.39180000000000004,0.0024999999999999467,0.8467083223027096,0.39209999999999995,0.6200127772575988,750.4185258591812,1.0,12.266025029344945,0.0024999999999999467,1.010047414223915,11.25347761512103,12.263525029344946,0.9998,544.120536739557,4.2767133791799226e-05,76.45659128919168,785.0,1.0,1.0,1.075756242575263,0.39180000000000004,0.6839562425752629,797,5000,5000,0.058780160722749115,0.00012568600613418795,0.3076923076923077,0.36348211248317414,36.83055024935381,105.63284074794501,0,797,3664606,0.3175,0.725,0.5523412227630615,0.5523412227630615,0.999557614326477,0.007474043702611115,0.9962453066332916,0.9962453066332916,0.9962453066332916,0.8485481782946158,0.275,0.15924497676334684,1.4203775116183266
GREATS,boundary_duplicate_mnist,0,0.3,0.0,5000,0,800,1891,2691,796,,0.468790136141793,0.46879013614179293,0.38380000000000003,0.03500000000000003,0.8992780277880743,0.3840840000000001,0.6122934993449045,1427.845603566741,1.0,12.298525029344946,0.03500000000000003,1.010047414223915,11.25347761512103,12.263525029344946,0.9998,544.120536739557,4.2767133791799226e-05,76.45659128919168,785.0,1.0,1.0,1.067756242575263,0.38380000000000003,0.6839562425752629,797,5000,5000,0.058780160722749115,0.00012568600613418795,0.3076923076923077,0.36348211248317414,36.83055024935381,61.764954844489694,0,797,3664606,0.3,0.80125,0.6092288494110107,0.6092288494110107,0.9999971389770508,0.005624948439243085,0.9974968710888611,0.9962453066332916,0.9962453066332916,0.719421039433693,0.19875,0.14886830627536607,1.425565846862317
PU-R,boundary_duplicate_mnist,0,0.3,0.1,4500,500,800,1757,2557,796,0.5953409754438326,0.42846134086822507,0.428461340868225,0.39088888888888884,0.0024999999999999467,0.8556689935233248,0.39148888888888883,0.6194263181876792,751.6304544500255,1.0,13.397387869160038,0.0024999999999999467,1.0101804468881874,12.384707422271852,13.394887869160039,0.9997777777777778,544.120536739557,4.2851703895060864e-05,76.3811084658291,785.0,1.0,1.0,1.0903339223518262,0.39088888888888884,0.6994450334629374,797,4500,4500,0.058780160722749115,0.00012568600613418795,0.3076923076923077,1.0601192454501767,30.443296760233448,103.01568000484258,0,797,3266106,0.30125,0.735,0.5596768856048584,0.5596768856048584,0.9998981356620789,0.0075165973648426586,0.9962453066332916,0.9962453066332916,0.9962453066332916,0.8341980958607491,0.265,0.1609618560427706,1.4195190719786148
GREATS,boundary_duplicate_mnist,0,0.3,0.1,4500,500,800,1631,2431,796,,0.44978165938864634,0.4497816593886463,0.3693333333333333,0.03874999999999995,0.9000983744957216,0.36928444444444436,0.5978885962226747,1410.8753267924908,1.0,13.433637869160039,0.03874999999999995,1.0101804468881874,12.384707422271852,13.394887869160039,0.9997777777777778,544.120536739557,4.2851703895060864e-05,76.3811084658291,785.0,1.0,1.0,1.0687783667962707,0.3693333333333333,0.6994450334629374,797,4500,4500,0.058780160722749115,0.00012568600613418795,0.3076923076923077,1.0601192454501767,30.443296760233448,60.06333339586854,0,797,3266106,0.3325,0.7975,0.6141777038574219,0.6141777038574219,0.9999991655349731,0.00565258251952307,0.9974968710888611,0.9974968710888611,0.9974968710888611,0.7269000047131049,0.2025,0.14837869585008387,1.425810652074958
PU-R,boundary_duplicate_mnist,0,0.3,0.2,4000,1000,800,1496,2296,796,0.6025964131695218,0.35217056254816337,0.35217056254816337,0.374,0.0,0.8544568092638833,0.37390000000000007,0.6024025876526101,747.8414996833112,1.0,14.738055924414883,0.0,1.0103213988958646,13.727734525519018,14.738055924414883,0.99975,544.120536739557,4.320705733272709e-05,76.0663644252504,785.0,1.0,1.0,1.1103416988253516,0.374,0.7363416988253516,797,4000,4000,0.058780160722749115,0.00012568600613418795,0.3076923076923077,2.815844622893913,24.707911786193506,99.8551387572661,0,797,2867606,0.3125,0.78375,0.5570125579833984,0.5570125579833984,0.9977240562438965,0.006808098883354087,0.9974968710888611,0.9987484355444305,0.9974968710888611,0.753260755839685,0.21625,0.15817023725660315,1.4209148813716985
GREATS,boundary_duplicate_mnist,0,0.3,0.2,4000,1000,800,1358,2158,796,,0.46057025430259435,0.4605702543025944,0.34524999999999995,0.028750000000000053,0.9027584199813953,0.34401000000000004,0.5728167097408127,1478.4852054233538,1.0,14.766805924414884,0.028750000000000053,1.0103213988958646,13.727734525519018,14.738055924414883,0.99975,544.120536739557,4.320705733272709e-05,76.0663644252504,785.0,1.0,1.0,1.0815916988253516,0.34524999999999995,0.7363416988253516,797,4000,4000,0.058780160722749115,0.00012568600613418795,0.3076923076923077,2.815844622893913,24.707911786193506,57.386617274954915,0,797,2867606,0.30625,0.8675,0.6095401644706726,0.6095401644706726,0.9999996423721313,0.005477342077382888,0.9974968710888611,0.9974968710888611,0.9974968710888611,0.5642547974334594,0.1325,0.14813916665542612,1.425930416672287
PU-R,boundary_duplicate_mnist,0,0.3,0.3,3500,1500,800,1261,2061,796,0.6191442267154343,0.3308502440277421,0.3308502440277421,0.3602857142857143,0.0,0.8613249742490627,0.3603714285714287,0.5891158083141175,770.6883373688993,1.0,16.467197387982083,0.0,1.010490154506989,15.456707233475095,16.467197387982083,0.9997142857142857,544.120536739557,4.331185448841086e-05,75.97428378652214,785.0,1.0,1.0,1.1765553714367623,0.3602857142857143,0.8162696571510479,797,3500,3500,0.058780160722749115,1.582581761977049e-05,0.3076923076923077,6.822854508322281,19.61848348221287,98.19775090645999,0,797,2469106,0.29625,0.7625,0.5566922426223755,0.5566922426223755,0.9964309334754944,0.006505494058430568,0.9987484355444305,0.9987484355444305,0.9987484355444305,0.7908580905528101,0.2375,0.15578119111748123,1.4221094044412594
GREATS,boundary_duplicate_mnist,0,0.3,0.3,3500,1500,800,1101,1901,796,,0.44952478808117136,0.44952478808117136,0.3254285714285714,0.04749999999999999,0.8975614666700849,0.3244571428571429,0.5529973387705207,1359.4551322983614,1.0,16.514697387982082,0.04749999999999999,1.010490154506989,15.456707233475095,16.467197387982083,0.9997142857142857,544.120536739557,4.331185448841086e-05,75.97428378652214,785.0,1.0,1.0,1.1416982285796193,0.3254285714285714,0.8162696571510479,797,3500,3500,0.058780160722749115,1.582581761977049e-05,0.3076923076923077,6.822854508322281,19.61848348221287,55.9757555257529,0,797,2469106,0.3075,0.84625,0.6031345129013062,0.6031345129013062,0.9999960064888,0.006290929543509501,0.9949937421777222,0.9962453066332916,0.9937421777221527,0.6191456596284757,0.15375,0.15379211483847696,1.4231039425807614
PU-R,boundary_duplicate_mnist,0,0.3,0.4,3000,2000,800,1013,1813,796,0.6366697388002649,0.38684818905728235,0.3868481890572823,0.33766666666666667,0.0,0.8607053444380274,0.33838666666666667,0.5671553378883619,754.4989508853515,1.0,18.674683696361136,0.0,1.0106821452650987,17.664001551096035,18.674683696361136,0.9996666666666667,544.120536739557,4.352968252493243e-05,75.78395291571462,785.0,1.0,1.0,1.275428002980243,0.33766666666666667,0.9377613363135762,797,3000,3000,0.058780160722749115,0.00012568600613418795,0.46153846153846156,1.1429157756941084,20.462404694843556,95.93874698784202,0,797,2070606,0.2675,0.78375,0.5654952526092529,0.5654952526092529,0.9983065128326416,0.006311467539831455,0.9987484355444305,0.9974968710888611,0.9974968710888611,0.753260755839685,0.21625,0.15803935265723193,1.420980323671384
GREATS,boundary_duplicate_mnist,0,0.3,0.4,3000,2000,800,879,1679,796,,0.4279475982532751,0.4279475982532751,0.29833333333333334,0.020000000000000018,0.9035431424952127,0.29939333333333334,0.5270238946073361,1395.6540524204634,1.0,18.694683696361135,0.020000000000000018,1.0106821452650987,17.664001551096035,18.674683696361136,0.9996666666666667,544.120536739557,4.352968252493243e-05,75.78395291571462,785.0,1.0,1.0,1.2360946696469095,0.29833333333333334,0.9377613363135762,797,3000,3000,0.058780160722749115,0.00012568600613418795,0.46153846153846156,1.1429157756941084,20.462404694843556,54.05007324088365,0,797,2070606,0.3275,0.855,0.5957537889480591,0.5957537889480591,0.9999992847442627,0.0055098350909311275,0.9974968710888611,0.9987484355444305,0.9974968710888611,0.597185045253784,0.145,0.1465314475626588,1.4267342762186705
PU-R,boundary_duplicate_mnist,0,0.3,0.5,2500,2500,800,761,1561,796,0.6592465677531436,0.40174672489082974,0.4017467248908297,0.30479999999999996,0.0012499999999999734,0.8615813835004739,0.30512,0.5330164409028774,771.7766518077252,1.0,21.5985288491963,0.0012499999999999734,1.0109066058309517,20.58637224336535,21.5972788491963,0.9996,544.120536739557,4.387939063867481e-05,75.48135893632944,785.0,1.0,1.0,1.2954856522528684,0.30479999999999996,0.9906856522528684,797,2500,2500,0.1193776641714437,0.00099817731491033,0.3076923076923077,0.15040538736107592,37.876397405276386,93.68731650523841,0,797,1672106,0.2975,0.8,0.5637456774711609,0.5637456774711609,0.9994643926620483,0.006609106979546171,0.9974968710888611,0.9962453066332916,0.9962453066332916,0.7219280948873623,0.2,0.15565442089221249,1.4221727895538938
GREATS,boundary_duplicate_mnist,0,0.3,0.5,2500,2500,800,620,1420,796,,0.4289750834831749,0.4289750834831749,0.2592,0.03500000000000003,0.899596046292723,0.258496,0.4831638157308821,1358.3395733254051,1.0,21.6322788491963,0.03500000000000003,1.0109066058309517,20.58637224336535,21.5972788491963,0.9996,544.120536739557,4.387939063867481e-05,75.48135893632944,785.0,1.0,1.0,1.2498856522528685,0.2592,0.9906856522528684,797,2500,2500,0.1193776641714437,0.00099817731491033,0.3076923076923077,0.15040538736107592,37.876397405276386,52.35163523815572,0,797,1672106,0.32125,0.86125,0.5994092226028442,0.5994092226028442,1.0000001192092896,0.005760223079048498,0.9974968710888611,0.9974968710888611,0.9962453066332916,0.5809557895770766,0.13875,0.14879954593857436,1.4256002270307129
PU-R,boundary_duplicate_mnist,0,0.3,0.6,2000,3000,800,521,1321,796,0.698267838859465,0.37066529668636017,0.3706652966863601,0.26049999999999995,0.0,0.862058192576759,0.26027999999999996,0.48511786176019184,790.6443109557345,1.0,25.701946206546413,0.0,1.0111838343029995,24.690762372243412,25.701946206546413,0.9995,544.120536739557,4.422726247930086e-05,75.18392162099886,785.0,1.0,1.0,1.3081053156434408,0.26049999999999995,1.0476053156434408,797,2000,2000,0.1193776641714437,0.00012568600613418795,0.3076923076923077,1.234885682521912,25.382064554997893,91.38646944426,0,797,1273606,0.28625,0.805,0.5652056336402893,0.5652056336402893,0.9984430074691772,0.006542120944797172,0.9987484355444305,0.9987484355444305,0.9987484355444305,0.7118146702143195,0.195,0.15619935304064586,1.4219003234796772
GREATS,boundary_duplicate_mnist,0,0.3,0.6,2000,3000,800,329,1129,796,,0.4538916003082456,0.45389160030824555,0.17300000000000004,0.02124999999999999,0.8770281119153394,0.1739,0.38544695571539045,1335.9320704149486,1.0,25.72319620654641,0.02124999999999999,1.0111838343029995,24.690762372243412,25.701946206546413,0.9995,544.120536739557,4.422726247930086e-05,75.18392162099886,785.0,1.0,1.0,1.2206053156434409,0.17300000000000004,1.0476053156434408,797,2000,2000,0.1193776641714437,0.00012568600613418795,0.3076923076923077,1.234885682521912,25.382064554997893,50.58121468499303,0,797,1273606,0.29875,0.85875,0.5909562110900879,0.5909562110900879,0.9999989867210388,0.006220943258331625,0.9974968710888611,0.9962453066332916,0.9962453066332916,0.5875031108110359,0.14125,0.1511014412496492,1.4244492793751755
PU-R,boundary_duplicate_mnist,0,0.3,0.7,1500,3500,800,271,1071,796,0.755065283854492,0.3896737734395068,0.3896737734395068,0.18066666666666664,0.0,0.8547122600864472,0.18105333333333334,0.3941449174641961,832.3413513215999,1.0,31.821686775070265,0.0,1.0115413368133825,30.810145438256882,31.821686775070265,0.9993333333333333,544.120536739557,4.468049085708003e-05,74.8016256716724,785.0,1.0,1.0,1.4316206533808802,0.18066666666666664,1.2509539867142137,797,1500,1500,0.1193776641714437,0.00012568600613418795,0.46153846153846156,0.4876560556199891,21.028732967288033,89.24379275925457,0,797,875106,0.29625,0.865,0.5785521864891052,0.5785521864891052,0.9977973699569702,0.007144632668122072,0.9987484355444305,0.9987484355444305,0.9987484355444305,0.5709929600768897,0.135,0.15811983891743928,1.4209400805412804
GREATS,boundary_duplicate_mnist,0,0.3,0.7,1500,3500,800,137,937,796,,0.43976367839712305,0.43976367839712305,0.10399999999999998,0.02375000000000005,0.8571989123290626,0.10274666666666667,0.29279626521466284,1217.665250580207,1.0,31.845436775070265,0.02375000000000005,1.0115413368133825,30.810145438256882,31.821686775070265,0.9993333333333333,544.120536739557,4.468049085708003e-05,74.8016256716724,785.0,1.0,1.0,1.3549539867142135,0.10399999999999998,1.2509539867142137,797,1500,1500,0.1193776641714437,0.00012568600613418795,0.46153846153846156,0.4876560556199891,21.028732967288033,48.72489132359624,0,797,875106,0.28125,0.84625,0.5835332274436951,0.5835332274436951,0.9999923706054688,0.006117804642668803,0.9949937421777222,0.9962453066332916,0.9949937421777222,0.6191456596284757,0.15375,0.15019898432793582,1.424900507836032
PU-R,boundary_duplicate_mnist,0,0.3,0.8,1000,4000,800,3,803,796,0.846056308306288,0.3847932185974826,0.38479321859748267,0.017000000000000015,0.01749999999999996,0.7589116189291699,0.016840000000000015,0.14972097578558582,821.1791706634234,1.0,41.653257586686706,0.01749999999999996,1.012035789050091,40.62372179763662,41.63575758668671,0.999,544.120536739557,4.5667158837335545e-05,73.98914484360189,785.0,1.0,1.0,1.6130794319644108,0.017000000000000015,1.596079431964411,797,1000,1000,0.1193776641714437,0.00012568600613418795,0.6153846153846154,1.4330191694766807,12.9415531363113,86.20281701628119,0,797,476606,0.3025,0.86625,0.5782498717308044,0.5782498717308044,0.9999877214431763,0.009218010942431841,0.9937421777221527,0.9974968710888611,0.9937421777221527,0.56763360696721,0.13375,0.16663128469464547,1.4166843576526773
GREATS,boundary_duplicate_mnist,0,0.3,0.8,1000,4000,635,0,635,631,,0.4217826868738762,0.4217826868738762,0.006000000000000005,0.009448818897637823,0.7742886599309963,0.006740000000000006,0.12475458595276295,950.9231293159706,1.0,35.65643035481499,0.009448818897637823,1.012035789050091,34.63494574686726,35.64698153591735,0.999,544.120536739557,4.5667158837335545e-05,73.98914484360189,785.0,1.0,1.0,1.4817882153452946,0.006000000000000005,1.4757882153452946,632,1000,1000,0.1193776641714437,0.00012568600613418795,0.46153846153846156,3.6742489881035585,12.749165042153722,28.11544370278716,1,632,430076,0.29763779527559053,0.8582677165354331,0.5780851244926453,0.5780851244926453,0.999963104724884,0.008491393261330572,0.9936908517350158,0.9968454258675079,0.9936908517350158,0.5887575889245549,0.14173228346456693,0.1556028432706052,1.4221985783646973
PU-R,boundary_duplicate_mnist,1,0.3,0.0,5000,0,800,2050,2850,796,0.5958204725175165,0.4009761109684048,0.40097611096840485,0.41000000000000003,0.0,0.8592170560208613,0.410044,0.6370851551495315,757.1859782172228,1.0,12.342316409249195,0.0,1.0100653650054274,11.332251044243767,12.342316409249195,0.9998,544.120536739557,4.217462932454695e-05,76.99178121721825,785.0,1.0,1.0,1.093956242575263,0.41000000000000003,0.6839562425752629,797,5000,5000,0.058780160722749115,0.00012568600613418795,0.3076923076923077,0.36348211248317414,36.83055024935381,105.46593625843525,0,797,3664606,0.3025,0.7625,0.5708979964256287,0.5708979964256287,0.9974322319030762,0.006593031843702247,0.9974968710888611,0.9974968710888611,0.9974968710888611,0.7908580905528101,0.2375,0.15587067957533804,1.422064660212331
GREATS,boundary_duplicate_mnist,1,0.3,0.0,5000,0,800,1894,2694,796,,0.41870023118417676,0.4187002311841767,0.38239999999999996,0.022499999999999964,0.895607009707937,0.382216,0.6104863231826254,1386.2984651576617,1.0,12.364816409249194,0.022499999999999964,1.0100653650054274,11.332251044243767,12.342316409249195,0.9998,544.120536739557,4.217462932454695e-05,76.99178121721825,785.0,1.0,1.0,1.0663562425752628,0.38239999999999996,0.6839562425752629,797,5000,5000,0.058780160722749115,0.00012568600613418795,0.3076923076923077,0.36348211248317414,36.83055024935381,62.161000546999276,0,797,3664606,0.33875,0.755,0.5950810313224792,0.5950810313224792,0.999997615814209,0.005408731602757087,0.9974968710888611,0.9987484355444305,0.9974968710888611,0.8032566997760643,0.245,0.1498297225075533,1.4250851387462233
PU-R,boundary_duplicate_mnist,1,0.3,0.1,4500,500,800,1765,2565,796,0.5971083525219001,0.4081685075777036,0.40816850757770357,0.3924444444444445,0.0012499999999999734,0.854285849806283,0.39318222222222227,0.6210505238382511,730.4648195420046,1.0,13.466321385253133,0.0012499999999999734,1.0101949878921095,12.454876397361023,13.465071385253133,0.9997777777777778,544.120536739557,4.237022339865796e-05,76.81386669858183,785.0,1.0,1.0,1.0918894779073818,0.3924444444444445,0.6994450334629374,797,4500,4500,0.058780160722749115,0.00012568600613418795,0.3076923076923077,1.0601192454501767,30.443296760233448,102.81819825433195,0,797,3266106,0.3375,0.71625,0.55705326795578,0.55705326795578,0.9969761371612549,0.006310961901610053,0.9987484355444305,0.9974968710888611,0.9974968710888611,0.8605102672837944,0.28375,0.15461320362246764,1.4226933981887662
GREATS,boundary_duplicate_mnist,1,0.3,0.1,4500,500,800,1603,2403,796,,0.5080914461854611,0.5080914461854611,0.36177777777777775,0.03125,0.9048213540533934,0.3616222222222222,0.5903513970502566,1547.887248380813,1.0,13.496321385253133,0.03125,1.0101949878921095,12.454876397361023,13.465071385253133,0.9997777777777778,544.120536739557,4.237022339865796e-05,76.81386669858183,785.0,1.0,1.0,1.0612228112407152,0.36177777777777775,0.6994450334629374,797,4500,4500,0.058780160722749115,0.00012568600613418795,0.3076923076923077,1.0601192454501767,30.443296760233448,59.639133932068944,0,797,3266106,0.35,0.84125,0.60548996925354,0.60548996925354,0.9999998807907104,0.005443221484969495,0.9974968710888611,0.9987484355444305,0.9974968710888611,0.631310753908714,0.15875,0.14787519297814777,1.4260624035109262
PU-R,boundary_duplicate_mnist,1,0.3,0.2,4000,1000,800,1545,2345,796,0.6147530601592734,0.48163370151554075,0.4816337015155407,0.38625,0.0,0.8636023952332754,0.38634500000000005,0.6144766595596546,757.5572138887716,1.0,14.850260850016557,0.0,1.0103423490787309,13.839918500937827,14.850260850016557,0.99975,544.120536739557,4.2509438423750025e-05,76.68798390230376,785.0,1.0,1.0,1.1225916988253517,0.38625,0.7363416988253516,797,4000,4000,0.058780160722749115,0.00012568600613418795,0.3076923076923077,2.815844622893913,24.707911786193506,100.13073358871043,0,797,2867606,0.32625,0.74625,0.5586493611335754,0.5586493611335754,0.9973076581954956,0.006877890305456068,0.9987484355444305,0.9987484355444305,0.9987484355444305,0.8171678115451255,0.25375,0.15689964969559703,1.4215501751522015
GREATS,boundary_duplicate_mnist,1,0.3,0.2,4000,1000,800,1401,2201,796,,0.49396352427433854,0.49396352427433854,0.35824999999999996,0.040000000000000036,0.9104072050906632,0.36024,0.588985892172166,1470.295853217692,1.0,14.890260850016556,0.040000000000000036,1.0103423490787309,13.839918500937827,14.850260850016557,0.99975,544.120536739557,4.2509438423750025e-05,76.68798390230376,785.0,1.0,1.0,1.0945916988253517,0.35824999999999996,0.7363416988253516,797,4000,4000,0.058780160722749115,0.00012568600613418795,0.3076923076923077,2.815844622893913,24.707911786193506,57.58401739876717,0,797,2867606,0.34375,0.84375,0.614326000213623,0.614326000213623,0.999992847442627,0.00561073932736105,0.9962453066332916,0.9987484355444305,0.9962453066332916,0.6252624052234231,0.15625,0.14889932147205343,1.4255503392639732
PU-R,boundary_duplicate_mnist,1,0.3,0.3,3500,1500,800,1293,2093,796,0.6281957846367732,0.3948111995890059,0.3948111995890059,0.36942857142857144,0.0,0.8660634996330528,0.3692971428571429,0.5979010421733095,763.6184712763502,1.0,16.57856535237879,0.0,1.0105086347628807,15.568056717615907,16.57856535237879,0.9997142857142857,544.120536739557,4.26944999227413e-05,76.52159940684231,785.0,1.0,1.0,1.1856982285796194,0.36942857142857144,0.8162696571510479,797,3500,3500,0.058780160722749115,1.582581761977049e-05,0.3076923076923077,6.822854508322281,19.61848348221287,97.85316984634846,0,797,2469106,0.2975,0.7525,0.5692817568778992,0.5692817568778992,0.9959615468978882,0.0070632917594365095,0.9987484355444305,0.9974968710888611,0.9974968710888611,0.8072916195433456,0.2475,0.15765399774984495,1.4211730011250774
GREATS,boundary_duplicate_mnist,1,0.3,0.3,3500,1500,800,1050,1850,796,,0.45594657076804523,0.45594657076804523,0.30800000000000005,0.03500000000000003,0.892525159578015,0.3093085714285715,0.5373774280549051,1401.0744556291284,1.0,16.61356535237879,0.03500000000000003,1.0105086347628807,15.568056717615907,16.57856535237879,0.9997142857142857,544.120536739557,4.26944999227413e-05,76.52159940684231,785.0,1.0,1.0,1.124269657151048,0.30800000000000005,0.8162696571510479,797,3500,3500,0.058780160722749115,1.582581761977049e-05,0.3076923076923077,6.822854508322281,19.61848348221287,55.42229930590838,0,797,2469106,0.31875,0.86,0.6046248078346252,0.6046248078346252,0.9999986886978149,0.005736886231678635,0.9974968710888611,0.9974968710888611,0.9974968710888611,0.584238811642856,0.14,0.14808366146076316,1.4259581692696184
PU-R,boundary_duplicate_mnist,1,0.3,0.4,3000,2000,800,1093,1893,796,0.6629518232075498,0.4269201130233753,0.4269201130233753,0.3643333333333333,0.0,0.8824939549267636,0.36458666666666667,0.5932739563320594,800.2259760306758,1.0,18.77584389959648,0.0,1.0106968478981797,17.7651470516983,18.77584389959648,0.9996666666666667,544.120536739557,4.303542286001317e-05,76.21789795546712,785.0,1.0,1.0,1.3020946696469093,0.3643333333333333,0.9377613363135762,797,3000,3000,0.058780160722749115,0.00012568600613418795,0.46153846153846156,1.1429157756941084,20.462404694843556,96.1855343952775,0,797,2070606,0.29625,0.8025,0.5580024719238281,0.5580024719238281,0.998272180557251,0.0064833352437828,0.9987484355444305,0.9987484355444305,0.9987484355444305,0.7168998285940986,0.1975,0.15653997051259344,1.4217300147437033
GREATS,boundary_duplicate_mnist,1,0.3,0.4,3000,2000,800,881,1681,796,,0.4538916003082456,0.45389160030824555,0.30233333333333334,0.03249999999999997,0.9057621477559515,0.30110000000000003,0.5288134689337934,1413.2508729014723,1.0,18.80834389959648,0.03249999999999997,1.0106968478981797,17.7651470516983,18.77584389959648,0.9996666666666667,544.120536739557,4.303542286001317e-05,76.21789795546712,785.0,1.0,1.0,1.2400946696469095,0.30233333333333334,0.9377613363135762,797,3000,3000,0.058780160722749115,0.00012568600613418795,0.46153846153846156,1.1429157756941084,20.462404694843556,54.23023637011647,0,797,2070606,0.3275,0.83875,0.5973641872406006,0.5973641872406006,0.9999994039535522,0.005557034479381892,0.9974968710888611,0.9974968710888611,0.9974968710888611,0.6372915828248211,0.16125,0.14800353283120266,1.4259982335843988
PU-R,boundary_duplicate_mnist,1,0.3,0.5,2500,2500,800,801,1601,796,0.674953130132053,0.38941690213203184,0.38941690213203184,0.3208,0.0012499999999999734,0.8726607630102826,0.320856,0.5493054773263427,780.4909563348641,1.0,21.673163018832717,0.0012499999999999734,1.0109159252976647,20.660997093535055,21.67191301883272,0.9996,544.120536739557,4.356298970075629e-05,75.75497611543416,785.0,1.0,1.0,1.3114856522528684,0.3208,0.9906856522528684,797,2500,2500,0.1193776641714437,0.00099817731491033,0.3076923076923077,0.15040538736107592,37.876397405276386,92.87787751294672,0,797,1672106,0.30125,0.82125,0.5644831657409668,0.5644831657409668,0.997061014175415,0.006839155330228269,0.9974968710888611,0.9974968710888611,0.9974968710888611,0.6773348619108743,0.17875,0.1558598453624899,1.4220700773187551
GREATS,boundary_duplicate_mnist,1,0.3,0.5,2500,2500,800,616,1416,796,,0.4528641150783458,0.45286411507834573,0.25639999999999996,0.03125,0.8885801347627769,0.255344,0.4797018140454709,1257.324012575344,1.0,21.70316301883272,0.03125,1.0109159252976647,20.660997093535055,21.67191301883272,0.9996,544.120536739557,4.356298970075629e-05,75.75497611543416,785.0,1.0,1.0,1.2470856522528684,0.25639999999999996,0.9906856522528684,797,2500,2500,0.1193776641714437,0.00099817731491033,0.3076923076923077,0.15040538736107592,37.876397405276386,51.81396386958659,0,797,1672106,0.33625,0.85625,0.6000446081161499,0.6000446081161499,0.9999878406524658,0.006058723168641105,0.9974968710888611,0.9974968710888611,0.9974968710888611,0.5939760926692158,0.14375,0.15175005791346227,1.4241249710432689
PU-R,boundary_duplicate_mnist,1,0.3,0.6,2000,3000,800,542,1342,796,0.7084838947630487,0.4431030053942975,0.4431030053942975,0.271,0.0,0.8714361528435772,0.27158000000000004,0.4974058171537695,804.7579268488059,1.0,25.85957205062697,0.0,1.0112002273348433,24.848371823292126,25.85957205062697,0.9995,544.120536739557,4.366798819190306e-05,75.66384591153823,785.0,1.0,1.0,1.318605315643441,0.271,1.0476053156434408,797,2000,2000,0.1193776641714437,0.00012568600613418795,0.3076923076923077,1.234885682521912,25.382064554997893,90.37160747870803,0,797,1273606,0.3125,0.8325,0.5644487738609314,0.5644487738609314,0.9964727163314819,0.006522663585720432,0.9987484355444305,0.9974968710888611,0.9974968710888611,0.651953759786222,0.1675,0.15661483632201414,1.421692581838993
GREATS,boundary_duplicate_mnist,1,0.3,0.6,2000,3000,800,341,1141,796,,0.40020549704597996,0.40020549704597996,0.17400000000000004,0.008750000000000036,0.8723244662192827,0.17352,0.3849822833099682,1296.1617757069957,1.0,25.86832205062697,0.008750000000000036,1.0112002273348433,24.848371823292126,25.85957205062697,0.9995,544.120536739557,4.366798819190306e-05,75.66384591153823,785.0,1.0,1.0,1.221605315643441,0.17400000000000004,1.0476053156434408,797,2000,2000,0.1193776641714437,0.00012568600613418795,0.3076923076923077,1.234885682521912,25.382064554997893,50.96222221571952,0,797,1273606,0.3125,0.83625,0.5836690664291382,0.5836690664291382,0.9999973773956299,0.005718749657026183,0.9987484355444305,0.9987484355444305,0.9987484355444305,0.6432057407365455,0.16375,0.1492546764423059,1.4253726617788471
PU-R,boundary_duplicate_mnist,1,0.3,0.7,1500,3500,800,283,1083,796,0.7627117772353813,0.3922424865142563,0.39224248651425636,0.18866666666666665,0.0,0.8582346288583583,0.18898666666666664,0.40368527069317495,820.5776043546598,1.0,31.77743165162038,0.0,1.011537632662216,30.765894018958164,31.77743165162038,0.9993333333333333,544.120536739557,4.4809113613595085e-05,74.6941909921297,785.0,1.0,1.0,1.4396206533808802,0.18866666666666665,1.2509539867142137,797,1500,1500,0.1193776641714437,0.00012568600613418795,0.46153846153846156,0.4876560556199891,21.028732967288033,88.94373424071819,0,797,875106,0.33125,0.82875,0.5708750486373901,0.5708750486373901,0.9974896907806396,0.006482288003601926,0.9974968710888611,0.9987484355444305,0.9974968710888611,0.6605562769994274,0.17125,0.1543473397915231,1.4228263301042383
GREATS,boundary_duplicate_mnist,1,0.3,0.7,1500,3500,800,108,908,796,,0.4302594400205497,0.4302594400205497,0.07599999999999996,0.007499999999999951,0.8368446636333614,0.07602666666666666,0.25398125629109736,1239.011786317387,1.0,31.78493165162038,0.007499999999999951,1.011537632662216,30.765894018958164,31.77743165162038,0.9993333333333333,544.120536739557,4.4809113613595085e-05,74.6941909921297,785.0,1.0,1.0,1.3269539867142135,0.07599999999999996,1.2509539867142137,797,1500,1500,0.1193776641714437,0.00012568600613418795,0.46153846153846156,0.4876560556199891,21.028732967288033,48.422160307876766,0,797,875106,0.3575,0.855,0.5743314027786255,0.5743314027786255,0.9997767210006714,0.005682248286483285,0.9974968710888611,0.9987484355444305,0.9974968710888611,0.597185045253784,0.145,0.14832914347599846,1.4258354282620007
PU-R,boundary_duplicate_mnist,1,0.3,0.8,1000,4000,785,0,785,781,0.8295481213135645,0.4490110454662214,0.44901104546622145,0.020000000000000018,0.02547770700636942,0.7723423723068582,0.02302000000000002,0.16294458044394297,828.8417450031131,1.0,41.36084192860816,0.02547770700636942,1.0120488733504678,40.32331534825133,41.33536422160179,0.999,544.120536739557,4.5206028683048606e-05,74.3655554665179,785.0,1.0,1.0,1.607769279091621,0.020000000000000018,1.587769279091621,782,1000,1000,0.1193776641714437,0.00012568600613418795,0.6153846153846154,1.3192348581279068,13.155410339949606,82.7886358415708,1,782,473501,0.2968152866242038,0.8802547770700637,0.5891041159629822,0.5891041159629822,0.9999884963035583,0.00974133106813367,0.9885204081632653,0.9961734693877551,0.9872448979591837,0.528628072790474,0.1197452229299363,0.1696024029363725,1.4151987985318137
GREATS,boundary_duplicate_mnist,1,0.3,0.8,1000,4000,642,0,642,638,,0.4377087079373234,0.4377087079373234,0.006000000000000005,0.009345794392523366,0.7802170521214867,0.006140000000000006,0.12304506748419114,978.7772037255808,1.0,36.10859301867105,0.009345794392523366,1.0120488733504678,35.08719835092806,36.09924722427853,0.999,544.120536739557,4.5206028683048606e-05,74.3655554665179,785.0,1.0,1.0,1.4908335951731149,0.006000000000000005,1.4848335951731149,639,1000,1000,0.1193776641714437,0.00012568600613418795,0.46153846153846156,3.8105977287867745,12.632515111940851,28.8040669253096,1,639,432603,0.30062305295950154,0.8800623052959502,0.5774810314178467,0.5774810314178467,0.9998478889465332,0.008129122391686006,0.9937597503900156,0.9953198127925117,0.9937597503900156,0.5291817441169321,0.11993769470404984,0.15466490242638126,1.4226675487868095
PU-R,boundary_duplicate_mnist,2,0.3,0.0,5000,0,800,1991,2791,796,0.5840788994100876,0.3799126637554585,0.3799126637554585,0.3982,0.0,0.8576819887657865,0.39843999999999996,0.6260773702031928,812.3950154335075,1.0,12.290721673552113,0.0,1.010053624468193,11.28066804908392,12.290721673552113,0.9998,544.120536739557,4.2561214165037085e-05,76.6413242195423,785.0,1.0,1.0,1.0821562425752629,0.3982,0.6839562425752629,797,5000,5000,0.058780160722749115,0.00012568600613418795,0.3076923076923077,0.36348211248317414,36.83055024935381,104.01072219666094,0,797,3664606,0.30125,0.715,0.5616753697395325,0.5616753697395325,0.9985249042510986,0.006689965156127276,0.9974968710888611,0.9987484355444305,0.9974968710888611,0.8621745299412249,0.285,0.15603166867174323,1.4219841656641283
GREATS,boundary_duplicate_mnist,2,0.3,0.0,5000,0,800,1904,2704,796,,0.43873619316722323,0.43873619316722323,0.38680000000000003,0.03749999999999998,0.9014184856323739,0.385504,0.6136651517048742,1450.1833233747245,1.0,12.328221673552113,0.03749999999999998,1.010053624468193,11.28066804908392,12.290721673552113,0.9998,544.120536739557,4.2561214165037085e-05,76.6413242195423,785.0,1.0,1.0,1.0707562425752628,0.38680000000000003,0.6839562425752629,797,5000,5000,0.058780160722749115,0.00012568600613418795,0.3076923076923077,0.36348211248317414,36.83055024935381,61.58448474109173,0,797,3664606,0.32,0.80875,0.6048039793968201,0.6048039793968201,0.9999992847442627,0.005292247837462996,0.9974968710888611,0.9987484355444305,0.9974968710888611,0.7040790516233145,0.19125,0.1490293616939939,1.425485319153003
PU-R,boundary_duplicate_mnist,2,0.3,0.1,4500,500,800,1807,2607,796,0.6063811178901233,0.35756486000513743,0.35756486000513743,0.40155555555555555,0.0,0.8582253120475833,0.40233333333333327,0.629783892861383,713.7255900548528,1.0,13.380345648674087,0.0,1.010177423677787,12.3701682249963,13.380345648674087,0.9997777777777778,544.120536739557,4.295249403824416e-05,76.29143981510967,785.0,1.0,1.0,1.101000589018493,0.40155555555555555,0.6994450334629374,797,4500,4500,0.058780160722749115,0.00012568600613418795,0.3076923076923077,1.0601192454501767,30.443296760233448,102.51681479252875,0,797,3266106,0.32,0.75625,0.5646756887435913,0.5646756887435913,0.9969440698623657,0.006628204712388368,0.9987484355444305,0.9987484355444305,0.9987484355444305,0.8012209808507773,0.24375,0.1584620031832701,1.420768998408365
GREATS,boundary_duplicate_mnist,2,0.3,0.1,4500,500,800,1612,2412,796,,0.45697405599794505,0.45697405599794505,0.368,0.05500000000000005,0.8986288974610303,0.36977333333333334,0.5983676576865442,1385.0020285077828,1.0,13.435345648674087,0.05500000000000005,1.010177423677787,12.3701682249963,13.380345648674087,0.9997777777777778,544.120536739557,4.295249403824416e-05,76.29143981510967,785.0,1.0,1.0,1.0674450334629375,0.368,0.6994450334629374,797,4500,4500,0.058780160722749115,0.00012568600613418795,0.3076923076923077,1.0601192454501767,30.443296760233448,59.45471027866006,0,797,3266106,0.30125,0.86125,0.6240347623825073,0.6240347623825073,0.9999996423721313,0.006073581943001705,0.9974968710888611,0.9987484355444305,0.9974968710888611,0.5809557895770766,0.13875,0.15014175092772347,1.4249291245361384
PU-R,boundary_duplicate_mnist,2,0.3,0.2,4000,1000,800,1557,2357,796,0.6177273849025369,0.40996660673002827,0.40996660673002827,0.38925,0.0,0.865468369137899,0.3897149999999999,0.6177220934806371,755.4698393523003,1.0,14.785242762163985,0.0,1.0103302300466777,13.774912532117307,14.785242762163985,0.99975,544.120536739557,4.291160251787179e-05,76.3277811532685,785.0,1.0,1.0,1.1255916988253516,0.38925,0.7363416988253516,797,4000,4000,0.058780160722749115,0.00012568600613418795,0.3076923076923077,2.815844622893913,24.707911786193506,99.46131362579763,0,797,2867606,0.2925,0.72125,0.5593833327293396,0.5593833327293396,0.9985240697860718,0.006578541739618823,0.9987484355444305,0.9974968710888611,0.9974968710888611,0.8537420020613856,0.27875,0.15763081129591502,1.4211845943520425
GREATS,boundary_duplicate_mnist,2,0.3,0.2,4000,1000,800,1420,2220,796,,0.45055227331107117,0.45055227331107117,0.36175,0.03374999999999995,0.9053264690462567,0.36229,0.5910104567162568,1377.4578270403326,1.0,14.818992762163985,0.03374999999999995,1.0103302300466777,13.774912532117307,14.785242762163985,0.99975,544.120536739557,4.291160251787179e-05,76.3277811532685,785.0,1.0,1.0,1.0980916988253515,0.36175,0.7363416988253516,797,4000,4000,0.058780160722749115,0.00012568600613418795,0.3076923076923077,2.815844622893913,24.707911786193506,58.10529003292322,0,797,2867606,0.30625,0.805,0.6083292365074158,0.6083292365074158,0.9999923706054688,0.005771530602122651,0.9987484355444305,0.9987484355444305,0.9987484355444305,0.7118146702143195,0.195,0.15120129070357222,1.4243993546482139
PU-R,boundary_duplicate_mnist,2,0.3,0.3,3500,1500,800,1270,2070,796,0.6216910966322757,0.4438736193167223,0.4438736193167223,0.3631428571428571,0.0012499999999999734,0.8616537038538931,0.3632571428571429,0.5919642332956732,758.7302989381895,1.0,16.47434292741572,0.0012499999999999734,1.0104911361285498,15.46260179128717,16.47309292741572,0.9997142857142857,544.120536739557,4.3278838625890114e-05,76.00325728011596,785.0,1.0,1.0,1.179412514293905,0.3631428571428571,0.8162696571510479,797,3500,3500,0.058780160722749115,1.582581761977049e-05,0.3076923076923077,6.822854508322281,19.61848348221287,99.40387034509331,0,797,2469106,0.32625,0.7275,0.5681928396224976,0.5681928396224976,0.9978391528129578,0.006623768220272134,0.9974968710888611,0.9987484355444305,0.9974968710888611,0.8450291493072357,0.2725,0.15547618987133846,1.4222619050643308
GREATS,boundary_duplicate_mnist,2,0.3,0.3,3500,1500,800,1099,1899,796,,0.4389930644746982,0.43899306447469816,0.32171428571428573,0.03374999999999995,0.903394649260533,0.32036571428571425,0.5488018208204252,1468.4695925771127,1.0,16.506842927415722,0.03374999999999995,1.0104911361285498,15.46260179128717,16.47309292741572,0.9997142857142857,544.120536739557,4.3278838625890114e-05,76.00325728011596,785.0,1.0,1.0,1.1379839428653336,0.32171428571428573,0.8162696571510479,797,3500,3500,0.058780160722749115,1.582581761977049e-05,0.3076923076923077,6.822854508322281,19.61848348221287,56.63629552535713,0,797,2469106,0.32375,0.84375,0.6088693737983704,0.6088693737983704,0.9999972581863403,0.005905966577498948,0.9974968710888611,0.9974968710888611,0.9974968710888611,0.6252624052234231,0.15625,0.15064534159143483,1.4246773292042825
PU-R,boundary_duplicate_mnist,2,0.3,0.4,3000,2000,800,1053,1853,796,0.6498239142238162,0.4528641150783458,0.45286411507834573,0.351,0.0,0.8682100302091124,0.35044666666666663,0.5792593405185272,753.8976546081516,1.0,18.750214404295022,0.0,1.0106931308163167,17.739521273478704,18.750214404295022,0.9996666666666667,544.120536739557,4.31598470455483e-05,76.10795555286911,785.0,1.0,1.0,1.2887613363135761,0.351,0.9377613363135762,797,3000,3000,0.058780160722749115,0.00012568600613418795,0.46153846153846156,1.1429157756941084,20.462404694843556,97.8490488762036,0,797,2070606,0.325,0.775,0.5558515787124634,0.5558515787124634,0.9973807334899902,0.005976817957272398,0.9974968710888611,0.9974968710888611,0.9974968710888611,0.7691928290130138,0.225,0.15250422436657457,1.4237478878167127
GREATS,boundary_duplicate_mnist,2,0.3,0.4,3000,2000,800,858,1658,796,,0.4415617775494477,0.44156177754944775,0.29500000000000004,0.03374999999999995,0.8967086194731507,0.29283333333333333,0.5201158791764066,1353.354822730818,1.0,18.783964404295023,0.03374999999999995,1.0106931308163167,17.739521273478704,18.750214404295022,0.9996666666666667,544.120536739557,4.31598470455483e-05,76.10795555286911,785.0,1.0,1.0,1.232761336313576,0.29500000000000004,0.9377613363135762,797,3000,3000,0.058780160722749115,0.00012568600613418795,0.46153846153846156,1.1429157756941084,20.462404694843556,54.90169088821858,0,797,2070606,0.315,0.81375,0.6021097302436829,0.6021097302436829,0.9999830722808838,0.005742821775992239,0.9974968710888611,0.9987484355444305,0.9974968710888611,0.6935605024751113,0.18625,0.14895508997699825,1.4255224550115009
PU-R,boundary_duplicate_mnist,2,0.3,0.5,2500,2500,800,775,1575,796,0.6647486653528176,0.34395068070896484,0.3439506807089648,0.3104,0.0012499999999999734,0.8617075460284905,0.310592,0.5387099944331611,748.6500048695324,1.0,21.54009347972134,0.0012499999999999734,1.0108992855390189,20.52794419418232,21.53884347972134,0.9996,544.120536739557,4.41295312064738e-05,75.26712844927725,785.0,1.0,1.0,1.3010856522528684,0.3104,0.9906856522528684,797,2500,2500,0.1193776641714437,0.00099817731491033,0.3076923076923077,0.15040538736107592,37.876397405276386,95.08331282716244,0,797,1672106,0.31,0.795,0.5628233551979065,0.5628233551979065,0.9988443851470947,0.006254348127780137,0.9974968710888611,0.9987484355444305,0.9974968710888611,0.731816079376955,0.205,0.15421832650590242,1.4228908367470487
GREATS,boundary_duplicate_mnist,2,0.3,0.5,2500,2500,800,581,1381,796,,0.39301310043668125,0.3930131004366812,0.24080000000000001,0.026249999999999996,0.8873371005379809,0.24074399999999996,0.46350265203169794,1332.7577996685218,1.0,21.56509347972134,0.026249999999999996,1.0108992855390189,20.52794419418232,21.53884347972134,0.9996,544.120536739557,4.41295312064738e-05,75.26712844927725,785.0,1.0,1.0,1.2314856522528683,0.24080000000000001,0.9906856522528684,797,2500,2500,0.1193776641714437,0.00099817731491033,0.3076923076923077,0.15040538736107592,37.876397405276386,52.772221425548196,0,797,1672106,0.315,0.86,0.5958523750305176,0.5958523750305176,0.9999972581863403,0.005821055042917592,0.9974968710888611,0.9987484355444305,0.9974968710888611,0.584238811642856,0.14,0.15015028043163017,1.424924859784185
PU-R,boundary_duplicate_mnist,2,0.3,0.6,2000,3000,800,525,1325,796,0.700215422490146,0.3627022861546365,0.3627022861546365,0.26249999999999996,0.0,0.8603192092489923,0.26287,0.48794783420885784,769.1083378563872,1.0,25.836980483987823,0.0,1.0111978841969944,24.825782599790827,25.836980483987823,0.9995,544.120536739557,4.374749220918684e-05,75.59506122260898,785.0,1.0,1.0,1.3101053156434408,0.26249999999999996,1.0476053156434408,797,2000,2000,0.1193776641714437,0.00012568600613418795,0.3076923076923077,1.234885682521912,25.382064554997893,92.79484825115651,0,797,1273606,0.3075,0.79875,0.5668767690658569,0.5668767690658569,0.9986563920974731,0.006906499285414087,0.9987484355444305,0.9987484355444305,0.9987484355444305,0.7244210614477464,0.20125,0.15633307721262488,1.4218334613936876
GREATS,boundary_duplicate_mnist,2,0.3,0.6,2000,3000,800,350,1150,796,,0.39943488312355513,0.3994348831235551,0.18100000000000005,0.015000000000000013,0.8722218408478791,0.17933000000000004,0.3920579176915057,1261.664794354161,1.0,25.851980483987823,0.015000000000000013,1.0111978841969944,24.825782599790827,25.836980483987823,0.9995,544.120536739557,4.374749220918684e-05,75.59506122260898,785.0,1.0,1.0,1.2286053156434409,0.18100000000000005,1.0476053156434408,797,2000,2000,0.1193776641714437,0.00012568600613418795,0.3076923076923077,1.234885682521912,25.382064554997893,51.17987332586199,0,797,1273606,0.3,0.8475,0.5926553010940552,0.5926553010940552,0.9999992847442627,0.006179208374781551,0.9974968710888611,0.9974968710888611,0.9974968710888611,0.6160613557883331,0.1525,0.15128974649088844,1.4243551267545558
PU-R,boundary_duplicate_mnist,2,0.3,0.7,1500,3500,800,305,1105,796,0.776685856282711,0.4366812227074236,0.4366812227074236,0.20333333333333337,0.0,0.8673230816596922,0.2027466666666667,0.4199826862560236,818.8528407988615,1.0,31.87734154097524,0.0,1.0115459875888049,30.865795553386437,31.87734154097524,0.9993333333333333,544.120536739557,4.45195208969153e-05,74.93673438412065,785.0,1.0,1.0,1.454287320047547,0.20333333333333337,1.2509539867142137,797,1500,1500,0.1193776641714437,0.00012568600613418795,0.46153846153846156,0.4876560556199891,21.028732967288033,90.2733523529023,0,797,875106,0.32625,0.8525,0.5716063380241394,0.5716063380241394,0.9982099533081055,0.006697442402180009,0.9987484355444305,0.9987484355444305,0.9987484355444305,0.6035485305007462,0.1475,0.15603241524526618,1.4219837923773668
GREATS,boundary_duplicate_mnist,2,0.3,0.7,1500,3500,800,109,909,796,,0.43847932185974825,0.43847932185974825,0.07999999999999996,0.01375000000000004,0.8348611405637251,0.07939999999999998,0.2590535367325525,1205.967675186639,1.0,31.891091540975243,0.01375000000000004,1.0115459875888049,30.865795553386437,31.87734154097524,0.9993333333333333,544.120536739557,4.45195208969153e-05,74.93673438412065,785.0,1.0,1.0,1.3309539867142135,0.07999999999999996,1.2509539867142137,797,1500,1500,0.1193776641714437,0.00012568600613418795,0.46153846153846156,0.4876560556199891,21.028732967288033,49.308078174479306,0,797,875106,0.3075,0.87125,0.584342360496521,0.584342360496521,0.9999926090240479,0.006383368777791889,0.9962453066332916,0.9974968710888611,0.9962453066332916,0.5540000624370218,0.12875,0.1518029251387728,1.4240985374306137
PU-R,boundary_duplicate_mnist,2,0.3,0.8,1000,4000,800,3,803,796,0.846056308306288,0.4045723092730542,0.4045723092730542,0.020000000000000018,0.02124999999999999,0.7636047800173992,0.018680000000000016,0.15377299076299797,825.2467094219987,1.0,41.96600248026038,0.02124999999999999,1.0120553260632548,40.93269715419712,41.94475248026038,0.999,544.120536739557,4.4980335159722356e-05,74.55189048575495,785.0,1.0,1.0,1.616079431964411,0.020000000000000018,1.596079431964411,797,1000,1000,0.1193776641714437,0.00012568600613418795,0.6153846153846154,1.4330191694766807,12.9415531363113,88.75569601356983,0,797,476606,0.28875,0.865,0.5872721076011658,0.5872721076011658,0.9999526739120483,0.009529672357272962,0.986232790988736,0.9949937421777222,0.986232790988736,0.5709929600768897,0.135,0.1688451572052616,1.4155774213973693
GREATS,boundary_duplicate_mnist,2,0.3,0.8,1000,4000,667,0,667,663,,0.40405856665810425,0.4040585666581043,0.0030000000000000027,0.004497751124437732,0.7863581191015082,0.004040000000000004,0.11669734410297224,1023.5924575400064,1.0,37.164364545998964,0.004497751124437732,1.0120553260632548,36.14781146881127,37.159866794874524,0.999,544.120536739557,4.4980335159722356e-05,74.55189048575495,785.0,1.0,1.0,1.5211908191648638,0.0030000000000000027,1.5181908191648639,664,1000,1000,0.1193776641714437,0.00012568600613418795,0.46153846153846156,4.3165173692040195,12.235646646538552,32.22474595159292,1,664,441228,0.27586206896551724,0.8740629685157422,0.573172390460968,0.573172390460968,0.9918065071105957,0.007503536241597499,0.996996996996997,0.996996996996997,0.996996996996997,0.5461892447538423,0.12593703148425786,0.15277443233929194,1.423612783830354
PU-R,boundary_duplicate_mnist,3,0.3,0.0,5000,0,800,2057,2857,796,0.5972125348635018,0.4220395581813512,0.42203955818135114,0.4114,0.0,0.8559908197987719,0.411136,0.6381149591328322,721.7866198152336,1.0,12.252980301695903,0.0,1.0100450023513645,11.242935299344538,12.252980301695903,0.9998,544.120536739557,4.284737547272287e-05,76.38496636078006,785.0,1.0,1.0,1.0953562425752628,0.4114,0.6839562425752629,797,5000,5000,0.058780160722749115,0.00012568600613418795,0.3076923076923077,0.36348211248317414,36.83055024935381,108.78366908896714,0,797,3664606,0.32375,0.74875,0.5521566271781921,0.5521566271781921,0.9961523413658142,0.006732800687536206,0.9987484355444305,0.9987484355444305,0.9987484355444305,0.8132533230154155,0.25125,0.15736013459022952,1.4213199327048853
GREATS,boundary_duplicate_mnist,3,0.3,0.0,5000,0,800,1955,2755,796,,0.4356537374775238,0.4356537374775238,0.3944,0.02124999999999999,0.9104808123152838,0.39376000000000005,0.6216041286467827,1532.7249429923486,1.0,12.274230301695903,0.02124999999999999,1.0100450023513645,11.242935299344538,12.252980301695903,0.9998,544.120536739557,4.284737547272287e-05,76.38496636078006,785.0,1.0,1.0,1.0783562425752629,0.3944,0.6839562425752629,797,5000,5000,0.058780160722749115,0.00012568600613418795,0.3076923076923077,0.36348211248317414,36.83055024935381,64.13478079810739,0,797,3664606,0.35,0.77125,0.5946172475814819,0.5946172475814819,0.9999979734420776,0.005740367650090529,0.9987484355444305,0.9987484355444305,0.9987484355444305,0.7758259004732616,0.22875,0.15068068465351847,1.4246596576732409
PU-R,boundary_duplicate_mnist,3,0.3,0.1,4500,500,800,1845,2645,796,0.6147620674455538,0.45055227331107117,0.45055227331107117,0.41000000000000003,0.0,0.8637888688079577,0.40981333333333336,0.6368674929281564,720.6485469960601,1.0,13.381728146116801,0.0,1.010177711240243,12.371550434876559,13.381728146116801,0.9997777777777778,544.120536739557,4.2942896850658534e-05,76.29996441881542,785.0,1.0,1.0,1.1094450334629373,0.41000000000000003,0.6994450334629374,797,4500,4500,0.058780160722749115,0.00012568600613418795,0.3076923076923077,1.0601192454501767,30.443296760233448,105.78055858332664,0,797,3266106,0.32125,0.70875,0.5600621104240417,0.5600621104240417,0.9967713952064514,0.006706363548325358,0.9987484355444305,0.9974968710888611,0.9974968710888611,0.8703304845913611,0.29125,0.1588564081639722,1.420571795918014
GREATS,boundary_duplicate_mnist,3,0.3,0.1,4500,500,800,1693,2493,796,,0.4759825327510917,0.4759825327510917,0.38222222222222224,0.03374999999999995,0.9006236859658947,0.38004,0.6083771863813532,1334.5666326159717,1.0,13.4154781461168,0.03374999999999995,1.010177711240243,12.371550434876559,13.381728146116801,0.9997777777777778,544.120536739557,4.2942896850658534e-05,76.29996441881542,785.0,1.0,1.0,1.0816672556851596,0.38222222222222224,0.6994450334629374,797,4500,4500,0.058780160722749115,0.00012568600613418795,0.3076923076923077,1.0601192454501767,30.443296760233448,61.57144475914538,0,797,3266106,0.33875,0.7825,0.6031472682952881,0.6031472682952881,0.999998152256012,0.00637914613588656,0.9974968710888611,0.9974968710888611,0.9974968710888611,0.7555762317028525,0.2175,0.15330345672779344,1.4233482716361032
PU-R,boundary_duplicate_mnist,3,0.3,0.2,4000,1000,800,1574,2374,796,0.6219391018967144,0.41253531980477776,0.4125353198047778,0.39375000000000004,0.0012499999999999734,0.8726939397210509,0.393575,0.6214269010713231,798.0427598785112,1.0,14.734198653777892,0.0012499999999999734,1.01032044124098,13.722628212536911,14.73294865377789,0.99975,544.120536739557,4.323921878217079e-05,76.03806997772563,785.0,1.0,1.0,1.1300916988253515,0.39375000000000004,0.7363416988253516,797,4000,4000,0.058780160722749115,0.00012568600613418795,0.3076923076923077,2.815844622893913,24.707911786193506,102.66802222374827,0,797,2867606,0.33625,0.72625,0.5631293058395386,0.5631293058395386,0.9975384473800659,0.006662098045119356,0.9962453066332916,0.9974968710888611,0.9962453066332916,0.8467943330488644,0.27375,0.15506789863792278,1.4224660506810385
GREATS,boundary_duplicate_mnist,3,0.3,0.2,4000,1000,800,1371,2171,796,,0.47649627536604167,0.4764962753660416,0.349,0.03125,0.9031195254839267,0.34840499999999996,0.5772200967879643,1449.9315712407515,1.0,14.76419865377789,0.03125,1.01032044124098,13.722628212536911,14.73294865377789,0.99975,544.120536739557,4.323921878217079e-05,76.03806997772563,785.0,1.0,1.0,1.0853416988253515,0.349,0.7363416988253516,797,4000,4000,0.058780160722749115,0.00012568600613418795,0.3076923076923077,2.815844622893913,24.707911786193506,58.855538881383836,0,797,2867606,0.33375,0.81375,0.6022473573684692,0.6022473573684692,0.9999966621398926,0.005353985498257177,0.9974968710888611,0.9974968710888611,0.9974968710888611,0.6935605024751113,0.18625,0.1466790406949188,1.4266604796525406
PU-R,boundary_duplicate_mnist,3,0.3,0.3,3500,1500,800,1336,2136,796,0.6403412270010449,0.37066529668636017,0.3706652966863601,0.3817142857142857,0.0,0.87371248949814,0.38151428571428575,0.6098066404711567,764.945780972629,1.0,16.45622143301027,0.0,1.0104883259890312,15.44573310702124,16.45622143301027,0.9997142857142857,544.120536739557,4.337342212234287e-05,75.9203427119504,785.0,1.0,1.0,1.1979839428653336,0.3817142857142857,0.8162696571510479,797,3500,3500,0.058780160722749115,1.582581761977049e-05,0.3076923076923077,6.822854508322281,19.61848348221287,99.89214635826647,0,797,2469106,0.3425,0.75625,0.5534845590591431,0.5534845590591431,0.9971197843551636,0.00642163888347313,0.9987484355444305,0.9987484355444305,0.9987484355444305,0.8012209808507773,0.24375,0.1554502157075368,1.4222748921462316
GREATS,boundary_duplicate_mnist,3,0.3,0.3,3500,1500,800,1167,1967,796,,0.4880554842024146,0.48805548420241457,0.3414285714285714,0.03500000000000003,0.9111385104531404,0.3392914285714286,0.568068302166233,1442.9033310491573,1.0,16.49122143301027,0.03500000000000003,1.0104883259890312,15.44573310702124,16.45622143301027,0.9997142857142857,544.120536739557,4.337342212234287e-05,75.9203427119504,785.0,1.0,1.0,1.1576982285796193,0.3414285714285714,0.8162696571510479,797,3500,3500,0.058780160722749115,1.582581761977049e-05,0.3076923076923077,6.822854508322281,19.61848348221287,56.607470316812396,0,797,2469106,0.29125,0.825,0.6058220267295837,0.6058220267295837,0.9999982118606567,0.005581204785274177,0.9974968710888611,0.9987484355444305,0.9974968710888611,0.6690158350565576,0.175,0.14941112155289094,1.4252944392235545
PU-R,boundary_duplicate_mnist,3,0.3,0.4,3000,2000,800,1072,1872,796,0.6560629821615294,0.4392499357821731,0.43924993578217314,0.3573333333333333,0.0,0.8694136884438749,0.3571733333333333,0.5859499012868012,731.7130780424517,1.0,18.711448023295148,0.0,1.0106874982851977,17.70076052500995,18.711448023295148,0.9996666666666667,544.120536739557,4.334907503064492e-05,75.94166012267246,785.0,1.0,1.0,1.2950946696469094,0.3573333333333333,0.9377613363135762,797,3000,3000,0.058780160722749115,0.00012568600613418795,0.46153846153846156,1.1429157756941084,20.462404694843556,97.53637280128896,0,797,2070606,0.31125,0.80625,0.5535446405410767,0.5535446405410767,0.9981807470321655,0.006198672027133629,0.9987484355444305,0.9987484355444305,0.9987484355444305,0.7092505850649066,0.19375,0.15514587960360787,1.422427060198196
GREATS,boundary_duplicate_mnist,3,0.3,0.4,3000,2000,800,866,1666,796,,0.5111739018751605,0.5111739018751605,0.29433333333333334,0.02124999999999999,0.9028776453517074,0.2945,0.521875404129304,1419.9885278696233,1.0,18.732698023295146,0.02124999999999999,1.0106874982851977,17.70076052500995,18.711448023295148,0.9996666666666667,544.120536739557,4.334907503064492e-05,75.94166012267246,785.0,1.0,1.0,1.2320946696469095,0.29433333333333334,0.9377613363135762,797,3000,3000,0.058780160722749115,0.00012568600613418795,0.46153846153846156,1.1429157756941084,20.462404694843556,54.670060923323035,0,797,2070606,0.35,0.845,0.5914453268051147,0.5914453268051147,0.9999909400939941,0.006170063264416216,0.9962453066332916,0.9974968710888611,0.9962453066332916,0.6222126380063134,0.155,0.15134080074996434,1.4243295996250178
PU-R,boundary_duplicate_mnist,3,0.3,0.5,2500,2500,800,798,1598,796,0.6737766104051843,0.38684818905728235,0.3868481890572823,0.31920000000000004,0.0,0.871501986416648,0.32022400000000006,0.5486561961025804,774.8970997059469,1.0,21.579064549768255,0.0,1.010904326321737,20.56816022344652,21.579064549768255,0.9996,544.120536739557,4.395713080817933e-05,75.41458330455721,785.0,1.0,1.0,1.3098856522528686,0.31920000000000004,0.9906856522528684,797,2500,2500,0.1193776641714437,0.00099817731491033,0.3076923076923077,0.15040538736107592,37.876397405276386,96.4709718041122,0,797,1672106,0.3225,0.795,0.5654377341270447,0.5654377341270447,0.9979691505432129,0.006713181808684137,0.9974968710888611,0.9987484355444305,0.9974968710888611,0.731816079376955,0.205,0.15707405578043374,1.4214629721097831
GREATS,boundary_duplicate_mnist,3,0.3,0.5,2500,2500,800,612,1412,796,,0.48420241459029023,0.4842024145902903,0.254,0.028750000000000053,0.8975692194619294,0.254648,0.47893570458841767,1358.985262203128,1.0,21.607814549768253,0.028750000000000053,1.010904326321737,20.56816022344652,21.579064549768255,0.9996,544.120536739557,4.395713080817933e-05,75.41458330455721,785.0,1.0,1.0,1.2446856522528684,0.254,0.9906856522528684,797,2500,2500,0.1193776641714437,0.00099817731491033,0.3076923076923077,0.15040538736107592,37.876397405276386,53.31616149097681,0,797,1672106,0.325,0.86,0.5980286598205566,0.5980286598205566,0.9999628663063049,0.005604574868854168,0.9962453066332916,0.9987484355444305,0.9962453066332916,0.584238811642856,0.14,0.14924717895365264,1.4253764105231737
PU-R,boundary_duplicate_mnist,3,0.3,0.6,2000,3000,800,521,1321,796,0.698267838859465,0.37708707937323405,0.377087079373234,0.26049999999999995,0.0,0.8676392878085547,0.26072,0.4855992038758342,825.0469681613121,1.0,25.575915711417558,0.0,1.0111706519181622,24.564745059499394,25.575915711417558,0.9995,544.120536739557,4.4682198734202174e-05,74.80019609558187,785.0,1.0,1.0,1.3081053156434408,0.26049999999999995,1.0476053156434408,797,2000,2000,0.1193776641714437,0.00012568600613418795,0.3076923076923077,1.234885682521912,25.382064554997893,93.39590491633862,0,797,1273606,0.33125,0.80625,0.5579545497894287,0.5579545497894287,0.9975029230117798,0.006442548162104618,0.9974968710888611,0.9974968710888611,0.9974968710888611,0.7092505850649066,0.19375,0.15446175601394724,1.4227691219930265
GREATS,boundary_duplicate_mnist,3,0.3,0.6,2000,3000,800,347,1147,796,,0.44849730285127154,0.44849730285127154,0.1815,0.020000000000000018,0.8831084167455354,0.18093,0.39399573341342714,1350.6897770776945,1.0,25.595915711417558,0.020000000000000018,1.0111706519181622,24.564745059499394,25.575915711417558,0.9995,544.120536739557,4.4682198734202174e-05,74.80019609558187,785.0,1.0,1.0,1.2291053156434408,0.1815,1.0476053156434408,797,2000,2000,0.1193776641714437,0.00012568600613418795,0.3076923076923077,1.234885682521912,25.382064554997893,51.75226963870227,0,797,1273606,0.35,0.86875,0.5867271423339844,0.5867271423339844,0.9999699592590332,0.005608782778903189,0.9974968710888611,0.9987484355444305,0.9974968710888611,0.560856376219103,0.13125,0.14747621463425611,1.4262618926828718
PU-R,boundary_duplicate_mnist,3,0.3,0.7,1500,3500,800,286,1086,796,0.7646207641810179,0.479835602363216,0.47983560236321604,0.19133333333333336,0.0012499999999999734,0.8637945815084788,0.19143999999999994,0.40661377300629126,842.6533155945832,1.0,31.968598176140443,0.0012499999999999734,1.0115534912986093,30.955794684841834,31.967348176140444,0.9993333333333333,544.120536739557,4.4261030116691776e-05,75.15523647965257,785.0,1.0,1.0,1.442287320047547,0.19133333333333336,1.2509539867142137,797,1500,1500,0.1193776641714437,0.00012568600613418795,0.46153846153846156,0.4876560556199891,21.028732967288033,90.81404863856733,0,797,875106,0.35,0.83375,0.569711446762085,0.569711446762085,0.9979685544967651,0.00636202783250391,0.9974968710888611,0.9987484355444305,0.9974968710888611,0.6490540493225042,0.16625,0.15552712311714548,1.4222364384414272
GREATS,boundary_duplicate_mnist,3,0.3,0.7,1500,3500,800,121,921,796,,0.47675314667351654,0.4767531466735166,0.09533333333333338,0.02749999999999997,0.8590078283756929,0.09418666666666668,0.2806776718081073,1279.6780357759476,1.0,31.994848176140444,0.02749999999999997,1.0115534912986093,30.955794684841834,31.967348176140444,0.9993333333333333,544.120536739557,4.4261030116691776e-05,75.15523647965257,785.0,1.0,1.0,1.346287320047547,0.09533333333333338,1.2509539867142137,797,1500,1500,0.1193776641714437,0.00012568600613418795,0.46153846153846156,0.4876560556199891,21.028732967288033,49.3119839373976,0,797,875106,0.3425,0.86125,0.5884398221969604,0.5884398221969604,0.9999945163726807,0.006168516653500152,0.9974968710888611,0.9974968710888611,0.9974968710888611,0.5809557895770766,0.13875,0.15048741425853424,1.424756292870733
PU-R,boundary_duplicate_mnist,3,0.3,0.8,1000,4000,800,21,821,796,0.8624129884992726,0.46288209606986896,0.462882096069869,0.030000000000000027,0.011249999999999982,0.7910877709177911,0.029760000000000026,0.17634536096209769,857.7324260878383,1.0,41.60698322861748,0.011249999999999982,1.0120332475696592,40.58369998104782,41.59573322861748,0.999,544.120536739557,4.57572730381167e-05,73.91625196590734,785.0,1.0,1.0,1.626079431964411,0.030000000000000027,1.596079431964411,797,1000,1000,0.1193776641714437,0.00012568600613418795,0.6153846153846154,1.4330191694766807,12.9415531363113,87.05754594970495,0,797,476606,0.32,0.83625,0.5801478624343872,0.5801478624343872,0.9993183016777039,0.008131653949902748,0.9962453066332916,0.9987484355444305,0.9962453066332916,0.6432057407365455,0.16375,0.1633252164539189,1.4183373917730404
GREATS,boundary_duplicate_mnist,3,0.3,0.8,1000,4000,681,0,681,677,,0.45337785769329564,0.45337785769329564,0.0050000000000000044,0.007342143906020504,0.7832773985868255,0.004860000000000004,0.1192528272574433,1002.979765819458,1.0,37.38860803027187,0.007342143906020504,1.0120332475696592,36.369232638796184,37.381265886365846,0.999,544.120536739557,4.57572730381167e-05,73.91625196590734,785.0,1.0,1.0,1.5425718924565808,0.0050000000000000044,1.5375718924565809,678,1000,1000,0.1193776641714437,0.00012568600613418795,0.46153846153846156,4.61248205896462,12.025961589896184,33.03259872831404,1,678,445785,0.3186490455212922,0.8340675477239354,0.5625162720680237,0.5625162720680237,0.9999955892562866,0.007103695412104785,0.9955882352941177,0.9970588235294118,0.9955882352941177,0.6483148255574813,0.16593245227606462,0.15205140528740613,1.423974297356297
PU-R,boundary_duplicate_mnist,4,0.3,0.0,5000,0,800,2010,2810,796,0.5878617334528826,0.3901875160544567,0.39018751605445673,0.4022,0.0012499999999999734,0.854441256038757,0.40152,0.6290106927061773,763.8434706203961,1.0,12.553323061442718,0.0012499999999999734,1.0101125532719146,11.541960508170803,12.552073061442718,0.9998,544.120536739557,4.065598430679006e-05,78.41655596874935,785.0,1.0,1.0,1.0861562425752629,0.4022,0.6839562425752629,797,5000,5000,0.058780160722749115,0.00012568600613418795,0.3076923076923077,0.36348211248317414,36.83055024935381,106.65155557822436,0,797,3664606,0.31,0.715,0.5576926469802856,0.5576926469802856,0.9961150884628296,0.006653142997409883,0.9974968710888611,0.9974968710888611,0.9962453066332916,0.8621745299412249,0.285,0.156874012949004,1.421562993525498
GREATS,boundary_duplicate_mnist,4,0.3,0.0,5000,0,800,1812,2612,796,,0.43719496532237345,0.4371949653223735,0.36860000000000004,0.03874999999999995,0.8902557109702512,0.36904400000000004,0.5976529039948065,1414.4472219427767,1.0,12.590823061442718,0.03874999999999995,1.0101125532719146,11.541960508170803,12.552073061442718,0.9998,544.120536739557,4.065598430679006e-05,78.41655596874935,785.0,1.0,1.0,1.052556242575263,0.36860000000000004,0.6839562425752629,797,5000,5000,0.058780160722749115,0.00012568600613418795,0.3076923076923077,0.36348211248317414,36.83055024935381,62.916543246246874,0,797,3664606,0.30375,0.7825,0.6114851832389832,0.6114851832389832,1.0000001192092896,0.005208521298085047,0.9974968710888611,0.9974968710888611,0.9974968710888611,0.7555762317028525,0.2175,0.15004326208678573,1.4249783689566071
PU-R,boundary_duplicate_mnist,4,0.3,0.1,4500,500,800,1672,2472,796,0.5765403580153361,0.32288723349601844,0.3228872334960185,0.37177777777777776,0.0012499999999999734,0.8364782727449054,0.3719733333333333,0.6005207032276297,701.8787152942665,1.0,13.706774008363878,0.0012499999999999734,1.0102441940321,12.695279814331776,13.705524008363877,0.9997777777777778,544.120536739557,4.078073441642292e-05,78.29652420845385,785.0,1.0,1.0,1.0712228112407152,0.37177777777777776,0.6994450334629374,797,4500,4500,0.058780160722749115,0.00012568600613418795,0.3076923076923077,1.0601192454501767,30.443296760233448,102.89902930147946,0,797,3266106,0.295,0.76,0.5614960789680481,0.5614960789680481,0.9983742237091064,0.006230520963370427,0.9974968710888611,0.9962453066332916,0.9962453066332916,0.7950402793845223,0.24,0.15434281000510025,1.42282859499745
GREATS,boundary_duplicate_mnist,4,0.3,0.1,4500,500,800,1610,2410,796,,0.4526072437708708,0.4526072437708708,0.36488888888888893,0.040000000000000036,0.9026371021791636,0.3654888888888889,0.5941618028560446,1480.6987198705433,1.0,13.745524008363876,0.040000000000000036,1.0102441940321,12.695279814331776,13.705524008363877,0.9997777777777778,544.120536739557,4.078073441642292e-05,78.29652420845385,785.0,1.0,1.0,1.0643339223518264,0.36488888888888893,0.6994450334629374,797,4500,4500,0.058780160722749115,0.00012568600613418795,0.3076923076923077,1.0601192454501767,30.443296760233448,61.295388424769044,0,797,3266106,0.32375,0.8375,0.6151751279830933,0.6151751279830933,0.9999999403953552,0.005127417280318889,0.9974968710888611,0.9974968710888611,0.9962453066332916,0.6402569436810505,0.1625,0.14821651910055447,1.4258917404497229
PU-R,boundary_duplicate_mnist,4,0.3,0.2,4000,1000,800,1553,2353,796,0.616736066993326,0.3850500899049576,0.3850500899049576,0.38849999999999996,0.0012499999999999734,0.8691418860262917,0.3891250000000001,0.6171546387664687,790.5499033668314,1.0,15.109860843176223,0.0012499999999999734,1.0103899496808015,14.098220893495421,15.108610843176223,0.99975,544.120536739557,4.096602364411663e-05,78.11925603884423,785.0,1.0,1.0,1.1248416988253516,0.38849999999999996,0.7363416988253516,797,4000,4000,0.058780160722749115,0.00012568600613418795,0.3076923076923077,2.815844622893913,24.707911786193506,102.7870953893289,0,797,2867606,0.3,0.75125,0.5562915802001953,0.5562915802001953,0.997305154800415,0.006823951893664421,0.9962453066332916,0.9974968710888611,0.9962453066332916,0.809290903405214,0.24875,0.15729171834834638,1.4213541408258268
GREATS,boundary_duplicate_mnist,4,0.3,0.2,4000,1000,800,1407,2207,796,,0.47675314667351654,0.4767531466735166,0.35724999999999996,0.02749999999999997,0.908088449114188,0.35625500000000004,0.5850390280138931,1464.9054039408927,1.0,15.136110843176223,0.02749999999999997,1.0103899496808015,14.098220893495421,15.108610843176223,0.99975,544.120536739557,4.096602364411663e-05,78.11925603884423,785.0,1.0,1.0,1.0935916988253516,0.35724999999999996,0.7363416988253516,797,4000,4000,0.058780160722749115,0.00012568600613418795,0.3076923076923077,2.815844622893913,24.707911786193506,59.39000773988664,0,797,2867606,0.30875,0.86,0.6083696484565735,0.6083696484565735,0.9999985098838806,0.004756923611083526,0.9974968710888611,0.9987484355444305,0.9974968710888611,0.584238811642856,0.14,0.14557590881234456,1.4272120455938277
PU-R,boundary_duplicate_mnist,4,0.3,0.3,3500,1500,800,1257,2057,796,0.6180120045901276,0.35730798869766245,0.35730798869766245,0.3591428571428571,0.0,0.8573198139670387,0.3592857142857143,0.5880421011668987,744.7456435453215,1.0,16.756093401675543,0.0,1.0105378227192465,15.745555578956296,16.756093401675543,0.9997142857142857,544.120536739557,4.1737339585347686e-05,77.39405876442487,785.0,1.0,1.0,1.175412514293905,0.3591428571428571,0.8162696571510479,797,3500,3500,0.058780160722749115,1.582581761977049e-05,0.3076923076923077,6.822854508322281,19.61848348221287,100.58922715112567,0,797,2469106,0.31625,0.79,0.5561176538467407,0.5561176538467407,0.9980204701423645,0.006195684956696737,0.9987484355444305,0.9974968710888611,0.9974968710888611,0.7414827399312738,0.21,0.15441668203905792,1.422791658980471
GREATS,boundary_duplicate_mnist,4,0.3,0.3,3500,1500,800,1136,1936,796,,0.4402774210120729,0.44027742101207296,0.3305714285714285,0.026249999999999996,0.9077539251807916,0.3300285714285714,0.558683337053623,1460.5255833956755,1.0,16.782343401675544,0.026249999999999996,1.0105378227192465,15.745555578956296,16.756093401675543,0.9997142857142857,544.120536739557,4.1737339585347686e-05,77.39405876442487,785.0,1.0,1.0,1.1468410857224764,0.3305714285714285,0.8162696571510479,797,3500,3500,0.058780160722749115,1.582581761977049e-05,0.3076923076923077,6.822854508322281,19.61848348221287,56.53258128743619,0,797,2469106,0.30625,0.86625,0.6015152931213379,0.6015152931213379,0.9999984502792358,0.005765817387470129,0.9974968710888611,0.9987484355444305,0.9974968710888611,0.56763360696721,0.13375,0.14898360281922474,1.4255081985903877
PU-R,boundary_duplicate_mnist,4,0.3,0.4,3000,2000,800,1022,1822,796,0.63963168929331,0.3295658874903673,0.3295658874903673,0.3406666666666667,0.0,0.8598197265962383,0.34088666666666667,0.5696760530565399,736.3871596496411,1.0,19.09782254295517,0.0,1.0107430946681686,18.087079448287003,19.09782254295517,0.9996666666666667,544.120536739557,4.1517079494017084e-05,77.59908610326863,785.0,1.0,1.0,1.2784280029802428,0.3406666666666667,0.9377613363135762,797,3000,3000,0.058780160722749115,0.00012568600613418795,0.46153846153846156,1.1429157756941084,20.462404694843556,96.36137850023806,0,797,2070606,0.3,0.8075,0.5579246282577515,0.5579246282577515,0.9987196922302246,0.006224303335261453,0.9987484355444305,0.9987484355444305,0.9987484355444305,0.7066720692756119,0.1925,0.15609936509565783,1.421950317452171
GREATS,boundary_duplicate_mnist,4,0.3,0.4,3000,2000,800,838,1638,796,,0.44002054970459803,0.440020549704598,0.28700000000000003,0.028750000000000053,0.8911021808507559,0.28676,0.5136782670611898,1326.3374419332142,1.0,19.12657254295517,0.028750000000000053,1.0107430946681686,18.087079448287003,19.09782254295517,0.9996666666666667,544.120536739557,4.1517079494017084e-05,77.59908610326863,785.0,1.0,1.0,1.224761336313576,0.28700000000000003,0.9377613363135762,797,3000,3000,0.058780160722749115,0.00012568600613418795,0.46153846153846156,1.1429157756941084,20.462404694843556,54.27620514295995,0,797,2070606,0.3025,0.84375,0.6041978597640991,0.6041978597640991,1.000000238418579,0.005835704234730597,0.9974968710888611,0.9974968710888611,0.9974968710888611,0.6252624052234231,0.15625,0.14941201943377705,1.4252939902831114
PU-R,boundary_duplicate_mnist,4,0.3,0.5,2500,2500,800,740,1540,796,0.6509838685742579,0.31543796557924475,0.3154379655792448,0.29600000000000004,0.0,0.8620899521744777,0.296632,0.5241217681235144,813.4981104046459,1.0,21.997513670377703,0.0,1.0109561937476979,20.986557476630004,21.997513670377703,0.9996,544.120536739557,4.222190464166344e-05,76.94866579719722,785.0,1.0,1.0,1.2866856522528685,0.29600000000000004,0.9906856522528684,797,2500,2500,0.1193776641714437,0.00099817731491033,0.3076923076923077,0.15040538736107592,37.876397405276386,93.99366219248623,0,797,1672106,0.32125,0.775,0.5588329434394836,0.5588329434394836,0.9973509311676025,0.006393644258275614,0.9987484355444305,0.9987484355444305,0.9987484355444305,0.7691928290130138,0.225,0.1554022085171351,1.4222988957414324
GREATS,boundary_duplicate_mnist,4,0.3,0.5,2500,2500,800,603,1403,796,,0.416902132031852,0.41690213203185206,0.252,0.03374999999999995,0.8894941643672629,0.250576,0.47444139074075486,1295.4403142423466,1.0,22.031263670377704,0.03374999999999995,1.0109561937476979,20.986557476630004,21.997513670377703,0.9996,544.120536739557,4.222190464166344e-05,76.94866579719722,785.0,1.0,1.0,1.2426856522528684,0.252,0.9906856522528684,797,2500,2500,0.1193776641714437,0.00099817731491033,0.3076923076923077,0.15040538736107592,37.876397405276386,52.126834478229284,0,797,1672106,0.32,0.86,0.5998951196670532,0.5998951196670532,1.0,0.006441630341184882,0.9987484355444305,0.9987484355444305,0.9987484355444305,0.584238811642856,0.14,0.15186100117781928,1.4240694994110903
PU-R,boundary_duplicate_mnist,4,0.3,0.6,2000,3000,800,546,1346,796,0.7104273359873332,0.39532494220395586,0.3953249422039558,0.273,0.0,0.867780381939686,0.27281,0.498734217161163,775.7366962631364,1.0,26.112427911013345,0.0,1.011226308875628,25.101201602137717,26.112427911013345,0.9995,544.120536739557,4.279273406121099e-05,76.4337182220648,785.0,1.0,1.0,1.3206053156434407,0.273,1.0476053156434408,797,2000,2000,0.1193776641714437,0.00012568600613418795,0.3076923076923077,1.234885682521912,25.382064554997893,91.1628919383511,0,797,1273606,0.3,0.81875,0.5612654685974121,0.5612654685974121,0.9965993165969849,0.006112089848705481,0.9987484355444305,0.9987484355444305,0.9987484355444305,0.6828039570117026,0.18125,0.15350955572176797,1.423245222139116
GREATS,boundary_duplicate_mnist,4,0.3,0.6,2000,3000,800,314,1114,796,,0.41664526072437713,0.4166452607243771,0.16549999999999998,0.02124999999999999,0.86274305854789,0.16649999999999998,0.3763490351902114,1255.80182764751,1.0,26.133677911013343,0.02124999999999999,1.011226308875628,25.101201602137717,26.112427911013345,0.9995,544.120536739557,4.279273406121099e-05,76.4337182220648,785.0,1.0,1.0,1.2131053156434408,0.16549999999999998,1.0476053156434408,797,2000,2000,0.1193776641714437,0.00012568600613418795,0.3076923076923077,1.234885682521912,25.382064554997893,50.4252160564065,0,797,1273606,0.3,0.84375,0.5912050008773804,0.5912050008773804,0.9999971389770508,0.006254385725230221,0.9974968710888611,0.9987484355444305,0.9974968710888611,0.6252624052234231,0.15625,0.1535279714250004,1.4232360142874998
PU-R,boundary_duplicate_mnist,4,0.3,0.7,1500,3500,800,258,1058,796,0.7467629378661513,0.3776008219881839,0.3776008219881839,0.17200000000000004,0.0,0.8491778102998514,0.17189333333333337,0.38299011459045035,838.7085815499817,1.0,32.267080318453225,0.0,1.0115783235422544,31.255501994910972,32.267080318453225,0.9993333333333333,544.120536739557,4.3416266599620193e-05,75.88287322722269,785.0,1.0,1.0,1.4229539867142136,0.17200000000000004,1.2509539867142137,797,1500,1500,0.1193776641714437,0.00012568600613418795,0.46153846153846156,0.4876560556199891,21.028732967288033,88.97474089544266,0,797,875106,0.30375,0.835,0.5705005526542664,0.5705005526542664,0.9972007274627686,0.00707884258747996,0.9987484355444305,0.9987484355444305,0.9987484355444305,0.6461380758647464,0.165,0.1595278063916742,1.420236096804163
GREATS,boundary_duplicate_mnist,4,0.3,0.7,1500,3500,800,89,889,796,,0.40919599280760344,0.4091959928076034,0.06733333333333336,0.015000000000000013,0.827414821895171,0.06638666666666665,0.23915575440608325,1240.1525896892558,1.0,32.282080318453225,0.015000000000000013,1.0115783235422544,31.255501994910972,32.267080318453225,0.9993333333333333,544.120536739557,4.3416266599620193e-05,75.88287322722269,785.0,1.0,1.0,1.318287320047547,0.06733333333333336,1.2509539867142137,797,1500,1500,0.1193776641714437,0.00012568600613418795,0.46153846153846156,0.4876560556199891,21.028732967288033,48.38759071659297,0,797,875106,0.3025,0.86125,0.5754624009132385,0.5754624009132385,0.999981164932251,0.005214155279799308,0.9974968710888611,0.9987484355444305,0.9974968710888611,0.5809557895770766,0.13875,0.1506368364323689,1.4246815817838154
PU-R,boundary_duplicate_mnist,4,0.3,0.8,1000,4000,800,4,804,796,0.8469691388891079,0.43488312355509895,0.4348831235550989,0.02100000000000002,0.02124999999999999,0.7738694531410828,0.019860000000000017,0.1563168698014504,853.3165535711371,1.0,42.09704522747796,0.02124999999999999,1.0120635672065428,41.063731660271415,42.07579522747796,0.999,544.120536739557,4.469372837002497e-05,74.79054737440086,785.0,1.0,1.0,1.6170794319644108,0.02100000000000002,1.596079431964411,797,1000,1000,0.1193776641714437,0.00012568600613418795,0.6153846153846154,1.4330191694766807,12.9415531363113,86.55554953217506,0,797,476606,0.2925,0.865,0.5770781636238098,0.5770781636238098,0.9999972581863403,0.008489351368368486,0.9962453066332916,0.9987484355444305,0.9962453066332916,0.5709929600768897,0.135,0.16569255897220692,1.4171537205138964
GREATS,boundary_duplicate_mnist,4,0.3,0.8,1000,4000,674,0,674,670,,0.423067043411251,0.42306704341125095,0.0040000000000000036,0.005934718100890191,0.772477832595891,0.0039600000000000034,0.11644176887735254,970.8999245761843,1.0,37.55040820751921,0.005934718100890191,1.0120635672065428,36.53240992221178,37.54447348941832,0.999,544.120536739557,4.469372837002497e-05,74.79054737440086,785.0,1.0,1.0,1.531819524891313,0.0040000000000000036,1.527819524891313,671,1000,1000,0.1193776641714437,0.00012568600613418795,0.46153846153846156,4.463382859501492,12.129730307572482,32.37425564881414,1,671,443531,0.29080118694362017,0.8649851632047477,0.5748666524887085,0.5748666524887085,0.9999988079071045,0.007300549395033678,0.9970282317979198,0.9985141158989599,0.9970282317979198,0.5710327174816052,0.13501483679525222,0.153611845382417,1.4231940773087914
