method,dataset,seed,noise_rate,pretrain_fraction,pretrain_training_mode,n_cert,n_pretrain,compression_size,remaining_bad,effective_compression_size,certified_bound,test_error,test_inappropriate_risk,pac_bayes_bound,pac_bayes_empirical_risk,pac_bayes_mc_upper,pac_bayes_kl,runtime_sec,stop_reached,train_calls,noise_hit_rate,duplicate_hit_rate,pairwise_feature_cosine,mean_support_redundancy,max_support_redundancy,mean_selected_residual_novelty,local_redundancy_hit_rate,residual_redundancy_hit_rate,strong_redundancy_hit_rate,mode_entropy,minority_mode_fraction,spectral_entropy,dynamic_mu
MaxLoss,mnist,0,0.0,0.0,support,5000,0,522,0,522,0.1196743362233974,0.043300000000000005,0.0433,,,,,20.511899081990123,1,519,0.0,0.0,0.5753800272941589,0.5753800272941589,0.9924591183662415,0.011725479304668048,0.9980806142034548,0.9980806142034548,0.9980806142034548,0.0,0.0,0.166243441718124,1.416878279140938
Marginal,mnist,0,0.0,0.0,support,5000,0,800,96,896,0.19854948372812942,0.04930000000000001,0.0493,,,,,47.22559208108578,0,797,0.0,0.0,0.557479739189148,0.557479739189148,0.9968276023864746,0.005670621720298854,0.9987484355444305,0.9987484355444305,0.9987484355444305,0.0,0.0,0.15984154671972575,1.4200792266401372
PU-R,mnist,0,0.0,0.0,support,5000,0,696,0,696,0.15657658921554685,0.04469999999999996,0.0447,,,,,65.7734711279627,1,693,0.0,0.0,0.555092990398407,0.555092990398407,0.9947627782821655,0.008976866025226392,0.9985611510791367,0.9985611510791367,0.9985611510791367,0.0,0.0,0.16699328231996677,1.4165033588400167
GREATS,mnist,0,0.0,0.0,support,5000,0,652,0,652,,0.03979999999999995,0.0398,,,,,33.07266752095893,1,649,0.0,0.0,0.579142689704895,0.579142689704895,0.9937152862548828,0.009306809574525843,0.9984639016897081,0.9984639016897081,0.9984639016897081,0.0,0.0,0.1620653540291958,1.418967322985402
MaxLoss,mnist,0,0.0,0.1,support,4500,500,365,0,365,0.09541010193061084,0.04620000000000002,0.0462,,,,,8.09456722100731,1,362,0.0,0.0,0.6350365281105042,0.6350365281105042,0.9821715354919434,0.022411429924521963,0.9945054945054945,0.9972527472527473,0.9945054945054945,0.0,0.0,0.19160696985771272,1.4041965150711437
Marginal,mnist,0,0.0,0.1,support,4500,500,715,0,715,0.17823297122959048,0.03969999999999996,0.0397,,,,,37.44960842898581,1,712,0.0,0.0,0.581891655921936,0.581891655921936,0.9961310625076294,0.009801977902979535,0.9943977591036415,0.9971988795518207,0.9929971988795518,0.0,0.0,0.17440746182738195,1.412796269086309
PU-R,mnist,0,0.0,0.1,support,4500,500,443,0,443,0.11408581439172849,0.04310000000000003,0.0431,,,,,21.81599171401467,1,440,0.0,0.0,0.6098896861076355,0.6098896861076355,0.9869859218597412,0.01864559369739061,0.995475113122172,0.9932126696832579,0.9909502262443439,0.0,0.0,0.18435492338981052,1.4078225383050946
GREATS,mnist,0,0.0,0.1,support,4500,500,666,0,666,,0.04279999999999995,0.0428,,,,,33.73252224700991,1,663,0.0,0.0,0.5863499045372009,0.5863499045372009,0.9927841424942017,0.010595256966867842,0.9969924812030075,0.9969924812030075,0.9954887218045113,0.0,0.0,0.17039148841900598,1.414804255790497
MaxLoss,mnist,0,0.0,0.2,support,4000,1000,294,0,294,0.08795803063549101,0.043200000000000016,0.0432,,,,,5.180111554916948,1,291,0.0,0.0,0.6778448820114136,0.6778448820114136,0.9953141212463379,0.027829085316178438,0.9931740614334471,0.9931740614334471,0.9931740614334471,0.0,0.0,0.198446126233942,1.400776936883029
Marginal,mnist,0,0.0,0.2,support,4000,1000,561,0,561,0.1596437664120458,0.04249999999999998,0.0425,,,,,21.02169307298027,1,558,0.0,0.0,0.6125780344009399,0.6125780344009399,0.9923503398895264,0.014749076975359848,0.9892857142857143,0.9982142857142857,0.9892857142857143,0.0,0.0,0.1843430894307687,1.4078284552846156
PU-R,mnist,0,0.0,0.2,support,4000,1000,275,0,275,0.0827615010784939,0.04510000000000003,0.0451,,,,,7.471357350004837,1,272,0.0,0.0,0.6787717938423157,0.6787717938423157,0.9876571893692017,0.031970349674106294,0.9927007299270073,0.9817518248175182,0.9817518248175182,0.0,0.0,0.20513949036607326,1.3974302548169635
GREATS,mnist,0,0.0,0.2,support,4000,1000,552,0,552,,0.04059999999999997,0.0406,,,,,21.830478799995035,1,549,0.0,0.0,0.6129970550537109,0.6129970550537109,0.9893437027931213,0.014458203165134425,0.9981851179673321,0.9981851179673321,0.9981851179673321,0.0,0.0,0.17887570448053314,1.4105621477597334
MaxLoss,mnist,0,0.0,0.3,support,3500,1500,229,0,229,0.08004136069212109,0.04410000000000003,0.0441,,,,,3.424837422906421,1,226,0.0,0.0,0.7283287644386292,0.7283287644386292,0.9871285557746887,0.035300705320479575,0.9912280701754386,0.9912280701754386,0.9868421052631579,0.0,0.0,0.204684616872291,1.3976576915638546
Marginal,mnist,0,0.0,0.3,support,3500,1500,434,0,434,0.14358840096974745,0.04090000000000005,0.0409,,,,,11.985338947037235,1,431,0.0,0.0,0.6385493278503418,0.6385493278503418,0.9943571090698242,0.02056818894233219,0.9884526558891455,0.9930715935334873,0.9861431870669746,0.0,0.0,0.19569999772730992,1.402150001136345
PU-R,mnist,0,0.0,0.3,support,3500,1500,227,0,227,0.07940986554604024,0.04039999999999999,0.0404,,,,,5.227884552907199,1,224,0.0,0.0,0.7329355478286743,0.7329355478286743,0.9755277633666992,0.03868528274176395,0.9867256637168141,0.9734513274336283,0.9690265486725663,0.0,0.0,0.20859991817555804,1.3957000409122209
GREATS,mnist,0,0.0,0.3,support,3500,1500,422,0,422,,0.04069999999999996,0.0407,,,,,12.367575663025491,1,419,0.0,0.0,0.642008364200592,0.642008364200592,0.9855743050575256,0.021955073941631726,0.997624703087886,0.9904988123515439,0.9904988123515439,0.0,0.0,0.1960958156350085,1.4019520921824957
MaxLoss,mnist,0,0.0,0.4,support,3000,2000,191,0,191,0.0792292904225178,0.04300000000000004,0.043,,,,,2.77399635897018,1,188,0.0,0.0,0.7627741694450378,0.7627741694450378,0.9881589412689209,0.04366129721073728,0.9789473684210527,0.9789473684210527,0.968421052631579,0.0,0.0,0.20863435735527527,1.3956828213223624
Marginal,mnist,0,0.0,0.4,support,3000,2000,343,0,343,0.13468522898619995,0.03979999999999995,0.0398,,,,,7.78596942697186,1,340,0.0,0.0,0.6565141081809998,0.6565141081809998,0.9916199445724487,0.025711813573970607,0.9883040935672515,0.9912280701754386,0.9824561403508771,0.0,0.0,0.2038478633910894,1.3980760683044553
PU-R,mnist,0,0.0,0.4,support,3000,2000,180,0,180,0.0751366894110106,0.04169999999999996,0.0417,,,,,3.661708353087306,1,177,0.0,0.0,0.7675272822380066,0.7675272822380066,0.9855560660362244,0.04774754528767903,0.9553072625698324,0.9553072625698324,0.9329608938547486,0.0,0.0,0.2127365411814133,1.3936317294092935
GREATS,mnist,0,0.0,0.4,support,3000,2000,316,0,316,,0.041200000000000014,0.0412,,,,,7.379146726918407,1,313,0.0,0.0,0.6704134345054626,0.6704134345054626,0.9866452813148499,0.02942335327998513,0.9904761904761905,0.9841269841269841,0.9809523809523809,0.0,0.0,0.20288480272821574,1.3985575986358922
MaxLoss,mnist,0,0.0,0.5,support,2500,2500,160,0,160,0.08107107190880924,0.0413,0.0413,,,,,2.4831554060801864,1,157,0.0,0.0,0.7924732565879822,0.7924732565879822,0.987086296081543,0.05398245275301753,0.9559748427672956,0.9308176100628931,0.9119496855345912,0.0,0.0,0.21254236707089508,1.3937288164645525
Marginal,mnist,0,0.0,0.5,support,2500,2500,281,0,281,0.1344616650021635,0.041200000000000014,0.0412,,,,,5.977735555032268,1,278,0.0,0.0,0.6947194337844849,0.6947194337844849,0.9843289256095886,0.03081068384594151,0.9892857142857143,0.9928571428571429,0.9857142857142858,0.0,0.0,0.20587783614143682,1.3970610819292815
PU-R,mnist,0,0.0,0.5,support,2500,2500,162,0,162,0.08196964877424762,0.044499999999999984,0.0445,,,,,3.4256759100826457,1,159,0.0,0.0,0.7972772717475891,0.7972772717475891,0.9749742746353149,0.05129708817101413,0.9440993788819876,0.937888198757764,0.9006211180124224,0.0,0.0,0.20796464034149803,1.396017679829251
GREATS,mnist,0,0.0,0.5,support,2500,2500,261,0,261,,0.042200000000000015,0.0422,,,,,5.85568100400269,1,258,0.0,0.0,0.697048544883728,0.697048544883728,0.9761290550231934,0.03668578404646653,0.9807692307692307,0.9769230769230769,0.9615384615384616,0.0,0.0,0.21399448983507477,1.3930027550824626
MaxLoss,mnist,0,0.0,0.6,support,2000,3000,136,0,136,0.08761158329434693,0.043399999999999994,0.0434,,,,,2.1354062820319086,1,133,0.0,0.0,0.806494951248169,0.806494951248169,0.9875251054763794,0.06038058554684674,0.8592592592592593,0.9037037037037037,0.837037037037037,0.0,0.0,0.2169165517984152,1.3915417241007924
Marginal,mnist,0,0.0,0.6,support,2000,3000,219,0,219,0.13380859710741788,0.040000000000000036,0.04,,,,,4.2623367758933455,1,216,0.0,0.0,0.7215046882629395,0.7215046882629395,0.9855262041091919,0.03665697601957059,0.981651376146789,0.981651376146789,0.9678899082568807,0.0,0.0,0.20929083367846904,1.3953545831607654
PU-R,mnist,0,0.0,0.6,support,2000,3000,127,0,127,0.0825057434849441,0.045499999999999985,0.0455,,,,,2.524648000020534,1,124,0.0,0.0,0.8164346814155579,0.8164346814155579,0.9783471822738647,0.06377028685713572,0.7777777777777778,0.8888888888888888,0.7698412698412699,0.0,0.0,0.21380765519151115,1.3930961724042445
GREATS,mnist,0,0.0,0.6,support,2000,3000,216,0,216,,0.04039999999999999,0.0404,,,,,4.607262692064978,1,213,0.0,0.0,0.7306643128395081,0.7306643128395081,0.9735370874404907,0.043313739119574084,0.9674418604651163,0.9627906976744186,0.9441860465116279,0.0,0.0,0.21584827725852176,1.3920758613707391
MaxLoss,mnist,0,0.0,0.7,support,1500,3500,110,0,110,0.09676338458666578,0.04630000000000001,0.0463,,,,,1.824032460921444,1,107,0.0,0.0,0.7979457378387451,0.7979457378387451,0.9868248701095581,0.06966298845929837,0.7431192660550459,0.8532110091743119,0.7155963302752294,0.0,0.0,0.23261454907722837,1.3836927254613858
Marginal,mnist,0,0.0,0.7,support,1500,3500,182,0,182,0.15058889659121633,0.041000000000000036,0.041,,,,,3.5708906670333818,1,179,0.0,0.0,0.7354959845542908,0.7354959845542908,0.9937907457351685,0.04533009206392488,0.9392265193370166,0.9668508287292817,0.9226519337016574,0.0,0.0,0.2214907357231432,1.3892546321384285
PU-R,mnist,0,0.0,0.7,support,1500,3500,117,0,117,0.10208752035396174,0.04730000000000001,0.0473,,,,,2.429861361044459,1,114,0.0,0.0,0.8222788572311401,0.8222788572311401,0.9791812300682068,0.0697739427459651,0.7586206896551724,0.8706896551724138,0.7413793103448276,0.0,0.0,0.2176643572521608,1.3911678213739196
GREATS,mnist,0,0.0,0.7,support,1500,3500,167,0,167,,0.04090000000000005,0.0409,,,,,3.4903341479366645,1,164,0.0,0.0,0.7592253088951111,0.7592253088951111,0.9693009853363037,0.051691215619983445,0.9096385542168675,0.9337349397590361,0.8855421686746988,0.0,0.0,0.2179592396706185,1.3910203801646908
MaxLoss,mnist,0,0.0,0.8,support,1000,4000,90,0,90,0.12143703730544075,0.05169999999999997,0.0517,,,,,1.517787500983104,1,87,0.0,0.0,0.8249204754829407,0.8249204754829407,0.9795142412185669,0.07944228608956498,0.7528089887640449,0.8314606741573034,0.7191011235955056,0.0,0.0,0.2248692254603712,1.3875653872698144
Marginal,mnist,0,0.0,0.8,support,1000,4000,147,0,147,0.1856621474144049,0.04179999999999995,0.0418,,,,,2.8171865500044078,1,144,0.0,0.0,0.7554723024368286,0.7554723024368286,0.9834628105163574,0.05762074724452136,0.8424657534246576,0.9383561643835616,0.8287671232876712,0.0,0.0,0.23084970400623384,1.384575147996883
PU-R,mnist,0,0.0,0.8,support,1000,4000,93,0,93,0.12488599366042763,0.05179999999999996,0.0518,,,,,1.8765249999705702,1,90,0.0,0.0,0.8089350461959839,0.8089350461959839,0.9725621342658997,0.08716593375024588,0.6630434782608695,0.7608695652173914,0.5869565217391305,0.0,0.0,0.24115003632090837,1.3794249818395459
GREATS,mnist,0,0.0,0.8,support,1000,4000,138,0,138,,0.04200000000000004,0.042,,,,,2.851824581041001,1,135,0.0,0.0,0.7622485756874084,0.7622485756874084,0.9716139435768127,0.05948726669715269,0.8467153284671532,0.9124087591240876,0.8248175182481752,0.0,0.0,0.22741737971947223,1.3862913101402639
MaxLoss,mnist,1,0.0,0.0,support,5000,0,499,0,499,0.11476201220648363,0.04579999999999995,0.0458,,,,,15.683866648934782,1,496,0.0,0.0,0.5761458873748779,0.5761458873748779,0.9917173981666565,0.012651331311308715,0.9959839357429718,0.9979919678714859,0.9959839357429718,0.0,0.0,0.16814334249886456,1.4159283287505677
Marginal,mnist,1,0.0,0.0,support,5000,0,800,104,904,0.20022039744071662,0.048699999999999966,0.0487,,,,,47.45782429294195,0,797,0.0,0.0,0.5547488331794739,0.5547488331794739,0.9968961477279663,0.005988567612853393,0.9962453066332916,0.9987484355444305,0.9962453066332916,0.0,0.0,0.1594962552888042,1.420251872355598
PU-R,mnist,1,0.0,0.0,support,5000,0,687,0,687,0.15467773930868134,0.04039999999999999,0.0404,,,,,63.74663001904264,1,684,0.0,0.0,0.5665159225463867,0.5665159225463867,0.9937800168991089,0.009137610118305339,0.9985422740524781,0.9985422740524781,0.9985422740524781,0.0,0.0,0.16807595675399603,1.415962021623002
GREATS,mnist,1,0.0,0.0,support,5000,0,620,0,620,,0.04239999999999999,0.0424,,,,,29.335057846968994,1,617,0.0,0.0,0.5806069374084473,0.5806069374084473,0.9904998540878296,0.009719345129587009,0.9983844911147012,0.9983844911147012,0.9983844911147012,0.0,0.0,0.16289699752638823,1.418551501236806
MaxLoss,mnist,1,0.0,0.1,support,4500,500,363,0,363,0.09492899454198778,0.04610000000000003,0.0461,,,,,7.769101656973362,1,360,0.0,0.0,0.6243190765380859,0.6243190765380859,0.9847317934036255,0.021762933818757206,0.9972375690607734,0.994475138121547,0.994475138121547,0.0,0.0,0.19014679484315844,1.4049266025784208
Marginal,mnist,1,0.0,0.1,support,4500,500,683,0,683,0.1707475641160272,0.04379999999999995,0.0438,,,,,33.41574261605274,1,680,0.0,0.0,0.5835587978363037,0.5835587978363037,0.9935286641120911,0.010763943234261922,0.9970674486803519,0.998533724340176,0.9970674486803519,0.0,0.0,0.1775136469108478,1.411243176544576
PU-R,mnist,1,0.0,0.1,support,4500,500,434,0,434,0.11193897854536772,0.043200000000000016,0.0432,,,,,20.47478102101013,1,431,0.0,0.0,0.6158517003059387,0.6158517003059387,0.9832398295402527,0.01810792170886561,0.9976905311778291,0.9976905311778291,0.9976905311778291,0.0,0.0,0.1816533480271532,1.4091733259864234
GREATS,mnist,1,0.0,0.1,support,4500,500,642,0,642,,0.04149999999999998,0.0415,,,,,30.938526696991175,1,639,0.0,0.0,0.5956600308418274,0.5956600308418274,0.9897395968437195,0.011573068890575314,0.9984399375975039,0.9984399375975039,0.9984399375975039,0.0,0.0,0.17343670693015767,1.4132816465349212
MaxLoss,mnist,1,0.0,0.2,support,4000,1000,253,0,253,0.07672137505142018,0.04530000000000001,0.0453,,,,,3.9080073370132595,1,250,0.0,0.0,0.6881253123283386,0.6881253123283386,0.9891566038131714,0.03435512825787541,0.9920634920634921,0.9841269841269841,0.9801587301587301,0.0,0.0,0.20871482731980628,1.395642586340097
Marginal,mnist,1,0.0,0.2,support,4000,1000,559,0,559,0.15911367360968143,0.040000000000000036,0.04,,,,,20.86287505889777,1,556,0.0,0.0,0.6170708537101746,0.6170708537101746,0.9894745349884033,0.01372191932688277,0.9982078853046595,0.996415770609319,0.996415770609319,0.0,0.0,0.18237417346179052,1.4088129132691047
PU-R,mnist,1,0.0,0.2,support,4000,1000,284,0,284,0.08522520458791405,0.04600000000000004,0.046,,,,,7.833709783968516,1,281,0.0,0.0,0.6702106595039368,0.6702106595039368,0.9752670526504517,0.03184752484171424,0.9858657243816255,0.9823321554770318,0.9717314487632509,0.0,0.0,0.20639704365697165,1.3968014781715141
GREATS,mnist,1,0.0,0.2,support,4000,1000,532,0,532,,0.04179999999999995,0.0418,,,,,20.01957867096644,1,529,0.0,0.0,0.6164484620094299,0.6164484620094299,0.9896517395973206,0.01610155995293273,0.9962335216572504,0.992467043314501,0.9905838041431262,0.0,0.0,0.18440483455259887,1.4077975827237006
MaxLoss,mnist,1,0.0,0.3,support,3500,1500,221,0,221,0.0775135307922028,0.0464,0.0464,,,,,3.2183381819631904,1,218,0.0,0.0,0.731160044670105,0.731160044670105,0.9814727306365967,0.03793534849855033,0.9818181818181818,0.9772727272727273,0.9727272727272728,0.0,0.0,0.20661394710880598,1.396693026445597
Marginal,mnist,1,0.0,0.3,support,3500,1500,451,0,451,0.14878027967642993,0.04290000000000005,0.0429,,,,,12.913714938098565,1,448,0.0,0.0,0.6350624561309814,0.6350624561309814,0.9843900203704834,0.020039557392398516,0.9866666666666667,0.9911111111111112,0.98,0.0,0.0,0.19470198505147532,1.4026490074742624
PU-R,mnist,1,0.0,0.3,support,3500,1500,263,0,263,0.090733218123205,0.041200000000000014,0.0412,,,,,6.820780897978693,1,260,0.0,0.0,0.7040058374404907,0.7040058374404907,0.9753382205963135,0.03561617124057908,0.9885496183206107,0.9732824427480916,0.9694656488549618,0.0,0.0,0.21174341254160317,1.3941282937291986
GREATS,mnist,1,0.0,0.3,support,3500,1500,427,0,427,,0.043300000000000005,0.0433,,,,,12.443997472990304,1,424,0.0,0.0,0.6474711298942566,0.6474711298942566,0.9801229238510132,0.022342184672193347,0.9953051643192489,0.9953051643192489,0.9929577464788732,0.0,0.0,0.1970678160102321,1.4014660919948838
MaxLoss,mnist,1,0.0,0.4,support,3000,2000,178,0,178,0.07439100183546543,0.04620000000000002,0.0462,,,,,2.494609239976853,1,175,0.0,0.0,0.777610182762146,0.777610182762146,0.9729341268539429,0.04695619055527752,0.9830508474576272,0.9717514124293786,0.9661016949152542,0.0,0.0,0.2078688965943894,1.3960655517028053
Marginal,mnist,1,0.0,0.4,support,3000,2000,339,0,339,0.13324576301965863,0.04159999999999997,0.0416,,,,,7.483185736928135,1,336,0.0,0.0,0.6661545634269714,0.6661545634269714,0.983137845993042,0.026754975914073414,0.9704142011834319,0.9940828402366864,0.9674556213017751,0.0,0.0,0.20388618549171386,1.398056907254143
PU-R,mnist,1,0.0,0.4,support,3000,2000,182,0,182,0.07588188053341582,0.04459999999999997,0.0446,,,,,3.6979147610254586,1,179,0.0,0.0,0.768790602684021,0.768790602684021,0.9856164455413818,0.046377839530864474,0.9723756906077348,0.9668508287292817,0.9447513812154696,0.0,0.0,0.20989631859295457,1.3950518407035228
GREATS,mnist,1,0.0,0.4,support,3000,2000,315,0,315,,0.03990000000000005,0.0399,,,,,7.201470152940601,1,312,0.0,0.0,0.6719714999198914,0.6719714999198914,0.9893887042999268,0.030171103757705278,0.9872611464968153,0.9840764331210191,0.9745222929936306,0.0,0.0,0.20848253017899446,1.3957587349105027
MaxLoss,mnist,1,0.0,0.5,support,2500,2500,139,0,139,0.07159051555208862,0.04490000000000005,0.0449,,,,,2.046315219020471,1,136,0.0,0.0,0.7959098219871521,0.7959098219871521,0.9875043630599976,0.060790590051075684,0.8695652173913043,0.9347826086956522,0.8478260869565217,0.0,0.0,0.2204612851930798,1.38976935740346
Marginal,mnist,1,0.0,0.5,support,2500,2500,270,0,270,0.1296734175994061,0.039100000000000024,0.0391,,,,,5.53153127792757,1,267,0.0,0.0,0.6885889768600464,0.6885889768600464,0.9838696718215942,0.0332720853963029,0.9702602230483272,0.9851301115241635,0.9628252788104089,0.0,0.0,0.21174867317776205,1.394125663411119
PU-R,mnist,1,0.0,0.5,support,2500,2500,148,0,148,0.07566421414958313,0.04749999999999999,0.0475,,,,,2.9711565140169114,1,145,0.0,0.0,0.7908503413200378,0.7908503413200378,0.9715960621833801,0.06132282782979563,0.8571428571428571,0.9183673469387755,0.8367346938775511,0.0,0.0,0.22182828154558132,1.3890858592272093
GREATS,mnist,1,0.0,0.5,support,2500,2500,265,0,265,,0.041000000000000036,0.041,,,,,5.915268625947647,1,262,0.0,0.0,0.698979914188385,0.698979914188385,0.9734916687011719,0.034398559226908466,0.9772727272727273,0.9810606060606061,0.9696969696969697,0.0,0.0,0.2070463525462448,1.3964768237268776
MaxLoss,mnist,1,0.0,0.6,support,2000,3000,127,0,127,0.0825057434849441,0.046599999999999975,0.0466,,,,,1.9499549289466813,1,124,0.0,0.0,0.8183870911598206,0.8183870911598206,0.9843222498893738,0.06209551507518405,0.8492063492063492,0.9365079365079365,0.8333333333333334,0.0,0.0,0.21166339815718768,1.394168300921406
Marginal,mnist,1,0.0,0.6,support,2000,3000,210,0,210,0.12886177853215486,0.043300000000000005,0.0433,,,,,3.9789378880523145,1,207,0.0,0.0,0.7205408811569214,0.7205408811569214,0.9797815084457397,0.042675268457551895,0.9665071770334929,0.9808612440191388,0.9521531100478469,0.0,0.0,0.22024042957842765,1.3898797852107863
PU-R,mnist,1,0.0,0.6,support,2000,3000,121,0,121,0.07908797380514443,0.0474,0.0474,,,,,2.3499471690738574,1,118,0.0,0.0,0.8172474503517151,0.8172474503517151,0.9738144874572754,0.07179819022615751,0.7166666666666667,0.8583333333333333,0.6833333333333333,0.0,0.0,0.2211127881211702,1.3894436059394148
GREATS,mnist,1,0.0,0.6,support,2000,3000,215,0,215,,0.04090000000000005,0.0409,,,,,4.555669429944828,1,212,0.0,0.0,0.7353646159172058,0.7353646159172058,0.9783211946487427,0.04335400615340081,0.9485981308411215,0.9626168224299065,0.9299065420560748,0.0,0.0,0.21507397905547418,1.3924630104722628
MaxLoss,mnist,1,0.0,0.7,support,1500,3500,104,0,104,0.09217961441027,0.05010000000000003,0.0501,,,,,1.7003706970717758,1,101,0.0,0.0,0.8160662055015564,0.8160662055015564,0.9921795129776001,0.07100616901823618,0.7281553398058253,0.883495145631068,0.7087378640776699,0.0,0.0,0.21975912655359514,1.3901204367232025
Marginal,mnist,1,0.0,0.7,support,1500,3500,194,0,194,0.15939800802152604,0.04239999999999999,0.0424,,,,,3.878435931983404,1,191,0.0,0.0,0.7340697050094604,0.7340697050094604,0.9805230498313904,0.04321263464158063,0.9585492227979274,0.9637305699481865,0.9326424870466321,0.0,0.0,0.21681402194232652,1.3915929890288368
PU-R,mnist,1,0.0,0.7,support,1500,3500,109,0,109,0.09600076149217784,0.04849999999999999,0.0485,,,,,2.2087660540128127,1,106,0.0,0.0,0.8144626021385193,0.8144626021385193,0.9713826775550842,0.07586222141981125,0.6944444444444444,0.8518518518518519,0.6666666666666666,0.0,0.0,0.22555637122394007,1.38722181438803
GREATS,mnist,1,0.0,0.7,support,1500,3500,173,0,173,,0.04379999999999995,0.0438,,,,,3.631159233977087,1,170,0.0,0.0,0.7501689791679382,0.7501689791679382,0.9799802303314209,0.051097156263368075,0.936046511627907,0.9534883720930233,0.9186046511627907,0.0,0.0,0.2180064865126392,1.3909967567436805
MaxLoss,mnist,1,0.0,0.8,support,1000,4000,86,0,86,0.11682330607436597,0.05410000000000004,0.0541,,,,,1.4492371630622074,1,83,0.0,0.0,0.8169122934341431,0.8169122934341431,0.974930465221405,0.08070377216619604,0.7764705882352941,0.8352941176470589,0.7529411764705882,0.0,0.0,0.23231915784013085,1.3838404210799347
Marginal,mnist,1,0.0,0.8,support,1000,4000,133,0,133,0.17010763013968244,0.046599999999999975,0.0466,,,,,2.4963040499715135,1,130,0.0,0.0,0.7561025023460388,0.7561025023460388,0.9750310182571411,0.058220986389752594,0.8333333333333334,0.9242424242424242,0.8181818181818182,0.0,0.0,0.23073199958743573,1.3846340002062822
PU-R,mnist,1,0.0,0.8,support,1000,4000,88,0,88,0.1191323849488981,0.05300000000000005,0.053,,,,,1.7514342929935083,1,85,0.0,0.0,0.8156887292861938,0.8156887292861938,0.9725838899612427,0.07929116487503052,0.7126436781609196,0.8275862068965517,0.6896551724137931,0.0,0.0,0.2306522500300816,1.3846738749849592
GREATS,mnist,1,0.0,0.8,support,1000,4000,134,0,134,,0.04610000000000003,0.0461,,,,,2.748018551035784,1,131,0.0,0.0,0.7570498585700989,0.7570498585700989,0.974952220916748,0.056776350154016254,0.8721804511278195,0.9097744360902256,0.8421052631578947,0.0,0.0,0.22410232130771565,1.387948839346142
MaxLoss,mnist,2,0.0,0.0,support,5000,0,489,0,489,0.11262328876182437,0.04590000000000005,0.0459,,,,,14.842744715046138,1,486,0.0,0.0,0.5742648243904114,0.5742648243904114,0.99000084400177,0.012913783818729542,0.9979508196721312,0.9979508196721312,0.9979508196721312,0.0,0.0,0.16888101028620967,1.415559494856895
Marginal,mnist,2,0.0,0.0,support,5000,0,800,76,876,0.19436972466064617,0.04510000000000003,0.0451,,,,,47.06781295198016,0,797,0.0,0.0,0.5585392117500305,0.5585392117500305,0.9976147413253784,0.006288727656098897,0.9987484355444305,0.9987484355444305,0.9987484355444305,0.0,0.0,0.16161770244408885,1.4191911487779556
PU-R,mnist,2,0.0,0.0,support,5000,0,666,0,666,0.15024327783612534,0.04069999999999996,0.0407,,,,,59.01590265403502,1,663,0.0,0.0,0.5628259778022766,0.5628259778022766,0.9950112104415894,0.009233868259348367,0.9984962406015038,0.9984962406015038,0.9984962406015038,0.0,0.0,0.16511863419575828,1.4174406829021209
GREATS,mnist,2,0.0,0.0,support,5000,0,635,0,635,,0.04310000000000003,0.0431,,,,,30.67935361491982,1,632,0.0,0.0,0.5731242299079895,0.5731242299079895,0.9916948080062866,0.00958178853630808,0.998422712933754,0.998422712933754,0.998422712933754,0.0,0.0,0.1639799333064073,1.4180100333467962
MaxLoss,mnist,2,0.0,0.1,support,4500,500,387,0,387,0.10069441242376342,0.0474,0.0474,,,,,8.845200918032788,1,384,0.0,0.0,0.6206151247024536,0.6206151247024536,0.9854311347007751,0.02043937244923023,0.9974093264248705,0.9974093264248705,0.9974093264248705,0.0,0.0,0.1885706724769693,1.4057146637615152
Marginal,mnist,2,0.0,0.1,support,4500,500,679,0,679,0.16981090902118012,0.044300000000000006,0.0443,,,,,32.55009221797809,1,676,0.0,0.0,0.5897389650344849,0.5897389650344849,0.9929244518280029,0.011273408498701565,0.9970501474926253,0.9985250737463127,0.9970501474926253,0.0,0.0,0.18008854895359058,1.4099557255232047
PU-R,mnist,2,0.0,0.1,support,4500,500,425,0,425,0.1097901722532697,0.04349999999999998,0.0435,,,,,19.393094266066328,1,422,0.0,0.0,0.6115689277648926,0.6115689277648926,0.9838907718658447,0.02002358432960222,0.9976415094339622,0.9976415094339622,0.9976415094339622,0.0,0.0,0.18700396156687607,1.406498019216562
GREATS,mnist,2,0.0,0.1,support,4500,500,648,0,648,,0.042300000000000004,0.0423,,,,,31.44553776306566,1,645,0.0,0.0,0.5898917317390442,0.5898917317390442,0.9912078380584717,0.010785829031320327,0.9984544049459042,0.9984544049459042,0.9984544049459042,0.0,0.0,0.17338764582147567,1.413306177089262
MaxLoss,mnist,2,0.0,0.2,support,4000,1000,245,0,245,0.07451829337514937,0.04620000000000002,0.0462,,,,,3.709030271973461,1,242,0.0,0.0,0.696061909198761,0.696061909198761,0.9785981178283691,0.03449576394250769,0.9959016393442623,0.9836065573770492,0.9836065573770492,0.0,0.0,0.20560689176852986,1.3971965541157352
Marginal,mnist,2,0.0,0.2,support,4000,1000,526,0,526,0.15035509294830263,0.03949999999999998,0.0395,,,,,17.97725616907701,1,523,0.0,0.0,0.6149942874908447,0.6149942874908447,0.9919190406799316,0.015821039823903923,0.9904761904761905,0.9961904761904762,0.9904761904761905,0.0,0.0,0.18623020665674012,1.40688489667163
PU-R,mnist,2,0.0,0.2,support,4000,1000,255,0,255,0.07727156981127337,0.046499999999999986,0.0465,,,,,6.417327504954301,1,252,0.0,0.0,0.6837483644485474,0.6837483644485474,0.9746471643447876,0.032958515952744585,0.9921259842519685,0.984251968503937,0.984251968503937,0.0,0.0,0.2071813772045993,1.3964093113977003
GREATS,mnist,2,0.0,0.2,support,4000,1000,504,0,504,,0.04300000000000004,0.043,,,,,17.670533594908193,1,501,0.0,0.0,0.6222630143165588,0.6222630143165588,0.9893920421600342,0.01670125948180024,0.9980119284294234,0.9960238568588469,0.9960238568588469,0.0,0.0,0.1846032986339454,1.4076983506830274
MaxLoss,mnist,2,0.0,0.3,support,3500,1500,210,0,210,0.07402942626504228,0.04469999999999996,0.0447,,,,,2.9672334749484435,1,207,0.0,0.0,0.7351720333099365,0.7351720333099365,0.9749641418457031,0.04050373382260355,0.9856459330143541,0.9808612440191388,0.9712918660287081,0.0,0.0,0.21065222262212352,1.3946738886889383
Marginal,mnist,2,0.0,0.3,support,3500,1500,403,0,403,0.13409609667723998,0.042100000000000026,0.0421,,,,,10.11119302303996,1,400,0.0,0.0,0.6455304026603699,0.6455304026603699,0.9896666407585144,0.021381618069318025,0.9900497512437811,0.9975124378109452,0.9900497512437811,0.0,0.0,0.19548606644574848,1.4022569667771259
PU-R,mnist,2,0.0,0.3,support,3500,1500,231,0,231,0.08067255362402648,0.04239999999999999,0.0424,,,,,5.368711543967947,1,228,0.0,0.0,0.7295019030570984,0.7295019030570984,0.9819884300231934,0.03663342923897764,0.991304347826087,0.9869565217391304,0.9826086956521739,0.0,0.0,0.20513809665022018,1.39743095167489
GREATS,mnist,2,0.0,0.3,support,3500,1500,381,0,381,,0.03949999999999998,0.0395,,,,,9.855505704064853,1,378,0.0,0.0,0.660774827003479,0.660774827003479,0.9889838695526123,0.0247479777611596,0.9894736842105263,0.9921052631578947,0.9868421052631579,0.0,0.0,0.19804908051341757,1.4009754597432913
MaxLoss,mnist,2,0.0,0.4,support,3000,2000,171,0,171,0.07177707378286868,0.041000000000000036,0.041,,,,,2.360942405066453,1,168,0.0,0.0,0.7838971614837646,0.7838971614837646,0.9877699613571167,0.04850209421094726,0.9588235294117647,0.9647058823529412,0.9470588235294117,0.0,0.0,0.20917090544069453,1.3954145472796529
Marginal,mnist,2,0.0,0.4,support,3000,2000,332,0,332,0.13072461553383619,0.04139999999999999,0.0414,,,,,7.261636269977316,1,329,0.0,0.0,0.6708214282989502,0.6708214282989502,0.9944959878921509,0.02434299587134238,0.9848942598187311,0.9939577039274925,0.9848942598187311,0.0,0.0,0.194563888548698,1.402718055725651
PU-R,mnist,2,0.0,0.4,support,3000,2000,173,0,173,0.0725245603825897,0.043200000000000016,0.0432,,,,,3.433752254000865,1,170,0.0,0.0,0.767170250415802,0.767170250415802,0.976803183555603,0.05121403750638629,0.9651162790697675,0.9593023255813954,0.9418604651162791,0.0,0.0,0.2189102560059922,1.390544871997004
GREATS,mnist,2,0.0,0.4,support,3000,2000,309,0,309,,0.041200000000000014,0.0412,,,,,7.020525399013422,1,306,0.0,0.0,0.6678696274757385,0.6678696274757385,0.9823019504547119,0.031538500846665984,0.987012987012987,0.9805194805194806,0.9772727272727273,0.0,0.0,0.2098888854778109,1.3950555572610945
MaxLoss,mnist,2,0.0,0.5,support,2500,2500,144,0,144,0.07385574257932603,0.045599999999999974,0.0456,,,,,2.142567600007169,1,141,0.0,0.0,0.8036081194877625,0.8036081194877625,0.9813239574432373,0.057313340631398285,0.916083916083916,0.951048951048951,0.8741258741258742,0.0,0.0,0.21351742316867106,1.3932412884156644
Marginal,mnist,2,0.0,0.5,support,2500,2500,242,0,242,0.11743494018446654,0.04359999999999997,0.0436,,,,,4.666662495001219,1,239,0.0,0.0,0.7092583775520325,0.7092583775520325,0.9961538910865784,0.03566777117210305,0.983402489626556,0.9875518672199171,0.979253112033195,0.0,0.0,0.21160901021976675,1.3941954948901167
PU-R,mnist,2,0.0,0.5,support,2500,2500,153,0,153,0.07792036363389343,0.04579999999999995,0.0458,,,,,3.1108234230196103,1,150,0.0,0.0,0.7917852401733398,0.7917852401733398,0.985840916633606,0.0565325843758489,0.9473684210526315,0.9539473684210527,0.9144736842105263,0.0,0.0,0.21360103761028604,1.393199481194857
GREATS,mnist,2,0.0,0.5,support,2500,2500,256,0,256,,0.042100000000000026,0.0421,,,,,5.611384882940911,1,253,0.0,0.0,0.7049748301506042,0.7049748301506042,0.9785445928573608,0.03592453899921155,0.9882352941176471,0.9764705882352941,0.9725490196078431,0.0,0.0,0.20880460936482584,1.395597695317587
MaxLoss,mnist,2,0.0,0.6,support,2000,3000,122,0,122,0.07965841214172542,0.0464,0.0464,,,,,1.877859847038053,1,119,0.0,0.0,0.8174940347671509,0.8174940347671509,0.9775413274765015,0.0671834643653109,0.8099173553719008,0.9090909090909091,0.768595041322314,0.0,0.0,0.21932415624211918,1.3903379218789405
Marginal,mnist,2,0.0,0.6,support,2000,3000,209,0,209,0.12831134267617017,0.04069999999999996,0.0407,,,,,3.96944600797724,1,206,0.0,0.0,0.7111297249794006,0.7111297249794006,0.9827845096588135,0.041597668887474216,0.9615384615384616,0.9759615384615384,0.9519230769230769,0.0,0.0,0.2194395254454546,1.3902802372772727
PU-R,mnist,2,0.0,0.6,support,2000,3000,123,0,123,0.08022852166322991,0.04720000000000002,0.0472,,,,,2.419043677044101,1,120,0.0,0.0,0.8271421790122986,0.8271421790122986,0.9761414527893066,0.06789866669989023,0.7950819672131147,0.8852459016393442,0.7540983606557377,0.0,0.0,0.2115440896386,1.3942279551807
GREATS,mnist,2,0.0,0.6,support,2000,3000,202,0,202,,0.041200000000000014,0.0412,,,,,4.198714126017876,1,199,0.0,0.0,0.718409538269043,0.718409538269043,0.9819979667663574,0.045575066909787076,0.9502487562189055,0.9502487562189055,0.9303482587064676,0.0,0.0,0.22085836438923573,1.389570817805382
MaxLoss,mnist,2,0.0,0.7,support,1500,3500,103,0,103,0.09141373087186366,0.05069999999999997,0.0507,,,,,1.6857257139636204,1,100,0.0,0.0,0.8275210857391357,0.8275210857391357,0.9694130420684814,0.07147659974939682,0.7549019607843137,0.8823529411764706,0.7549019607843137,0.0,0.0,0.21848590392942097,1.3907570480352895
Marginal,mnist,2,0.0,0.7,support,1500,3500,161,0,161,0.13507680845214054,0.04400000000000004,0.044,,,,,3.023574752965942,1,158,0.0,0.0,0.751558244228363,0.751558244228363,0.9910733699798584,0.04821217730641365,0.94375,0.96875,0.9375,0.0,0.0,0.21940822265083637,1.3902958886745818
PU-R,mnist,2,0.0,0.7,support,1500,3500,105,0,105,0.09294493717607111,0.049000000000000044,0.049,,,,,2.1036127059487626,1,102,0.0,0.0,0.8148223161697388,0.8148223161697388,0.9585938453674316,0.07557078565542515,0.7019230769230769,0.8461538461538461,0.6538461538461539,0.0,0.0,0.22737265313836638,1.3863136734308168
GREATS,mnist,2,0.0,0.7,support,1500,3500,143,0,143,,0.04410000000000003,0.0441,,,,,2.853945389040746,1,140,0.0,0.0,0.7685786485671997,0.7685786485671997,0.9647417068481445,0.05792092416487949,0.9084507042253521,0.9154929577464789,0.8802816901408451,0.0,0.0,0.22198552741594346,1.3890072362920283
MaxLoss,mnist,2,0.0,0.8,support,1000,4000,79,0,79,0.10870465054176748,0.05459999999999998,0.0546,,,,,1.3144827910000458,1,76,0.0,0.0,0.797044038772583,0.797044038772583,0.9756975173950195,0.08555241158375373,0.7307692307692307,0.8076923076923077,0.6794871794871795,0.0,0.0,0.24470149232114516,1.3776492538394274
Marginal,mnist,2,0.0,0.8,support,1000,4000,132,0,132,0.16899185662623495,0.04500000000000004,0.045,,,,,2.4760932590579614,1,129,0.0,0.0,0.7429571151733398,0.7429571151733398,0.9842007160186768,0.0566587416270307,0.8931297709923665,0.9312977099236641,0.8549618320610687,0.0,0.0,0.23005430694988427,1.384972846525058
PU-R,mnist,2,0.0,0.8,support,1000,4000,76,0,76,0.10520650283433497,0.060899999999999954,0.0609,,,,,1.4656727340770885,1,73,0.0,0.0,0.8065003752708435,0.8065003752708435,0.9757200479507446,0.09344807088375091,0.6133333333333333,0.72,0.5866666666666667,0.0,0.0,0.24686727858380716,1.3765663607080965
GREATS,mnist,2,0.0,0.8,support,1000,4000,123,0,123,,0.04530000000000001,0.0453,,,,,2.484051718027331,1,120,0.0,0.0,0.7743539810180664,0.7743539810180664,0.9673100709915161,0.06599690496432976,0.7622950819672131,0.8688524590163934,0.7540983606557377,0.0,0.0,0.22892077906222918,1.3855396104688853
MaxLoss,mnist,3,0.0,0.0,support,5000,0,452,0,452,0.10469358530826867,0.04490000000000005,0.0449,,,,,12.389441248960793,1,449,0.0,0.0,0.575312077999115,0.575312077999115,0.9887622594833374,0.014188329980888315,0.9955654101995566,0.9977827050997783,0.9955654101995566,0.0,0.0,0.17253951700020292,1.4137302414998985
Marginal,mnist,3,0.0,0.0,support,5000,0,800,75,875,0.194160642742645,0.04700000000000004,0.047,,,,,46.87468003598042,0,797,0.0,0.0,0.5575481653213501,0.5575481653213501,0.9980164766311646,0.005825461219442257,0.9987484355444305,0.9987484355444305,0.9987484355444305,0.0,0.0,0.15934983102991004,1.420325084485045
PU-R,mnist,3,0.0,0.0,support,5000,0,673,0,673,0.15172203280963004,0.04039999999999999,0.0404,,,,,60.592854349990375,1,670,0.0,0.0,0.5698348879814148,0.5698348879814148,0.9930779337882996,0.008994035778111234,0.9970238095238095,0.9985119047619048,0.9970238095238095,0.0,0.0,0.1656716180459218,1.4171641909770392
GREATS,mnist,3,0.0,0.0,support,5000,0,602,0,602,,0.039100000000000024,0.0391,,,,,27.183947306941263,1,599,0.0,0.0,0.5804109573364258,0.5804109573364258,0.9907451868057251,0.0102526567548594,0.9983361064891847,0.9983361064891847,0.9983361064891847,0.0,0.0,0.1637650129705582,1.418117493514721
MaxLoss,mnist,3,0.0,0.1,support,4500,500,355,0,355,0.093003326037433,0.04420000000000002,0.0442,,,,,7.3677297389367595,1,352,0.0,0.0,0.6214578151702881,0.6214578151702881,0.9911187291145325,0.022994697772724143,0.9971751412429378,0.9943502824858758,0.9943502824858758,0.0,0.0,0.19449330202818133,1.4027533489859092
Marginal,mnist,3,0.0,0.1,support,4500,500,685,0,685,0.17121580865932629,0.04190000000000005,0.0419,,,,,33.06660126207862,1,682,0.0,0.0,0.5806171894073486,0.5806171894073486,0.9926175475120544,0.01017020615100267,0.9956140350877193,0.9985380116959064,0.9956140350877193,0.0,0.0,0.17562941066501675,1.4121852946674918
PU-R,mnist,3,0.0,0.1,support,4500,500,398,0,398,0.10333137214183807,0.04600000000000004,0.046,,,,,16.551886869012378,1,395,0.0,0.0,0.6240149736404419,0.6240149736404419,0.9868482351303101,0.02160017882469075,0.9974811083123426,0.9899244332493703,0.9899244332493703,0.0,0.0,0.18997015323545452,1.4050149233822729
GREATS,mnist,3,0.0,0.1,support,4500,500,630,0,630,,0.041100000000000025,0.0411,,,,,29.377840632922016,1,627,0.0,0.0,0.5918460488319397,0.5918460488319397,0.9910614490509033,0.011660476595338061,0.9968203497615262,0.9968203497615262,0.9952305246422893,0.0,0.0,0.1739332437878397,1.4130333781060802
MaxLoss,mnist,3,0.0,0.2,support,4000,1000,283,0,283,0.08495165774365887,0.040000000000000036,0.04,,,,,4.746451242943294,1,280,0.0,0.0,0.6881515979766846,0.6881515979766846,0.9867492914199829,0.029191393284655528,0.9929078014184397,0.9822695035460993,0.9787234042553191,0.0,0.0,0.20045903658871164,1.3997704817056442
Marginal,mnist,3,0.0,0.2,support,4000,1000,517,0,517,0.14796231273794547,0.038900000000000046,0.0389,,,,,17.257107942015864,1,514,0.0,0.0,0.6046101450920105,0.6046101450920105,0.9933593273162842,0.015737018955857024,0.9903100775193798,0.9922480620155039,0.9844961240310077,0.0,0.0,0.18714341045187735,1.4064282947740614
PU-R,mnist,3,0.0,0.2,support,4000,1000,280,0,280,0.08413072262192145,0.043399999999999994,0.0434,,,,,7.640077146934345,1,277,0.0,0.0,0.6745389699935913,0.6745389699935913,0.9801541566848755,0.03177054121416049,0.982078853046595,0.982078853046595,0.978494623655914,0.0,0.0,0.2050824778327153,1.3974587610836424
GREATS,mnist,3,0.0,0.2,support,4000,1000,504,0,504,,0.04269999999999996,0.0427,,,,,17.576154557988048,1,501,0.0,0.0,0.6215353012084961,0.6215353012084961,0.9887824058532715,0.016387498989390212,0.9980119284294234,0.9960238568588469,0.9960238568588469,0.0,0.0,0.18253474347382925,1.4087326282630854
MaxLoss,mnist,3,0.0,0.3,support,3500,1500,216,0,216,0.07593107619322836,0.044499999999999984,0.0445,,,,,3.157033388968557,1,213,0.0,0.0,0.7327829003334045,0.7327829003334045,0.984887957572937,0.03941141131312348,0.986046511627907,0.9720930232558139,0.9627906976744186,0.0,0.0,0.20998927227152245,1.3950053638642388
Marginal,mnist,3,0.0,0.3,support,3500,1500,422,0,422,0.1399178621941246,0.0413,0.0413,,,,,11.19222651293967,1,419,0.0,0.0,0.6441003680229187,0.6441003680229187,0.9918155074119568,0.02019935138435092,0.9928741092636579,0.995249406175772,0.9904988123515439,0.0,0.0,0.19437354364978068,1.4028132281751096
PU-R,mnist,3,0.0,0.3,support,3500,1500,218,0,218,0.07656429975759238,0.04700000000000004,0.047,,,,,4.916468832991086,1,215,0.0,0.0,0.7331934571266174,0.7331934571266174,0.9769382476806641,0.03998817924049593,0.9907834101382489,0.9539170506912442,0.9539170506912442,0.0,0.0,0.20715660055863264,1.3964216997206838
GREATS,mnist,3,0.0,0.3,support,3500,1500,392,0,392,,0.04259999999999997,0.0426,,,,,10.517598122940399,1,389,0.0,0.0,0.6475732326507568,0.6475732326507568,0.9882355332374573,0.023387131436020517,0.9974424552429667,0.9974424552429667,0.9974424552429667,0.0,0.0,0.1971252083184511,1.4014373958407744
MaxLoss,mnist,3,0.0,0.4,support,3000,2000,194,0,194,0.08034300222061574,0.043200000000000016,0.0432,,,,,2.84542176395189,1,191,0.0,0.0,0.7569287419319153,0.7569287419319153,0.982982873916626,0.04550180366923888,0.9740932642487047,0.9689119170984456,0.9533678756476683,0.0,0.0,0.21500438163331487,1.3924978091833426
Marginal,mnist,3,0.0,0.4,support,3000,2000,360,0,360,0.1407936301548034,0.04200000000000004,0.042,,,,,8.47478651907295,1,357,0.0,0.0,0.6590901017189026,0.6590901017189026,0.9917967319488525,0.024489301225056347,0.9888579387186629,0.9944289693593314,0.9860724233983287,0.0,0.0,0.20061772908051656,1.3996911354597417
PU-R,mnist,3,0.0,0.4,support,3000,2000,195,0,195,0.08071401412598789,0.043200000000000016,0.0432,,,,,4.197075422038324,1,192,0.0,0.0,0.7558403015136719,0.7558403015136719,0.9796451926231384,0.04305672130221021,0.9948453608247423,0.979381443298969,0.979381443298969,0.0,0.0,0.20742718797944243,1.3962864060102786
GREATS,mnist,3,0.0,0.4,support,3000,2000,350,0,350,,0.04069999999999996,0.0407,,,,,8.794843830983154,1,347,0.0,0.0,0.6679322123527527,0.6679322123527527,0.9836519956588745,0.027088391882791732,0.9856733524355301,0.9885386819484241,0.9799426934097422,0.0,0.0,0.20354939667953534,1.3982253016602324
MaxLoss,mnist,3,0.0,0.5,support,2500,2500,146,0,146,0.0747603815398179,0.04269999999999996,0.0427,,,,,2.1792753050103784,1,143,0.0,0.0,0.8021223545074463,0.8021223545074463,0.9883371591567993,0.05543165134972539,0.9172413793103448,0.9448275862068966,0.896551724137931,0.0,0.0,0.21009104780620924,1.3949544760968955
Marginal,mnist,3,0.0,0.5,support,2500,2500,274,0,274,0.13141582097159699,0.04059999999999997,0.0406,,,,,5.65625156799797,1,271,0.0,0.0,0.7074863910675049,0.7074863910675049,0.984782874584198,0.03168533482646822,0.978021978021978,0.9963369963369964,0.978021978021978,0.0,0.0,0.20404915241699173,1.397975423791504
PU-R,mnist,3,0.0,0.5,support,2500,2500,156,0,156,0.0792717695585452,0.04249999999999998,0.0425,,,,,3.2126935760024935,1,153,0.0,0.0,0.8045253157615662,0.8045253157615662,0.9744865894317627,0.05657798340243678,0.9032258064516129,0.9096774193548387,0.8709677419354839,0.0,0.0,0.20950069653225536,1.3952496517338724
GREATS,mnist,3,0.0,0.5,support,2500,2500,252,0,252,,0.041100000000000025,0.0411,,,,,5.503546015941538,1,249,0.0,0.0,0.7000933289527893,0.7000933289527893,0.9805110692977905,0.03692831947520168,0.9681274900398407,0.9800796812749004,0.9601593625498008,0.0,0.0,0.21255443060385354,1.393722784698073
MaxLoss,mnist,3,0.0,0.6,support,2000,3000,120,0,120,0.07851720310281962,0.04520000000000002,0.0452,,,,,1.8478272010106593,1,117,0.0,0.0,0.8187405467033386,0.8187405467033386,0.9850274324417114,0.0665211117818576,0.8151260504201681,0.8823529411764706,0.7815126050420168,0.0,0.0,0.21778639764301655,1.3911068011784917
Marginal,mnist,3,0.0,0.6,support,2000,3000,203,0,203,0.12500530312536284,0.04039999999999999,0.0404,,,,,3.8368799260351807,1,200,0.0,0.0,0.7292699217796326,0.7292699217796326,0.9924420118331909,0.039944854242229225,0.9603960396039604,0.9752475247524752,0.9504950495049505,0.0,0.0,0.2126703717281608,1.3936648141359196
PU-R,mnist,3,0.0,0.6,support,2000,3000,123,0,123,0.08022852166322991,0.04279999999999995,0.0428,,,,,2.4197493119863793,1,120,0.0,0.0,0.8145446181297302,0.8145446181297302,0.973426103591919,0.06819539382809499,0.819672131147541,0.8770491803278688,0.7868852459016393,0.0,0.0,0.21976554918678712,1.3901172254066063
GREATS,mnist,3,0.0,0.6,support,2000,3000,198,0,198,,0.042300000000000004,0.0423,,,,,4.091089744004421,1,195,0.0,0.0,0.7353484034538269,0.7353484034538269,0.9842002391815186,0.045759408172163264,0.9644670050761421,0.9593908629441624,0.9441624365482234,0.0,0.0,0.2177005624648474,1.3911497187675763
MaxLoss,mnist,3,0.0,0.7,support,1500,3500,96,0,96,0.08603620971553028,0.048799999999999955,0.0488,,,,,1.5609864960424602,1,93,0.0,0.0,0.8257447481155396,0.8257447481155396,0.9676188230514526,0.07746657493867372,0.7368421052631579,0.8421052631578947,0.7157894736842105,0.0,0.0,0.22169776426497584,1.3891511178675122
Marginal,mnist,3,0.0,0.7,support,1500,3500,167,0,167,0.13952213863376528,0.042100000000000026,0.0421,,,,,3.1939273609314114,1,164,0.0,0.0,0.749986469745636,0.749986469745636,0.9756742715835571,0.04790312101144389,0.9397590361445783,0.9578313253012049,0.9156626506024096,0.0,0.0,0.21822386225286952,1.3908880688735652
PU-R,mnist,3,0.0,0.7,support,1500,3500,94,0,94,0.08449428086169064,0.0514,0.0514,,,,,1.8417794399429113,1,91,0.0,0.0,0.8234966397285461,0.8234966397285461,0.9645581245422363,0.07880732773612904,0.7741935483870968,0.8172043010752689,0.7311827956989247,0.0,0.0,0.2232564571104508,1.3883717714447745
GREATS,mnist,3,0.0,0.7,support,1500,3500,160,0,160,,0.04239999999999999,0.0424,,,,,3.3157309429952875,1,157,0.0,0.0,0.7371505498886108,0.7371505498886108,0.9737555980682373,0.05064836711441196,0.9433962264150944,0.9559748427672956,0.9182389937106918,0.0,0.0,0.224566261572235,1.3877168692138824
MaxLoss,mnist,3,0.0,0.8,support,1000,4000,82,0,82,0.11219132115365937,0.056599999999999984,0.0566,,,,,1.3649546160595492,1,79,0.0,0.0,0.8186101317405701,0.8186101317405701,0.9673124551773071,0.0846715576854753,0.7530864197530864,0.7901234567901234,0.691358024691358,0.0,0.0,0.23397559293211975,1.38301220353394
Marginal,mnist,3,0.0,0.8,support,1000,4000,130,0,130,0.16675831709289923,0.04469999999999996,0.0447,,,,,2.424011825933121,1,127,0.0,0.0,0.7503138780593872,0.7503138780593872,0.9808189868927002,0.057366275741148366,0.8992248062015504,0.9612403100775194,0.875968992248062,0.0,0.0,0.22869727053059613,1.385651364734702
PU-R,mnist,3,0.0,0.8,support,1000,4000,81,0,81,0.11103033786639571,0.05779999999999996,0.0578,,,,,1.5756316750776023,1,78,0.0,0.0,0.8262910842895508,0.8262910842895508,0.9590228796005249,0.08838785886764526,0.6625,0.75,0.6125,0.0,0.0,0.23104438238661282,1.3844778088066936
GREATS,mnist,3,0.0,0.8,support,1000,4000,129,0,129,,0.044499999999999984,0.0445,,,,,2.625478651956655,1,126,0.0,0.0,0.758987307548523,0.758987307548523,0.9678401947021484,0.060075639048591256,0.890625,0.90625,0.859375,0.0,0.0,0.22723786616437733,1.3863810669178114
MaxLoss,mnist,4,0.0,0.0,support,5000,0,447,0,447,0.10361992294201627,0.046599999999999975,0.0466,,,,,12.216820899979211,1,444,0.0,0.0,0.5746856927871704,0.5746856927871704,0.9903063774108887,0.014033867454473681,0.9977578475336323,0.9977578475336323,0.9977578475336323,0.0,0.0,0.1724931797186743,1.4137534101406628
Marginal,mnist,4,0.0,0.0,support,5000,0,800,64,864,0.19186014292063192,0.046499999999999986,0.0465,,,,,47.070392038091086,0,797,0.0,0.0,0.5648629069328308,0.5648629069328308,0.9990760087966919,0.005963032907241453,0.9974968710888611,0.9987484355444305,0.9974968710888611,0.0,0.0,0.16015893493402736,1.4199205325329864
PU-R,mnist,4,0.0,0.0,support,5000,0,617,0,617,0.13987441081553698,0.04279999999999995,0.0428,,,,,49.6184686049819,1,614,0.0,0.0,0.56485515832901,0.56485515832901,0.9965810179710388,0.009714158118835517,0.9983766233766234,0.9983766233766234,0.9983766233766234,0.0,0.0,0.1646350001195618,1.417682499940219
GREATS,mnist,4,0.0,0.0,support,5000,0,590,0,590,,0.04800000000000004,0.048,,,,,26.26965197501704,1,587,0.0,0.0,0.5843223929405212,0.5843223929405212,0.9906397461891174,0.010396507433663061,0.99830220713073,0.99830220713073,0.99830220713073,0.0,0.0,0.1639605175171202,1.41801974124144
MaxLoss,mnist,4,0.0,0.1,support,4500,500,336,0,336,0.08842162339715287,0.04579999999999995,0.0458,,,,,6.636745058000088,1,333,0.0,0.0,0.6209003329277039,0.6209003329277039,0.9935441613197327,0.023667348070598362,0.9970149253731343,0.9970149253731343,0.9970149253731343,0.0,0.0,0.19469337102779585,1.402653314486102
Marginal,mnist,4,0.0,0.1,support,4500,500,646,0,646,0.16207486187340692,0.04249999999999998,0.0425,,,,,29.249743118998595,1,643,0.0,0.0,0.582776665687561,0.582776665687561,0.9946689605712891,0.010562995263887931,0.9953488372093023,0.9984496124031008,0.9953488372093023,0.0,0.0,0.17485018303108862,1.4125749084844557
PU-R,mnist,4,0.0,0.1,support,4500,500,399,0,399,0.10357093054335564,0.04149999999999998,0.0415,,,,,16.7967834220035,1,396,0.0,0.0,0.6148841977119446,0.6148841977119446,0.9854836463928223,0.019985112937251526,0.9949748743718593,0.9949748743718593,0.992462311557789,0.0,0.0,0.18746011449203592,1.406269942753982
GREATS,mnist,4,0.0,0.1,support,4500,500,617,0,617,,0.042100000000000026,0.0421,,,,,28.31603048508987,1,614,0.0,0.0,0.5830029845237732,0.5830029845237732,0.9948267936706543,0.011286567356860773,0.9951298701298701,0.9983766233766234,0.9951298701298701,0.0,0.0,0.17255150399891758,1.4137242480005412
MaxLoss,mnist,4,0.0,0.2,support,4000,1000,243,0,243,0.0739669346367009,0.0474,0.0474,,,,,3.663449999061413,1,240,0.0,0.0,0.6925103664398193,0.6925103664398193,0.993058443069458,0.0339676460389756,0.9917355371900827,0.9917355371900827,0.987603305785124,0.0,0.0,0.20638812208072194,1.396805938959639
Marginal,mnist,4,0.0,0.2,support,4000,1000,488,0,488,0.14023967797402292,0.04300000000000004,0.043,,,,,15.198363314033486,1,485,0.0,0.0,0.6238338351249695,0.6238338351249695,0.9887510538101196,0.016736352536062378,0.9897330595482546,0.9958932238193019,0.9897330595482546,0.0,0.0,0.18647962335271323,1.4067601883236434
PU-R,mnist,4,0.0,0.2,support,4000,1000,255,0,255,0.07727156981127337,0.04690000000000005,0.0469,,,,,6.41577291698195,1,252,0.0,0.0,0.6904655694961548,0.6904655694961548,0.9792893528938293,0.03259211152381315,0.9921259842519685,0.9881889763779528,0.984251968503937,0.0,0.0,0.20454336516948374,1.3977283174152582
GREATS,mnist,4,0.0,0.2,support,4000,1000,482,0,482,,0.04059999999999997,0.0406,,,,,16.036632842035033,1,479,0.0,0.0,0.6171791553497314,0.6171791553497314,0.990451455116272,0.01685457016881594,0.9916839916839917,0.997920997920998,0.9916839916839917,0.0,0.0,0.18478980899601838,1.4076050955019908
MaxLoss,mnist,4,0.0,0.3,support,3500,1500,193,0,193,0.06862439028918743,0.04510000000000003,0.0451,,,,,2.647999867913313,1,190,0.0,0.0,0.7436102628707886,0.7436102628707886,0.9946528673171997,0.040799290485059224,0.984375,0.9947916666666666,0.984375,0.0,0.0,0.20833909339651974,1.3958304533017403
Marginal,mnist,4,0.0,0.3,support,3500,1500,386,0,386,0.1288761502946727,0.04139999999999999,0.0414,,,,,9.318583647953346,1,383,0.0,0.0,0.6500449776649475,0.6500449776649475,0.9933516979217529,0.020361800615179847,0.9974025974025974,0.9974025974025974,0.9974025974025974,0.0,0.0,0.19256370718974825,1.4037181464051258
PU-R,mnist,4,0.0,0.3,support,3500,1500,188,0,188,0.06702957092784345,0.04510000000000003,0.0451,,,,,3.7901001540012658,1,185,0.0,0.0,0.746898353099823,0.746898353099823,0.9901021718978882,0.042242748692711406,0.9893048128342246,0.9732620320855615,0.9679144385026738,0.0,0.0,0.20803602703984123,1.3959819864800793
GREATS,mnist,4,0.0,0.3,support,3500,1500,368,0,368,,0.039100000000000024,0.0391,,,,,9.296371332020499,1,365,0.0,0.0,0.6456640958786011,0.6456640958786011,0.9846549034118652,0.02501448567662317,0.997275204359673,0.9863760217983651,0.9863760217983651,0.0,0.0,0.20084824733756912,1.3995758763312154
MaxLoss,mnist,4,0.0,0.4,support,3000,2000,167,0,167,0.07028049475047737,0.043300000000000005,0.0433,,,,,2.298885509953834,1,164,0.0,0.0,0.7691469192504883,0.7691469192504883,0.991692066192627,0.04949247566646481,0.9457831325301205,0.9759036144578314,0.9337349397590361,0.0,0.0,0.21546909482017634,1.3922654525899119
Marginal,mnist,4,0.0,0.4,support,3000,2000,310,0,310,0.12278300919570029,0.044300000000000006,0.0443,,,,,6.399933710927144,1,307,0.0,0.0,0.676923394203186,0.676923394203186,0.9861928820610046,0.0281479695471287,0.9870550161812298,0.9935275080906149,0.9838187702265372,0.0,0.0,0.20436059127462436,1.3978197043626879
PU-R,mnist,4,0.0,0.4,support,3000,2000,150,0,150,0.06389456166652963,0.04510000000000003,0.0451,,,,,2.7554914590436965,1,147,0.0,0.0,0.7871025800704956,0.7871025800704956,0.9741709232330322,0.05460319598049125,0.9664429530201343,0.9395973154362416,0.9261744966442953,0.0,0.0,0.21271920655671436,1.3936403967216429
GREATS,mnist,4,0.0,0.4,support,3000,2000,298,0,298,,0.045599999999999974,0.0456,,,,,6.610455216025002,1,295,0.0,0.0,0.6694869995117188,0.6694869995117188,0.9821640849113464,0.03105745780021454,0.98989898989899,0.98989898989899,0.9831649831649831,0.0,0.0,0.21036087285327307,1.3948195635733636
MaxLoss,mnist,4,0.0,0.5,support,2500,2500,148,0,148,0.07566421414958313,0.04720000000000002,0.0472,,,,,2.2509345319122076,1,145,0.0,0.0,0.8003494143486023,0.8003494143486023,0.9935708045959473,0.056175319820034264,0.9115646258503401,0.9659863945578231,0.891156462585034,0.0,0.0,0.21211302980065555,1.3939434850996721
Marginal,mnist,4,0.0,0.5,support,2500,2500,259,0,259,0.12487435160437599,0.04149999999999998,0.0415,,,,,5.223312688991427,1,256,0.0,0.0,0.6861898303031921,0.6861898303031921,0.9862896203994751,0.032476938221343725,0.9844961240310077,0.9883720930232558,0.9806201550387597,0.0,0.0,0.2108773965794351,1.3945613017102825
PU-R,mnist,4,0.0,0.5,support,2500,2500,151,0,151,0.07701848330907524,0.04520000000000002,0.0452,,,,,3.0896929959999397,1,148,0.0,0.0,0.7977839708328247,0.7977839708328247,0.99138343334198,0.0546241303284963,0.92,0.96,0.9066666666666666,0.0,0.0,0.2113777873819421,1.394311106309029
GREATS,mnist,4,0.0,0.5,support,2500,2500,246,0,246,,0.04349999999999998,0.0435,,,,,5.337577336933464,1,243,0.0,0.0,0.6993218064308167,0.6993218064308167,0.9868557453155518,0.03626018598371623,0.9836734693877551,0.9836734693877551,0.9714285714285714,0.0,0.0,0.21142675908579875,1.3942866204571005
MaxLoss,mnist,4,0.0,0.6,support,2000,3000,125,0,125,0.08136776881292462,0.04410000000000003,0.0441,,,,,1.9525801200652495,1,122,0.0,0.0,0.8247709274291992,0.8247709274291992,0.9894185662269592,0.0620755517194348,0.8709677419354839,0.9354838709677419,0.8548387096774194,0.0,0.0,0.20715490108853912,1.3964225494557305
Marginal,mnist,4,0.0,0.6,support,2000,3000,225,0,225,0.13709959154948592,0.042100000000000026,0.0421,,,,,4.473243741085753,1,222,0.0,0.0,0.707258403301239,0.707258403301239,0.9947946071624756,0.03557875649338322,0.9866071428571429,0.9866071428571429,0.9821428571428571,0.0,0.0,0.20865394464272036,1.3956730276786398
PU-R,mnist,4,0.0,0.6,support,2000,3000,134,0,134,0.08647901471704245,0.043200000000000016,0.0432,,,,,2.736524489009753,1,131,0.0,0.0,0.8232262134552002,0.8232262134552002,0.9922506809234619,0.05981311588583136,0.8872180451127819,0.9022556390977443,0.8421052631578947,0.0,0.0,0.20431392989144795,1.397843035054276
GREATS,mnist,4,0.0,0.6,support,2000,3000,213,0,213,,0.04139999999999999,0.0414,,,,,4.55572220007889,1,210,0.0,0.0,0.7255842089653015,0.7255842089653015,0.9808520674705505,0.04309013218812223,0.9716981132075472,0.9669811320754716,0.9481132075471698,0.0,0.0,0.21616106887876232,1.3919194655606189
MaxLoss,mnist,4,0.0,0.7,support,1500,3500,95,0,95,0.08526556193828583,0.04849999999999999,0.0485,,,,,1.5376205290667713,1,92,0.0,0.0,0.8261227607727051,0.8261227607727051,0.980308473110199,0.07446311350832595,0.8191489361702128,0.851063829787234,0.776595744680851,0.0,0.0,0.21906356694044424,1.390468216529778
Marginal,mnist,4,0.0,0.7,support,1500,3500,159,0,159,0.13359252631198615,0.04420000000000002,0.0442,,,,,2.990132707054727,1,156,0.0,0.0,0.7479755282402039,0.7479755282402039,0.9837062358856201,0.050288309260636946,0.9430379746835443,0.9746835443037974,0.930379746835443,0.0,0.0,0.22089858845107274,1.3895507057744636
PU-R,mnist,4,0.0,0.7,support,1500,3500,100,0,100,0.08911264216294512,0.05069999999999997,0.0507,,,,,1.9909304549219087,1,97,0.0,0.0,0.8195427656173706,0.8195427656173706,0.9613012075424194,0.08130347382540655,0.7373737373737373,0.797979797979798,0.7272727272727273,0.0,0.0,0.22950235477191663,1.3852488226140416
GREATS,mnist,4,0.0,0.7,support,1500,3500,150,0,150,,0.04310000000000003,0.0431,,,,,3.049861978041008,1,147,0.0,0.0,0.7436211705207825,0.7436211705207825,0.9703140258789062,0.058195649202438006,0.8456375838926175,0.9060402684563759,0.8053691275167785,0.0,0.0,0.2310590266367244,1.3844704866816377
MaxLoss,mnist,4,0.0,0.8,support,1000,4000,84,0,84,0.1145096656982787,0.05510000000000004,0.0551,,,,,1.4490882629761472,1,81,0.0,0.0,0.8223681449890137,0.8223681449890137,0.9722645282745361,0.07517338229949216,0.7831325301204819,0.8674698795180723,0.7469879518072289,0.0,0.0,0.22473225416898296,1.3876338729155084
Marginal,mnist,4,0.0,0.8,support,1000,4000,148,0,148,0.18676866061287,0.04479999999999995,0.0448,,,,,2.887956717982888,1,145,0.0,0.0,0.7450599670410156,0.7450599670410156,0.99628084897995,0.0519305964310964,0.9183673469387755,0.9523809523809523,0.9047619047619048,0.0,0.0,0.22744082775571525,1.3862795861221424
PU-R,mnist,4,0.0,0.8,support,1000,4000,82,0,82,0.11219132115365937,0.05669999999999997,0.0567,,,,,1.6254480950301513,1,79,0.0,0.0,0.8213475346565247,0.8213475346565247,0.9612002372741699,0.08662832703119443,0.7283950617283951,0.8271604938271605,0.7160493827160493,0.0,0.0,0.23145521219648477,1.3842723939017576
GREATS,mnist,4,0.0,0.8,support,1000,4000,130,0,130,,0.04300000000000004,0.043,,,,,2.6726583999115974,1,127,0.0,0.0,0.7623822689056396,0.7623822689056396,0.9802783727645874,0.057588562484859496,0.9069767441860465,0.9224806201550387,0.8604651162790697,0.0,0.0,0.22438477795703793,1.387807611021481
