dataset,method,noise_rate,pretrain_fraction,pretrain_training_mode,n,compression_size_mean,compression_size_se,remaining_bad_mean,remaining_bad_se,effective_compression_size_mean,effective_compression_size_se,certified_bound_mean,certified_bound_se,test_error_mean,test_error_se,test_inappropriate_risk_mean,test_inappropriate_risk_se,pac_bayes_bound_mean,pac_bayes_bound_se,pac_bayes_empirical_risk_mean,pac_bayes_empirical_risk_se,pac_bayes_mc_upper_mean,pac_bayes_mc_upper_se,pac_bayes_kl_mean,pac_bayes_kl_se,runtime_sec_mean,runtime_sec_se,stop_reached_mean,stop_reached_se,hit_limit_mean,hit_limit_se,train_calls_mean,train_calls_se,noise_hit_rate_mean,noise_hit_rate_se,duplicate_hit_rate_mean,duplicate_hit_rate_se,pairwise_feature_cosine_mean,pairwise_feature_cosine_se,mean_support_redundancy_mean,mean_support_redundancy_se,max_support_redundancy_mean,max_support_redundancy_se,mean_selected_residual_novelty_mean,mean_selected_residual_novelty_se,local_redundancy_hit_rate_mean,local_redundancy_hit_rate_se,residual_redundancy_hit_rate_mean,residual_redundancy_hit_rate_se,strong_redundancy_hit_rate_mean,strong_redundancy_hit_rate_se,mode_entropy_mean,mode_entropy_se,minority_mode_fraction_mean,minority_mode_fraction_se,spectral_entropy_mean,spectral_entropy_se,dynamic_mu_mean,dynamic_mu_se
mnist,GREATS,0.0,0.0,support,5,619.8,11.11935249913411,0.0,0.0,619.8,11.11935249913411,,,0.042480000000000004,0.0015727046766637503,0.04248,0.0015727046766637399,,,,,,,,,29.30813565296121,1.2205986826020785,1.0,0.0,,,616.8,11.11935249913411,0.0,0.0,0.0,0.0,0.5795214414596558,0.001817779464071477,0.5795214414596558,0.001817779464071477,0.9914589762687683,0.0006019593026437036,0.009851421485788677,0.00020553061291676773,0.9983818838716155,2.9021271764545345e-05,0.9983818838716155,2.9021271764545345e-05,0.9983818838716155,2.9021271764545345e-05,0.0,0.0,0.0,0.0,0.16333356306993396,0.00037389564205906885,1.418333218465033,0.00018694782102954104
mnist,GREATS,0.0,0.1,support,5,640.6,8.28009661779378,0.0,0.0,640.6,8.28009661779378,,,0.04196,0.00029933259094190676,0.04196,0.00029933259094191495,,,,,,,,,30.762091565015727,0.9279291984760177,1.0,0.0,,,637.6,8.28009661779378,0.0,0.0,0.0,0.0,0.5893501400947571,0.0021866115386204943,0.5893501400947571,0.0021866115386204943,0.9919239640235901,0.000871623640503746,0.011180239768192463,0.00021142521051858878,0.9971674087275624,0.0006155608049859793,0.997816759376913,0.0003728711100405088,0.9965486918240158,0.0007772615145394092,0.0,0.0,0.0,0.0,0.17274011779147933,0.0006276827906249938,1.4136299411042603,0.0003138413953124846
mnist,GREATS,0.0,0.2,support,5,514.8,12.2245654319489,0.0,0.0,514.8,12.2245654319489,,,0.04173999999999998,0.0005055689863905891,0.041740000000000006,0.0005055689863905818,,,,,,,,,18.626675693178548,1.023001891276447,1.0,0.0,,,511.8,12.2245654319489,0.0,0.0,0.0,0.0,0.6180845975875855,0.0017138607900075947,0.6180845975875855,0.0017138607900075947,0.9895242691040039,0.0002716957736270974,0.01610061835161471,0.0004306415064561346,0.9964252976334842,0.0012379119981732075,0.9961241745841051,0.0010215380107462552,0.9945001255024287,0.0014403275084530697,0.0,0.0,0.0,0.0,0.183041678027385,0.0011172541060390099,1.4084791609863074,0.000558627053019502
mnist,GREATS,0.0,0.3,support,5,398.0,11.493476410555685,0.0,0.0,398.0,11.493476410555685,,,0.041039999999999986,0.0008304215796810657,0.04104,0.0008304215796810671,,,,,,,,,10.89620965900831,0.6460053840513428,1.0,0.0,,,395.0,11.493476410555685,0.0,0.0,0.0,0.0,0.6486983299255371,0.0031825764964927205,0.6486983299255371,0.0031825764964927205,0.9855143070220947,0.0015692693060035973,0.023489370697525675,0.0006160609798775754,0.9954242422440602,0.0015453898027719707,0.9923455433740038,0.0019214734532786663,0.9908234282269813,0.002050640936254492,0.0,0.0,0.0,0.0,0.19783723356293567,0.0008137137949045318,1.4010813832185323,0.0004068568974522644
mnist,GREATS,0.0,0.4,support,5,317.6,8.70976463516667,0.0,0.0,317.6,8.70976463516667,,,0.04172,0.0009986991538997038,0.04172,0.000998699153899712,,,,,,,,,7.401288265176118,0.37099945502410336,1.0,0.0,,,314.6,8.70976463516667,0.0,0.0,0.0,0.0,0.6695347547531127,0.0007763013806794584,0.6695347547531127,0.0007763013806794584,0.9848304033279419,0.0013957589749648597,0.029855761513472533,0.0007816788954950012,0.9880645332641025,0.0009124211534406149,0.9854321139229795,0.0016923201094968187,0.979171015558693,0.001498910379497033,0.0,0.0,0.0,0.0,0.2070332975835659,0.001591775574428594,1.3964833512082173,0.0007958877872143121
mnist,GREATS,0.0,0.5,support,5,256.0,3.331666249791536,0.0,0.0,256.0,3.331666249791536,,,0.04198000000000002,0.0004532107677449779,0.041979999999999996,0.00045321076774498597,,,,,,,,,5.64469157315325,0.10795347133173638,1.0,0.0,,,253.0,3.331666249791536,0.0,0.0,0.0,0.0,0.7000836849212646,0.0013216322933074529,0.7000836849212646,0.0013216322933074529,0.9791064262390137,0.00226639434550624,0.036039477546300894,0.0004451004426867837,0.9796156423174402,0.003387934604338996,0.9796414843763266,0.001339909463885427,0.9670744769643294,0.002591066364003554,0.0,0.0,0.0,0.0,0.21076532828715955,0.001259782944745492,1.3946173358564202,0.0006298914723727603
mnist,GREATS,0.0,0.6,support,5,208.8,3.6796738985948196,0.0,0.0,208.8,3.6796738985948196,,,0.04124000000000001,0.0003140063693621506,0.04124,0.00031400636936215146,,,,,,,,,4.401691638422198,0.10662256788785944,1.0,0.0,,,205.8,3.6796738985948196,0.0,0.0,0.0,0.0,0.729074215888977,0.003220081268311181,0.729074215888977,0.003220081268311181,0.979781711101532,0.0018263252078847276,0.044218470508609484,0.0005938782514901031,0.9604907731617665,0.0046694023079088855,0.9604056542685729,0.0028107559881455227,0.9393432982739126,0.003831127233574891,0.0,0.0,0.0,0.0,0.2171284504093683,0.001025550909684947,1.3914357747953159,0.0005127754548424828
mnist,GREATS,0.0,0.7,support,5,158.6,5.4644304369257,0.0,0.0,158.6,5.4644304369257,,,0.04286000000000001,0.0005714892824891735,0.042859999999999995,0.000571489282489182,,,,,,,,,3.2682063383981586,0.1418838521615294,1.0,0.0,,,155.6,5.4644304369257,0.0,0.0,0.0,0.0,0.7517489314079284,0.005571378146808672,0.7517489314079284,0.005571378146808672,0.9716185092926025,0.0025381935829511997,0.053910662473016194,0.0017018760624746376,0.9086339160755678,0.017218375864086772,0.932946276164442,0.009953557529275308,0.881607326241161,0.020664201356138345,0.0,0.0,0.0,0.0,0.22271530836163214,0.0024327909411808605,1.3886423458191839,0.0012163954705904567
mnist,GREATS,0.0,0.8,support,5,130.8,2.517935662402834,0.0,0.0,130.8,2.517935662402834,,,0.04418000000000002,0.0007479304780526017,0.04418,0.0007479304780526062,,,,,,,,,2.6764063803944738,0.061444220687522394,1.0,0.0,,,127.8,2.517935662402834,0.0,0.0,0.0,0.0,0.7630043983459472,0.003011352704183262,0.7630043983459472,0.003011352704183262,0.9723989605903626,0.002407277196231997,0.059984944669789896,0.0016192174307489223,0.8557585211496465,0.025422284811103923,0.903953254877149,0.009181464684742851,0.8281722516681753,0.019632581317100353,0.0,0.0,0.0,0.0,0.22641262484216645,0.0009335699921750357,1.3867936875789169,0.00046678499608751773
mnist,Marginal,0.0,0.0,support,5,800.0,0.0,83.0,7.362064927722385,883.0,7.362064927722385,0.1958320782985538,0.0015386696004731657,0.04732000000000001,0.0007592101158440861,0.047319999999999994,0.0007592101158440917,,,,,,,,,47.139260280015876,0.09715618126775424,0.0,0.0,,,797.0,0.0,0.0,0.0,0.0,0.0,0.5586357712745667,0.0016794958602997015,0.5586357712745667,0.0016794958602997015,0.9976861953735352,0.0004127426523285619,0.0059472822231869706,0.0001024497296033962,0.997997496871089,0.0005006257822277787,0.9987484355444305,0.0,0.997997496871089,0.0005006257822277787,0.0,0.0,0.0,0.0,0.16009285408331125,0.0004062448752096883,1.4199535729583446,0.00020312243760484488
mnist,Marginal,0.0,0.1,support,5,681.6,10.961751684835779,0.0,0.0,681.6,10.961751684835779,0.1704164229799062,0.002567054608922543,0.04243999999999999,0.0008096912991998884,0.04244,0.0008096912991998863,,,,,,,,,33.14635752881877,1.3064462077871213,1.0,0.0,,,678.6,10.961751684835779,0.0,0.0,0.0,0.0,0.5837166547775269,0.0015829407054285159,0.5837166547775269,0.0015829407054285159,0.9939741373062134,0.0006432622922905388,0.010514506210166724,0.0002516686134728641,0.9958956455147281,0.0005161378174448775,0.9982490603474632,0.0002630409376328594,0.9956155334699102,0.0007447476196712993,0.0,0.0,0.0,0.0,0.1764978502775852,0.001043160543028091,1.4117510748612074,0.0005215802715140445
mnist,Marginal,0.0,0.2,support,5,530.2,13.69452445322582,0.0,0.0,530.2,13.69452445322582,0.15146290473639965,0.003639388495102238,0.04078000000000002,0.0008266801074176132,0.04078,0.0008266801074176155,,,,,,,,,18.46345911140088,1.1102766525120618,1.0,0.0,,,527.2,13.69452445322582,0.0,0.0,0.0,0.0,0.6146174311637879,0.0031257664543016444,0.6146174311637879,0.0031257664543016444,0.991170859336853,0.0008795827668734141,0.015353081523613189,0.0005150409315250738,0.9916025854268398,0.0016648175222362946,0.9957923636697774,0.0009742967506701774,0.9900813717900971,0.0019003930515601069,0.0,0.0,0.0,0.0,0.18531410067077797,0.000869773027784151,1.407342949664611,0.000434886513892062
mnist,Marginal,0.0,0.3,support,5,419.2,11.407892005098926,0.0,0.0,419.2,11.407892005098926,0.13905175796244293,0.00349340071590293,0.04172000000000002,0.00035270384177097226,0.04172,0.00035270384177096787,,,,,,,,,11.104211413813754,0.6415990739747213,1.0,0.0,,,416.2,11.407892005098926,0.0,0.0,0.0,0.0,0.6426575064659119,0.0026407577876525756,0.6426575064659119,0.0026407577876525756,0.9907161951065063,0.0017682288913267747,0.0205101032807159,0.00023482821652747932,0.9910891560931698,0.001879301831568135,0.9948694292067826,0.001243060459176307,0.9888188696129795,0.0028543773252487814,0.0,0.0,0.0,0.0,0.19456506001281254,0.0005566496461512886,1.4027174699935938,0.00027832482307562587
mnist,Marginal,0.0,0.4,support,5,336.8,8.132650244538985,0.0,0.0,336.8,8.132650244538985,0.13244644937803968,0.0029297888259758775,0.04181999999999999,0.0007241546796092765,0.04182,0.0007241546796092665,,,,,,,,,7.481102332775481,0.33892827333993775,1.0,0.0,,,333.8,8.132650244538985,0.0,0.0,0.0,0.0,0.665900719165802,0.003743462007619195,0.665900719165802,0.003743462007619195,0.9894486784934997,0.00207520963807494,0.02588941122631429,0.0007153159200328536,0.9839051018938614,0.0034408321359260755,0.9934450183579129,0.0005726904318769132,0.9809394430192497,0.003423393108894317,0.0,0.0,0.0,0.0,0.20145525155732846,0.0018475302171978391,1.3992723742213358,0.0009237651085988904
mnist,Marginal,0.0,0.5,support,5,265.2,6.807348970047003,0.0,0.0,265.2,6.807348970047003,0.12757203907240183,0.0029723365219411295,0.041199999999999994,0.0007286974680894599,0.0412,0.0007286974680894668,,,,,,,,,5.411098716990091,0.2219380667256371,1.0,0.0,,,262.2,6.807348970047003,0.0,0.0,0.0,0.0,0.6972486019134522,0.004757779233370998,0.6972486019134522,0.004757779233370998,0.9870849967002868,0.0023033831316078357,0.032782562692431884,0.0008291466076992318,0.9810933058027167,0.003246658242559198,0.9900496421922952,0.0020083290958640525,0.9772869619237256,0.003844972275587286,0.0,0.0,0.0,0.0,0.2088324137070785,0.001612531078824399,1.3955837931464607,0.0008062655394121674
mnist,Marginal,0.0,0.6,support,5,213.2,3.903844259188627,0.0,0.0,213.2,3.903844259188627,0.13061732259811834,0.002145906389874961,0.0413,0.000612372435695796,0.041299999999999996,0.0006123724356957941,,,,,,,,,4.104168867808767,0.1154360807717121,1.0,0.0,,,210.2,3.903844259188627,0.0,0.0,0.0,0.0,0.7179407238960266,0.00392629000462277,0.7179407238960266,0.00392629000462277,0.9870657682418823,0.002849551015204242,0.03929070482004182,0.0013769595757599962,0.9713400394359694,0.005378692834889824,0.9800657652474168,0.002073604210191888,0.9609208003751224,0.006186565526695413,0.0,0.0,0.0,0.0,0.21405902101464652,0.00246006552415202,1.3929704894926769,0.001230032762075992
mnist,Marginal,0.0,0.7,support,5,172.6,6.69776081985614,0.0,0.0,172.6,6.69776081985614,0.14363567560212687,0.004938818919377399,0.04274000000000002,0.000602992537267253,0.04274,0.0006029925372672534,,,,,,,,,3.331392283993773,0.17127792686414933,1.0,0.0,,,169.6,6.69776081985614,0.0,0.0,0.0,0.0,0.7438171863555908,0.0037385266735489647,0.7438171863555908,0.0037385266735489647,0.9849535346031189,0.0033379511471875374,0.046989266856799994,0.0012294334477391076,0.9448645505926134,0.003533429850443911,0.9663692536564941,0.002782859760958348,0.9277673636372283,0.0038600990005582883,0.0,0.0,0.0,0.0,0.21936708620404968,0.0008568015157221973,1.3903164568979751,0.00042840075786109225
mnist,Marginal,0.0,0.8,support,5,138.0,3.911521443121589,0.0,0.0,138.0,3.911521443121589,0.1756577223772183,0.004347287506428623,0.044579999999999974,0.0007761443164772962,0.04458,0.000776144316477291,,,,,,,,,2.6203104805899784,0.0962039652872729,1.0,0.0,,,135.0,3.911521443121589,0.0,0.0,0.0,0.0,0.7499811530113221,0.002657908242887957,0.7499811530113221,0.002657908242887957,0.9839588761329651,0.0034763568082129964,0.056359469486709876,0.0011352137673881395,0.8773042021781366,0.016679775455913804,0.9415035122016244,0.006781848019561931,0.856528334108105,0.015728970985882506,0.0,0.0,0.0,0.0,0.22955482176597303,0.000652545702810752,1.3852225891170136,0.0003262728514053725
mnist,MaxLoss,0.0,0.0,support,5,481.8,14.252719038836062,0.0,0.0,481.8,14.252719038836062,0.11107462908839807,0.003051560808047485,0.04530000000000001,0.0005683308895353079,0.0453,0.0005683308895353136,,,,,,,,,15.128954518982209,1.5058451258978296,1.0,0.0,,,478.8,14.252719038836062,0.0,0.0,0.0,0.0,0.5751577019691467,0.0003216981460429125,0.5751577019691467,0.0003216981460429125,0.9906491994857788,0.0006525062895165766,0.013102558374013659,0.0004572649693401127,0.9970677254703494,0.0005344912891305523,0.9979127908760965,6.1971607896949e-05,0.9970677254703494,0.0005344912891305523,0.0,0.0,0.0,0.0,0.16966009824441508,0.0012429495337281861,1.4151699508777924,0.000621474766864104
mnist,MaxLoss,0.0,0.1,support,5,361.2,8.2365041127896,0.0,0.0,361.2,8.2365041127896,0.09449169166618958,0.001982037046210835,0.04594,0.0005134199061197359,0.04594,0.0005134199061197365,,,,,,,,,7.742668918590061,0.3676788604583543,1.0,0.0,,,358.2,8.2365041127896,0.0,0.0,0.0,0.0,0.6244657754898071,0.0027235092159199124,0.6244657754898071,0.0027235092159199124,0.9873994708061218,0.002120286080572335,0.022255156407166382,0.0005524935563562263,0.9966684913214421,0.0005444241014501931,0.9961004839316351,0.0006921682124425831,0.9955510333821845,0.0006814960624677395,0.0,0.0,0.0,0.0,0.19190222204676352,0.0011994192170111764,1.404048888976618,0.0005997096085056004
mnist,MaxLoss,0.0,0.2,support,5,263.6,10.44796630928718,0.0,0.0,263.6,10.44796630928718,0.07962325828848407,0.002866494908176109,0.044420000000000015,0.0013009227494359477,0.04442,0.0013009227494359525,,,,,,,,,4.241410081181675,0.3053563933719387,1.0,0.0,,,260.6,10.44796630928718,0.0,0.0,0.0,0.0,0.6885388135910034,0.003058196293647169,0.6885388135910034,0.003058196293647169,0.9885753154754638,0.002904536702415199,0.03196780336803853,0.001430501932331956,0.9931565062899448,0.000735246593466149,0.9869825287347325,0.002265944511448953,0.9846532118019338,0.0026245609272660202,0.0,0.0,0.0,0.0,0.20392300079834236,0.0019218365719787793,1.398038499600829,0.0009609182859893705
mnist,MaxLoss,0.0,0.3,support,5,213.8,6.061352984276695,0.0,0.0,213.8,6.061352984276695,0.07522795684635639,0.0019226368415486768,0.04496,0.0003944616584663195,0.04495999999999999,0.0003944616584663201,,,,,,,,,3.083088467339985,0.13101090679484878,1.0,0.0,,,210.8,6.061352984276695,0.0,0.0,0.0,0.0,0.7342108011245727,0.0026001751827659206,0.7342108011245727,0.0026001751827659206,0.9846212506294251,0.0032416351835262186,0.03879009788796323,0.0010066253123608656,0.9858227393271763,0.0015399897093211505,0.983249346277957,0.00425894203702346,0.9756053883387115,0.004440023743985871,0.0,0.0,0.0,0.0,0.20805583045425252,0.0010955317439875873,1.3959720847728738,0.0005477658719937958
mnist,MaxLoss,0.0,0.4,support,5,180.2,5.342284155677232,0.0,0.0,180.2,5.342284155677232,0.07520417260238901,0.0019907033922137245,0.043340000000000024,0.0008304215796810649,0.043340000000000004,0.0008304215796810672,,,,,,,,,2.554771055583842,0.10936269249624583,1.0,0.0,,,177.2,5.342284155677232,0.0,0.0,0.0,0.0,0.7700714349746705,0.004872466652824557,0.7700714349746705,0.004872466652824557,0.9847075939178467,0.003253167161517227,0.046822772262533154,0.0010417562440375875,0.9681396284138539,0.006932532314763225,0.9720440389519298,0.002512932954766894,0.9537368772965898,0.006377004742047656,0.0,0.0,0.0,0.0,0.21122952716877008,0.0016506078840382687,1.394385236415615,0.0008253039420191374
mnist,MaxLoss,0.0,0.5,support,5,147.4,3.4871191548325386,0.0,0.0,147.4,3.4871191548325386,0.07538838514592498,0.0015737885134658397,0.044340000000000004,0.0010490948479522767,0.04434,0.001049094847952271,,,,,,,,,2.2204496124060826,0.07349400749443152,1.0,0.0,,,144.4,3.4871191548325386,0.0,0.0,0.0,0.0,0.798892593383789,0.002060275233788646,0.798892593383789,0.002060275233788646,0.9875645160675048,0.0019474260436861143,0.05673867092105023,0.0011482747302996208,0.91408599628064,0.0137059852753222,0.9454926301144431,0.006250480537891931,0.8843219666679906,0.01094412557271474,0.0,0.0,0.0,0.0,0.21374503060790215,0.0017694815248043808,1.3931274846960489,0.0008847407624022224
mnist,MaxLoss,0.0,0.6,support,5,126.0,2.7748873851023217,0.0,0.0,126.0,2.7748873851023217,0.08193214216735215,0.0015769471188603241,0.04514,0.0006257795138864759,0.04514,0.0006257795138864804,,,,,,,,,1.9527256758185103,0.04999424189204086,1.0,0.0,,,123.0,2.7748873851023217,0.0,0.0,0.0,0.0,0.8171775102615356,0.002964653504094406,0.8171775102615356,0.002964653504094406,0.984766936302185,0.002021387955054325,0.06365124569772682,0.0013474610785134307,0.8408953512386322,0.012112694951630839,0.9134278722893523,0.010242500891316062,0.8150633452824241,0.01685774399062673,0.0,0.0,0.0,0.0,0.21456908098585553,0.002257050538109216,1.392715459507072,0.001128525269054615
mnist,MaxLoss,0.0,0.7,support,5,101.6,2.7676705006196096,0.0,0.0,101.6,2.7676705006196096,0.09033170030452312,0.0021221349714618306,0.04887999999999999,0.0007618398781896343,0.04888,0.0007618398781896362,,,,,,,,,1.6617471794132144,0.051943911803637326,1.0,0.0,,,98.6,2.7676705006196096,0.0,0.0,0.0,0.0,0.8186801075935364,0.00556871484229685,0.8186801075935364,0.00556871484229685,0.9792689442634582,0.004783929098915012,0.07281508913478621,0.0014027078992223997,0.7564335216157111,0.016273164203113706,0.8624456377853958,0.008567196938696085,0.7343242747004549,0.01334027267062641,0.0,0.0,0.0,0.0,0.2223241821531329,0.002628949907469512,1.3888379089234335,0.0013144749537347743
mnist,MaxLoss,0.0,0.8,support,5,84.2,1.854723699099141,0.0,0.0,84.2,1.854723699099141,0.11473319615470245,0.0021466776917334653,0.05442,0.0007983733462484867,0.05442,0.0007983733462484823,,,,,,,,,1.4191100668162107,0.03565336581470941,1.0,0.0,,,81.2,1.854723699099141,0.0,0.0,0.0,0.0,0.8159710168838501,0.004935065786826884,0.8159710168838501,0.004935065786826884,0.9739438414573669,0.002023283667791515,0.08110868196489643,0.0018789548371681702,0.7592535515284276,0.009374311719365537,0.8264080871609731,0.013148033630550171,0.7179750912103721,0.014586686954650815,0.0,0.0,0.0,0.0,0.23211954454455,0.003666942574223748,1.3839402277277248,0.001833471287111871
mnist,PU-R,0.0,0.0,support,5,667.8,13.738267721950972,0.0,0.0,667.8,13.738267721950972,0.15061880999710411,0.00290491203931338,0.04179999999999997,0.0008526429498916828,0.0418,0.0008526429498916878,,,,,,,,,59.749465351202524,2.794212637632954,1.0,0.0,,,664.8,13.738267721950972,0.0,0.0,0.0,0.0,0.563824987411499,0.002466445630007881,0.563824987411499,0.002466445630007881,0.9946425914764404,0.0005958192119769168,0.00921130765996537,0.00013434449058682884,0.9982000197267104,0.0002958006063589078,0.9984976387743293,3.23081419212281e-05,0.9982000197267104,0.0002958006063589078,0.0,0.0,0.0,0.0,0.16609889828704094,0.0006322644588291078,1.4169505508564795,0.0003161322294145544
mnist,PU-R,0.0,0.1,support,5,419.8,9.150956234186674,0.0,0.0,419.8,9.150956234186674,0.10854345357511193,0.0021873892986399267,0.04346000000000001,0.0007242927584892814,0.043460000000000006,0.0007242927584892722,,,,,,,,,19.006507458421403,1.0272906344346349,1.0,0.0,,,416.8,9.150956234186674,0.0,0.0,0.0,0.0,0.6152418971061706,0.0024454401140701354,0.6152418971061706,0.0024454401140701354,0.9852896809577942,0.0007583793370611466,0.01967247829956014,0.0006098923875268378,0.9966526272836331,0.0005891904466794033,0.9946888035832557,0.0014609735257362193,0.993733802332659,0.0016553270883198886,0.0,0.0,0.0,0.0,0.18608850014226602,0.0014223657919316605,1.4069557499288667,0.0007111828959658145
mnist,PU-R,0.0,0.2,support,5,269.8,6.208059278067502,0.0,0.0,269.8,6.208059278067502,0.08133211358217522,0.0017030494734705409,0.04558000000000002,0.0006224146527838232,0.045579999999999996,0.0006224146527838168,,,,,,,,,7.15564894056879,0.30713548043409516,1.0,0.0,,,266.8,6.208059278067502,0.0,0.0,0.0,0.0,0.6795470714569092,0.0035335193931601734,0.6795470714569092,0.0035335193931601734,0.9794029831886292,0.002328441833381588,0.032227808641307754,0.0002330927018532097,0.9889794551718329,0.002132636929161874,0.983720755644607,0.0011989146506825982,0.9800963668489114,0.002343245902081672,0.0,0.0,0.0,0.0,0.20566875084596864,0.00048522028718245893,1.3971656245770157,0.00024261014359125356
mnist,PU-R,0.0,0.3,support,5,225.4,12.044085685513865,0.0,0.0,225.4,12.044085685513865,0.07888190159574152,0.0038064938236829875,0.043220000000000015,0.0012354756169184484,0.043219999999999995,0.0012354756169184401,,,,,,,,,5.2247891963692386,0.4858655590665503,1.0,0.0,,,222.4,12.044085685513865,0.0,0.0,0.0,0.0,0.7293070197105408,0.006992543980151653,0.7293070197105408,0.006992543980151653,0.9799789667129517,0.002802792660844096,0.0386331622309056,0.0011825622339627533,0.9893335705671971,0.0008186141966260166,0.9721738749395312,0.005272016556640581,0.9685864764747241,0.004545508366106201,0.0,0.0,0.0,0.0,0.20813481099317105,0.0010766912418000217,1.3959325945034144,0.0005383456208999983
mnist,PU-R,0.0,0.4,support,5,176.0,7.409453421137082,0.0,0.0,176.0,7.409453421137082,0.07363034122390673,0.0027706054461579368,0.04356,0.0005988321968632014,0.04356,0.0005988321968631946,,,,,,,,,3.54918844983913,0.2342880920489609,1.0,0.0,,,173.0,7.409453421137082,0.0,0.0,0.0,0.0,0.7692862033843995,0.005030070754755174,0.7692862033843995,0.005030070754755174,0.980358362197876,0.002303213761279086,0.04859986792152625,0.001990780862956467,0.9708175092184422,0.006602931547037789,0.960087835123144,0.006562445029011335,0.9450257360259524,0.009196027608602166,0.0,0.0,0.0,0.0,0.21233790206330333,0.0019180274407222518,1.3938310489683483,0.0009590137203611072
mnist,PU-R,0.0,0.5,support,5,154.0,2.3874672772626644,0.0,0.0,154.0,2.3874672772626644,0.07836889588506893,0.0010751907001830456,0.04509999999999999,0.0008179242018671408,0.0451,0.0008179242018671408,,,,,,,,,3.1620084838243203,0.07627693125940092,1.0,0.0,,,151.0,2.3874672772626644,0.0,0.0,0.0,0.0,0.7964444279670715,0.002457545398471087,0.7964444279670715,0.002457545398471087,0.9796562552452087,0.003803878559119671,0.05607092282151834,0.0016268904976619648,0.9143672927058178,0.016437103688703908,0.9359760666944862,0.009760786775595455,0.8858927809405299,0.014325886684230604,0.0,0.0,0.0,0.0,0.21285448868231258,0.0024333667928117552,1.3935727556588435,0.001216683396405892
mnist,PU-R,0.0,0.6,support,5,125.6,2.315167380558045,0.0,0.0,125.6,2.315167380558045,0.08170595506671816,0.0013160775955261732,0.045219999999999996,0.0009666436778875719,0.04522,0.0009666436778875655,,,,,,,,,2.489982529426925,0.06766075688501925,1.0,0.0,,,122.6,2.315167380558045,0.0,0.0,0.0,0.0,0.8197190284729003,0.00235662541393769,0.8197190284729003,0.00235662541393769,0.9787959814071655,0.003477986138862395,0.06629513069942197,0.0020598221317546517,0.7992833175835764,0.027797365540804767,0.8823545886574358,0.007253539287103177,0.767252694577975,0.02570072032942659,0.0,0.0,0.0,0.0,0.2141088024059033,0.0030303677073965766,1.3929455987970483,0.001515183853698317
mnist,PU-R,0.0,0.7,support,5,105.0,3.911521443121589,0.0,0.0,105.0,3.911521443121589,0.09292802840936928,0.002991851743444265,0.04938,0.0007439085965358872,0.04937999999999999,0.0007439085965358916,,,,,,,,,2.114990003174171,0.09952440554553023,1.0,0.0,,,102.0,3.911521443121589,0.0,0.0,0.0,0.0,0.818920636177063,0.001861112524311456,0.818920636177063,0.001861112524311456,0.9670034170150756,0.0037194932254200988,0.07626355027654741,0.0019316783727465986,0.7333110993567057,0.01553106539136801,0.8367758904466358,0.01294905016715554,0.70406953076586,0.018147863438624953,0.0,0.0,0.0,0.0,0.22467043869936693,0.0020312406728804637,1.3876647806503164,0.00101562033644024
mnist,PU-R,0.0,0.8,support,5,84.0,2.9495762407505253,0.0,0.0,84.0,2.9495762407505253,0.11448930809274316,0.0034136851491456325,0.05603999999999998,0.0016488177582740832,0.05604,0.0016488177582740919,,,,,,,,,1.658942359429784,0.07117325593154004,1.0,0.0,,,81.0,2.9495762407505253,0.0,0.0,0.0,0.0,0.8157525539398194,0.0037043874439563777,0.8157525539398194,0.0037043874439563777,0.9682178378105164,0.003376480814653629,0.0869842710815734,0.00227040026375503,0.6759831102967035,0.020451445893946808,0.7771232531882207,0.02157910382603886,0.6383655487071279,0.02706482277260244,0.0,0.0,0.0,0.0,0.23623383190357897,0.0033027178427694117,1.3818830840482106,0.0016513589213846928
