method,dataset,seed,noise_rate,pretrain_fraction,n_cert,n_pretrain,compression_size,remaining_bad,effective_compression_size,certified_bound,test_error,test_inappropriate_risk,pac_bayes_bound,pac_bayes_empirical_risk,pac_bayes_mc_upper,pac_bayes_kl,runtime_sec,stop_reached,train_calls,noise_hit_rate,duplicate_hit_rate,pairwise_feature_cosine,mean_support_redundancy,max_support_redundancy,mean_selected_residual_novelty,local_redundancy_hit_rate,residual_redundancy_hit_rate,strong_redundancy_hit_rate,mode_entropy,minority_mode_fraction,spectral_entropy,dynamic_mu
MaxLoss,mnist,0,0.3,0.0,5000,0,800,1630,2430,0.5119129194645211,0.38139999999999996,0.3814,,,,,48.41346807125956,0,797,0.43,0.0,0.5707517266273499,0.5707517266273499,0.9909223318099976,0.00731398033220624,0.9987484355444305,0.9987484355444305,0.9987484355444305,0.0,0.0,0.160352040013983,1.4198239799930086
Marginal,mnist,0,0.3,0.0,5000,0,800,1670,2470,0.5199362169369124,0.2552,0.2552,,,,,50.07146655768156,0,797,0.28375,0.0,0.5694370865821838,0.5694370865821838,0.9974602460861206,0.006036546044733529,0.9987484355444305,0.9987484355444305,0.9987484355444305,0.0,0.0,0.16099997108682665,1.4195000144565868
PU-R,mnist,0,0.3,0.0,5000,0,800,1692,2492,0.5243461698410101,0.2992,0.2992,,,,,105.7202125871554,0,797,0.33,0.0,0.5611400008201599,0.5611400008201599,0.9961235523223877,0.00783088930575958,0.9974968710888611,0.9987484355444305,0.9974968710888611,0.0,0.0,0.1659601837386261,1.417019908130687
GREATS,mnist,0,0.3,0.0,5000,0,800,1622,2422,,0.4021,0.4021,,,,,62.34864903148264,0,797,0.42625,0.0,0.5871487855911255,0.5871487855911255,0.9882805347442627,0.008146666465921605,0.9987484355444305,0.9987484355444305,0.9987484355444305,0.0,0.0,0.16252564982613452,1.4187371750869326
MaxLoss,mnist,0,0.3,0.1,4500,500,800,1449,2249,0.5270263839629479,0.4376,0.4376,,,,,47.212302420288324,0,797,0.44625,0.0,0.570591390132904,0.570591390132904,0.9900913238525391,0.007864240843112649,0.9974968710888611,0.9987484355444305,0.9974968710888611,0.0,0.0,0.16385170916461966,1.4180741454176902
Marginal,mnist,0,0.3,0.1,4500,500,800,1487,2287,0.535482986306306,0.25239999999999996,0.2524,,,,,49.63513840176165,0,797,0.31,0.0,0.5619447231292725,0.5619447231292725,0.9977421760559082,0.006163255825186696,0.9987484355444305,0.9987484355444305,0.9987484355444305,0.0,0.0,0.15989890057863723,1.4200505497106815
PU-R,mnist,0,0.3,0.1,4500,500,800,1406,2206,0.5174475908861496,0.24050000000000005,0.2405,,,,,101.7239063968882,0,797,0.3325,0.0,0.5644671320915222,0.5644671320915222,0.994612455368042,0.00807393940156314,0.9987484355444305,0.9974968710888611,0.9974968710888611,0.0,0.0,0.16596332608222497,1.4170183369588876
GREATS,mnist,0,0.3,0.1,4500,500,800,1416,2216,,0.4094,0.4094,,,,,59.73462328966707,0,797,0.44125,0.0,0.5733523964881897,0.5733523964881897,0.9906071424484253,0.008046676797584838,0.9987484355444305,0.9974968710888611,0.9974968710888611,0.0,0.0,0.16227957632103454,1.4188602118394829
MaxLoss,mnist,0,0.3,0.2,4000,1000,800,1211,2011,0.5315330852172337,0.4063,0.4063,,,,,46.2989095877856,0,797,0.44125,0.0,0.5783440470695496,0.5783440470695496,0.9896541833877563,0.00765862844613974,0.9962453066332916,0.9987484355444305,0.9962453066332916,0.0,0.0,0.1636663438372375,1.4181668280813813
Marginal,mnist,0,0.3,0.2,4000,1000,800,1320,2120,0.5587825120892376,0.32520000000000004,0.3252,,,,,48.94287551473826,0,797,0.32875,0.0,0.5672086477279663,0.5672086477279663,0.9974712133407593,0.0061062779732151086,0.9987484355444305,0.9987484355444305,0.9987484355444305,0.0,0.0,0.15923401379237073,1.4203829931038148
PU-R,mnist,0,0.3,0.2,4000,1000,800,1210,2010,0.5312826889567077,0.2419,0.2419,,,,,101.04409917257726,0,797,0.33375,0.0,0.561016857624054,0.561016857624054,0.9973325729370117,0.007775540925208036,0.9987484355444305,0.9987484355444305,0.9987484355444305,0.0,0.0,0.16508880841409473,1.4174555957929527
GREATS,mnist,0,0.3,0.2,4000,1000,800,1189,1989,,0.4092,0.4092,,,,,58.48443778138608,0,797,0.435,0.0,0.5777429938316345,0.5777429938316345,0.9945257902145386,0.007431315521573245,0.9987484355444305,0.9987484355444305,0.9987484355444305,0.0,0.0,0.15969286597567253,1.4201535670121637
MaxLoss,mnist,0,0.3,0.3,3500,1500,800,985,1785,0.5406275762361474,0.3862,0.3862,,,,,46.75660213176161,0,797,0.43875,0.0,0.572199821472168,0.572199821472168,0.9894799590110779,0.007707448232131025,0.9987484355444305,0.9987484355444305,0.9987484355444305,0.0,0.0,0.1624077680761507,1.4187961159619247
Marginal,mnist,0,0.3,0.3,3500,1500,800,996,1796,0.5437718501780182,0.22160000000000002,0.2216,,,,,48.42487205378711,0,797,0.31375,0.0,0.5641273260116577,0.5641273260116577,0.9989392161369324,0.006593867653843309,0.9974968710888611,0.9987484355444305,0.9974968710888611,0.0,0.0,0.15970500775522614,1.420147496122387
PU-R,mnist,0,0.3,0.3,3500,1500,800,1109,1909,0.576000732020475,0.3183,0.3183,,,,,99.81585829984397,0,797,0.3375,0.0,0.5603527426719666,0.5603527426719666,0.9951660633087158,0.007898124834716096,0.9987484355444305,0.9987484355444305,0.9987484355444305,0.0,0.0,0.16487214003169923,1.4175639299841505
GREATS,mnist,0,0.3,0.3,3500,1500,800,976,1776,,0.4072,0.4072,,,,,56.58827246632427,0,797,0.4425,0.0,0.5776204466819763,0.5776204466819763,0.9893624782562256,0.008150223069107428,0.9987484355444305,0.9987484355444305,0.9987484355444305,0.0,0.0,0.16342478202398691,1.4182876089880065
MaxLoss,mnist,0,0.3,0.4,3000,2000,800,754,1554,0.5508913163212128,0.4171,0.4171,,,,,46.350305701605976,0,797,0.4275,0.0,0.5717268586158752,0.5717268586158752,0.9918981790542603,0.007846643484998332,0.9987484355444305,0.9987484355444305,0.9987484355444305,0.0,0.0,0.16318569893065055,1.4184071505346747
Marginal,mnist,0,0.3,0.4,3000,2000,800,871,1671,0.5897676746244542,0.2603,0.2603,,,,,47.666744130663574,0,797,0.27875,0.0,0.5627397298812866,0.5627397298812866,0.9981511831283569,0.006099031923411039,0.9974968710888611,0.9974968710888611,0.9962453066332916,0.0,0.0,0.15974444756251674,1.4201277762187416
PU-R,mnist,0,0.3,0.4,3000,2000,800,813,1613,0.5705213279579766,0.27080000000000004,0.2708,,,,,96.19588049687445,0,797,0.33625,0.0,0.5582435131072998,0.5582435131072998,0.9964212775230408,0.007015037820097502,0.9974968710888611,0.9974968710888611,0.9962453066332916,0.0,0.0,0.16111893655633489,1.4194405317218326
GREATS,mnist,0,0.3,0.4,3000,2000,800,726,1526,,0.42469999999999997,0.4247,,,,,54.37439071945846,0,797,0.4425,0.0,0.5772032141685486,0.5772032141685486,0.991010844707489,0.007629378935385109,0.9987484355444305,0.9987484355444305,0.9987484355444305,0.0,0.0,0.15985940992030992,1.420070295039845
MaxLoss,mnist,0,0.3,0.5,2500,2500,800,456,1256,0.5381760452874005,0.3497,0.3497,,,,,45.62813802622259,0,797,0.4175,0.0,0.5635795593261719,0.5635795593261719,0.9904477596282959,0.007467946231141407,0.9974968710888611,0.9987484355444305,0.9974968710888611,0.0,0.0,0.16057552605473518,1.4197122369726323
Marginal,mnist,0,0.3,0.5,2500,2500,800,583,1383,0.5888606777298264,0.2368,0.2368,,,,,46.75714575685561,0,797,0.29375,0.0,0.56638103723526,0.56638103723526,0.9988500475883484,0.0062057476029445755,0.9974968710888611,0.9987484355444305,0.9974968710888611,0.0,0.0,0.15813102805043958,1.4209344859747803
PU-R,mnist,0,0.3,0.5,2500,2500,800,546,1346,0.5741333662299439,0.23160000000000003,0.2316,,,,,93.58580519724637,0,797,0.34625,0.0,0.5615635514259338,0.5615635514259338,0.9963517785072327,0.006693755734148895,0.9987484355444305,0.9987484355444305,0.9987484355444305,0.0,0.0,0.16045345827821303,1.4197732708608934
GREATS,mnist,0,0.3,0.5,2500,2500,800,447,1247,,0.3911,0.3911,,,,,52.38790617696941,0,797,0.425,0.0,0.5790228843688965,0.5790228843688965,0.990222692489624,0.007678745731767337,0.9987484355444305,0.9974968710888611,0.9974968710888611,0.0,0.0,0.16140442360625043,1.4192977881968747
MaxLoss,mnist,0,0.3,0.6,2000,3000,800,216,1016,0.547663958510384,0.37660000000000005,0.3766,,,,,45.527402022853494,0,797,0.43625,0.0,0.5651097893714905,0.5651097893714905,0.9950963258743286,0.006902143643957415,0.9987484355444305,0.9987484355444305,0.9987484355444305,0.0,0.0,0.1568244437866911,1.4215877781066544
Marginal,mnist,0,0.3,0.6,2000,3000,800,421,1221,0.6493339500739239,0.26570000000000005,0.2657,,,,,46.272696355357766,0,797,0.33125,0.0,0.5715129971504211,0.5715129971504211,0.997632622718811,0.006679967220625531,0.9987484355444305,0.9987484355444305,0.9987484355444305,0.0,0.0,0.15952138623201328,1.4202393068839934
PU-R,mnist,0,0.3,0.6,2000,3000,800,351,1151,0.6148148979991674,0.25960000000000005,0.2596,,,,,91.32493324019015,0,797,0.34125,0.0,0.5622025728225708,0.5622025728225708,0.9932554960250854,0.007099070556832475,0.9987484355444305,0.9987484355444305,0.9987484355444305,0.0,0.0,0.16055339682706166,1.4197233015864692
GREATS,mnist,0,0.3,0.6,2000,3000,800,219,1019,,0.36519999999999997,0.3652,,,,,50.793037006631494,0,797,0.41,0.0,0.5810309648513794,0.5810309648513794,0.9943124055862427,0.007541869797024675,0.9987484355444305,0.9987484355444305,0.9987484355444305,0.0,0.0,0.15953418994602805,1.420232905026986
MaxLoss,mnist,0,0.3,0.7,1500,3500,800,48,848,0.610299953725189,0.32430000000000003,0.3243,,,,,45.2760555120185,0,797,0.4175,0.0,0.5606117248535156,0.5606117248535156,0.9955312013626099,0.006237595860213415,0.9987484355444305,0.9987484355444305,0.9987484355444305,0.0,0.0,0.15425540077893818,1.422872299610531
Marginal,mnist,0,0.3,0.7,1500,3500,800,178,978,0.6952734926017001,0.2519,0.2519,,,,,45.94275705795735,0,797,0.33375,0.0,0.5736045241355896,0.5736045241355896,0.9974989891052246,0.0070700988182809685,0.9987484355444305,0.9987484355444305,0.9987484355444305,0.0,0.0,0.16013596340285233,1.419932018298574
PU-R,mnist,0,0.3,0.7,1500,3500,800,175,975,0.6933300564996898,0.26980000000000004,0.2698,,,,,90.47890989575535,0,797,0.3475,0.0,0.5708875060081482,0.5708875060081482,0.9977537393569946,0.0076935271812936246,0.9974968710888611,0.9987484355444305,0.9974968710888611,0.0,0.0,0.1610748765044324,1.4194625617477838
GREATS,mnist,0,0.3,0.7,1500,3500,800,33,833,,0.29890000000000005,0.2989,,,,,49.18525223992765,0,797,0.405,0.0,0.5730999112129211,0.5730999112129211,0.9927115440368652,0.006998853298727055,0.9987484355444305,0.9987484355444305,0.9987484355444305,0.0,0.0,0.1584211427298664,1.4207894286350669
MaxLoss,mnist,0,0.3,0.8,1000,4000,602,0,602,0.6554137567291036,0.351,0.351,,,,,22.902875971980393,1,599,0.4318936877076412,0.0,0.5681785345077515,0.5681785345077515,0.991702675819397,0.00938737346401776,0.9983361064891847,0.9983361064891847,0.9983361064891847,0.0,0.0,0.15863491179803746,1.4206825441009814
Marginal,mnist,0,0.3,0.8,1000,4000,800,8,808,0.8506157381925732,0.3486,0.3486,,,,,45.41798405069858,0,797,0.38625,0.0,0.576435923576355,0.576435923576355,0.9963625073432922,0.00844572440666311,0.9974968710888611,0.9987484355444305,0.9974968710888611,0.0,0.0,0.16633539528149646,1.4168323023592517
PU-R,mnist,0,0.3,0.8,1000,4000,776,0,776,0.8212419140036218,0.35660000000000003,0.3566,,,,,81.62613983266056,1,773,0.4059278350515464,0.0,0.5688107013702393,0.5688107013702393,0.9942272305488586,0.008241661844714995,0.9961290322580645,0.9974193548387097,0.9961290322580645,0.0,0.0,0.1645576272261135,1.4177211863869432
GREATS,mnist,0,0.3,0.8,1000,4000,647,0,647,,0.3547,0.3547,,,,,29.68906499724835,1,644,0.42040185471406494,0.0,0.5676454901695251,0.5676454901695251,0.994627833366394,0.008772416318544755,0.9984520123839009,0.9984520123839009,0.9984520123839009,0.0,0.0,0.1580707939862938,1.420964603006853
MaxLoss,mnist,1,0.3,0.0,5000,0,800,1606,2406,0.507095719978679,0.4034,0.4034,,,,,47.36028635688126,0,797,0.4325,0.0,0.5648929476737976,0.5648929476737976,0.9910508990287781,0.007873280933161775,0.9987484355444305,0.9987484355444305,0.9987484355444305,0.0,0.0,0.16197458520852093,1.4190127073957395
Marginal,mnist,1,0.3,0.0,5000,0,800,1576,2376,0.5010708224726841,0.20509999999999995,0.2051,,,,,49.70955025870353,0,797,0.305,0.0,0.5627327561378479,0.5627327561378479,0.9985694885253906,0.005528144112736271,0.9987484355444305,0.9987484355444305,0.9987484355444305,0.0,0.0,0.1567934587850532,1.4216032706074735
PU-R,mnist,1,0.3,0.0,5000,0,800,1537,2337,0.4932328066206537,0.2528,0.2528,,,,,103.7775510540232,0,797,0.34125,0.0,0.5629015564918518,0.5629015564918518,0.9969756007194519,0.007785059625964183,0.9974968710888611,0.9974968710888611,0.9974968710888611,0.0,0.0,0.1652191685833624,1.4173904157083188
GREATS,mnist,1,0.3,0.0,5000,0,800,1700,2500,,0.4406,0.4406,,,,,62.000049551948905,0,797,0.4525,0.0,0.5835845470428467,0.5835845470428467,0.9916461110115051,0.007889908231393863,0.9987484355444305,0.9987484355444305,0.9987484355444305,0.0,0.0,0.16139062366015636,1.4193046881699218
MaxLoss,mnist,1,0.3,0.1,4500,500,800,1421,2221,0.5207901727990247,0.43179999999999996,0.4318,,,,,47.05595245119184,0,797,0.44625,0.0,0.5654053688049316,0.5654053688049316,0.989762544631958,0.007401910075481901,0.9974968710888611,0.9987484355444305,0.9974968710888611,0.0,0.0,0.16049218644562463,1.4197539067771876
Marginal,mnist,1,0.3,0.1,4500,500,800,1377,2177,0.510981795785483,0.21450000000000002,0.2145,,,,,49.257797920145094,0,797,0.30125,0.0,0.5631808042526245,0.5631808042526245,0.998646080493927,0.006007563586210429,0.9987484355444305,0.9987484355444305,0.9987484355444305,0.0,0.0,0.1585660632627473,1.4207169683686263
PU-R,mnist,1,0.3,0.1,4500,500,800,1368,2168,0.5089742396376096,0.26339999999999997,0.2634,,,,,102.36148275062442,0,797,0.31375,0.0,0.5582256317138672,0.5582256317138672,0.9976516962051392,0.007130276317357346,0.9987484355444305,0.9987484355444305,0.9987484355444305,0.0,0.0,0.16149152277129086,1.4192542386143545
GREATS,mnist,1,0.3,0.1,4500,500,800,1464,2264,,0.4414,0.4414,,,,,60.109982177615166,0,797,0.45125,0.0,0.5770367980003357,0.5770367980003357,0.9932689070701599,0.007878507162270617,0.9987484355444305,0.9987484355444305,0.9987484355444305,0.0,0.0,0.16318210693296245,1.4184089465335188
MaxLoss,mnist,1,0.3,0.2,4000,1000,800,1190,1990,0.5262732356786728,0.4193,0.4193,,,,,46.80994810536504,0,797,0.44625,0.0,0.5672986507415771,0.5672986507415771,0.9915064573287964,0.007205505036831704,0.9987484355444305,0.9987484355444305,0.9987484355444305,0.0,0.0,0.15885207094667164,1.4205739645266642
Marginal,mnist,1,0.3,0.2,4000,1000,800,1256,2056,0.5427933719474822,0.25870000000000004,0.2587,,,,,48.70273980498314,0,797,0.2925,0.0,0.5599313378334045,0.5599313378334045,0.9989639520645142,0.005829797460300119,0.9974968710888611,0.9987484355444305,0.9974968710888611,0.0,0.0,0.15514547459005032,1.4224272627049748
PU-R,mnist,1,0.3,0.2,4000,1000,800,1163,1963,0.5195058567915112,0.27690000000000003,0.2769,,,,,100.28269376978278,0,797,0.3425,0.0,0.5586295127868652,0.5586295127868652,0.9955413341522217,0.00797381263240258,0.9974968710888611,0.9974968710888611,0.9962453066332916,0.0,0.0,0.16648302127248185,1.416758489363759
GREATS,mnist,1,0.3,0.2,4000,1000,800,1103,1903,,0.3738,0.3738,,,,,58.15254567749798,0,797,0.4275,0.0,0.5863132476806641,0.5863132476806641,0.9925882816314697,0.007868793675295999,0.9987484355444305,0.9987484355444305,0.9987484355444305,0.0,0.0,0.16161944201252504,1.4191902789937374
MaxLoss,mnist,1,0.3,0.3,3500,1500,800,992,1792,0.5426286198780872,0.4232,0.4232,,,,,46.50697735417634,0,797,0.44125,0.0,0.5636183619499207,0.5636183619499207,0.9891765117645264,0.007575168913971628,0.9987484355444305,0.9987484355444305,0.9987484355444305,0.0,0.0,0.16114781076839038,1.4194260946158048
Marginal,mnist,1,0.3,0.3,3500,1500,800,1082,1882,0.5683119068853557,0.25339999999999996,0.2534,,,,,48.195316571742296,0,797,0.28125,0.0,0.5671801567077637,0.5671801567077637,0.9990012049674988,0.005722239265015561,0.9987484355444305,0.9974968710888611,0.9974968710888611,0.0,0.0,0.15595381870579167,1.4220230906471043
PU-R,mnist,1,0.3,0.3,3500,1500,800,945,1745,0.5291835163952783,0.25149999999999995,0.2515,,,,,97.9949056878686,0,797,0.34,0.0,0.5605586767196655,0.5605586767196655,0.9959595203399658,0.00780336310099449,0.9987484355444305,0.9987484355444305,0.9987484355444305,0.0,0.0,0.1636422071143276,1.4181788964428361
GREATS,mnist,1,0.3,0.3,3500,1500,800,924,1724,,0.41579999999999995,0.4158,,,,,56.154456307180226,0,797,0.43625,0.0,0.5792945623397827,0.5792945623397827,0.9928542375564575,0.007553931158991794,0.9987484355444305,0.9987484355444305,0.9987484355444305,0.0,0.0,0.16057969307581169,1.4197101534620942
MaxLoss,mnist,1,0.3,0.4,3000,2000,800,752,1552,0.550224982725922,0.42369999999999997,0.4237,,,,,46.07447576150298,0,797,0.44625,0.0,0.5751250386238098,0.5751250386238098,0.9932843446731567,0.00741988505342875,0.9987484355444305,0.9987484355444305,0.9987484355444305,0.0,0.0,0.16010296093731075,1.4199485195313446
Marginal,mnist,1,0.3,0.4,3000,2000,800,803,1603,0.5671978699974716,0.23470000000000002,0.2347,,,,,47.44150610174984,0,797,0.31,0.0,0.5619781613349915,0.5619781613349915,0.9987378120422363,0.006602872329275167,0.9974968710888611,0.9974968710888611,0.9974968710888611,0.0,0.0,0.1591088176715747,1.4204455911642127
PU-R,mnist,1,0.3,0.4,3000,2000,800,848,1648,0.582141587510705,0.31379999999999997,0.3138,,,,,96.10683446750045,0,797,0.35625,0.0,0.5593025088310242,0.5593025088310242,0.9956274032592773,0.007190749521550252,0.9987484355444305,0.9987484355444305,0.9987484355444305,0.0,0.0,0.16118360804093582,1.4194081959795322
GREATS,mnist,1,0.3,0.4,3000,2000,800,716,1516,,0.4022,0.4022,,,,,54.256001407280564,0,797,0.45625,0.0,0.580723762512207,0.580723762512207,0.9921286106109619,0.007805467883966518,0.9987484355444305,0.9987484355444305,0.9987484355444305,0.0,0.0,0.16057433007203026,1.419712834963985
MaxLoss,mnist,1,0.3,0.5,2500,2500,800,503,1303,0.5569773475290276,0.43610000000000004,0.4361,,,,,46.03966483473778,0,797,0.44,0.0,0.5695451498031616,0.5695451498031616,0.9933186769485474,0.007834047353004707,0.9987484355444305,0.9987484355444305,0.9987484355444305,0.0,0.0,0.16185693072730964,1.4190715346363452
Marginal,mnist,1,0.3,0.5,2500,2500,800,543,1343,0.5729378427495249,0.19620000000000004,0.1962,,,,,47.003497266210616,0,797,0.30375,0.0,0.5697069764137268,0.5697069764137268,0.9978929758071899,0.006920921939130271,0.9987484355444305,0.9987484355444305,0.9987484355444305,0.0,0.0,0.16020378495208892,1.4198981075239554
PU-R,mnist,1,0.3,0.5,2500,2500,800,492,1292,0.5525816521258093,0.21719999999999995,0.2172,,,,,93.43740967847407,0,797,0.3225,0.0,0.5621455311775208,0.5621455311775208,0.9973936080932617,0.00702200336259404,0.9987484355444305,0.9987484355444305,0.9987484355444305,0.0,0.0,0.16044573078162114,1.4197771346091894
GREATS,mnist,1,0.3,0.5,2500,2500,800,421,1221,,0.3436,0.3436,,,,,52.6553129311651,0,797,0.42875,0.0,0.5743527412414551,0.5743527412414551,0.993519127368927,0.007414678489330116,0.9987484355444305,0.9987484355444305,0.9987484355444305,0.0,0.0,0.15977366024128128,1.4201131698793594
MaxLoss,mnist,1,0.3,0.6,2000,3000,800,229,1029,0.5541626635240391,0.3621,0.3621,,,,,45.78051743283868,0,797,0.4325,0.0,0.5669097900390625,0.5669097900390625,0.9936612844467163,0.0068682970081949055,0.9987484355444305,0.9987484355444305,0.9987484355444305,0.0,0.0,0.15634372343536454,1.4218281382823177
Marginal,mnist,1,0.3,0.6,2000,3000,800,409,1209,0.6434314571670257,0.25649999999999995,0.2565,,,,,46.547092486172915,0,797,0.31375,0.0,0.5764461159706116,0.5764461159706116,0.9971902966499329,0.006659697051520211,0.9987484355444305,0.9987484355444305,0.9987484355444305,0.0,0.0,0.15995548209946203,1.4200222589502691
PU-R,mnist,1,0.3,0.6,2000,3000,800,361,1161,0.6197590373922139,0.22699999999999998,0.227,,,,,92.68318612221628,0,797,0.3325,0.0,0.5800389647483826,0.5800389647483826,0.9944426417350769,0.007705806884932121,0.9987484355444305,0.9987484355444305,0.9987484355444305,0.0,0.0,0.16110997204756733,1.4194450139762163
GREATS,mnist,1,0.3,0.6,2000,3000,800,208,1008,,0.3448,0.3448,,,,,51.27071746066213,0,797,0.4175,0.0,0.5803901553153992,0.5803901553153992,0.9907721281051636,0.007346228234824236,0.9987484355444305,0.9987484355444305,0.9987484355444305,0.0,0.0,0.15920131595322973,1.4203993420233851
MaxLoss,mnist,1,0.3,0.7,1500,3500,800,0,800,0.5785540086217225,0.28969999999999996,0.2897,,,,,45.399296876974404,1,797,0.4,0.0,0.5625471472740173,0.5625471472740173,0.9934810400009155,0.006290957695327802,0.9987484355444305,0.9987484355444305,0.9987484355444305,0.0,0.0,0.15319650313635547,1.4234017484318222
Marginal,mnist,1,0.3,0.7,1500,3500,800,203,1003,0.7114344908623025,0.24060000000000004,0.2406,,,,,46.11100025288761,0,797,0.3125,0.0,0.576957106590271,0.576957106590271,0.9971336126327515,0.006799753237800097,0.9987484355444305,0.9987484355444305,0.9987484355444305,0.0,0.0,0.15958340157656564,1.4202082992117173
PU-R,mnist,1,0.3,0.7,1500,3500,800,161,961,0.6842492618598044,0.24039999999999995,0.2404,,,,,90.31827935017645,0,797,0.33625,0.0,0.5710819959640503,0.5710819959640503,0.9983370304107666,0.007882730687999905,0.9974968710888611,0.9974968710888611,0.9962453066332916,0.0,0.0,0.16289993217330848,1.4185500339133457
GREATS,mnist,1,0.3,0.7,1500,3500,800,55,855,,0.29359999999999997,0.2936,,,,,49.231027299538255,0,797,0.3975,0.0,0.5761033296585083,0.5761033296585083,0.994971513748169,0.00700686210346815,0.9987484355444305,0.9987484355444305,0.9987484355444305,0.0,0.0,0.15635916009049663,1.4218204199547517
MaxLoss,mnist,1,0.3,0.8,1000,4000,549,0,549,0.6033094049198553,0.3014,0.3014,,,,,18.266211091540754,1,546,0.39526411657559196,0.0,0.5730044841766357,0.5730044841766357,0.9900815486907959,0.01074654112925182,0.9981751824817519,0.9981751824817519,0.9981751824817519,0.0,0.0,0.1618433609409914,1.4190783195295043
Marginal,mnist,1,0.3,0.8,1000,4000,797,0,797,0.8405696212430485,0.3044,0.3044,,,,,45.11400819476694,1,794,0.34127979924717694,0.0,0.5713958740234375,0.5713958740234375,0.9949177503585815,0.008727044297672397,0.9987437185929648,0.9987437185929648,0.9987437185929648,0.0,0.0,0.17010814343715897,1.4149459282814205
PU-R,mnist,1,0.3,0.8,1000,4000,714,0,714,0.7632011701352894,0.2994,0.2994,,,,,67.3848210433498,1,711,0.36834733893557425,0.0,0.5791504979133606,0.5791504979133606,0.9908187389373779,0.010122125168940965,0.9985974754558204,0.9985974754558204,0.9985974754558204,0.0,0.0,0.17064619596903635,1.414676902015482
GREATS,mnist,1,0.3,0.8,1000,4000,605,0,605,,0.29159999999999997,0.2916,,,,,25.53271850384772,1,602,0.3834710743801653,0.0,0.5683220028877258,0.5683220028877258,0.9930136799812317,0.00976575406064705,0.9983443708609272,0.9983443708609272,0.9983443708609272,0.0,0.0,0.15942353848311,1.420288230758445
MaxLoss,mnist,2,0.3,0.0,5000,0,800,1680,2480,0.5219409927376546,0.4115,0.4115,,,,,47.387989490292966,0,797,0.44125,0.0,0.5643719434738159,0.5643719434738159,0.9892679452896118,0.008130173837633172,0.9974968710888611,0.9987484355444305,0.9974968710888611,0.0,0.0,0.16548290814758376,1.4172585459262081
Marginal,mnist,2,0.3,0.0,5000,0,800,1563,2363,0.4984588603838347,0.1976,0.1976,,,,,49.10364162828773,0,797,0.27875,0.0,0.5686169862747192,0.5686169862747192,0.9988057613372803,0.006022787148200526,0.9987484355444305,0.9987484355444305,0.9987484355444305,0.0,0.0,0.15996184433833832,1.4200190778308308
PU-R,mnist,2,0.3,0.0,5000,0,800,1588,2388,0.5034812346566468,0.24970000000000003,0.2497,,,,,103.4001172510907,0,797,0.325,0.0,0.5579960346221924,0.5579960346221924,0.9944318532943726,0.007434684787882732,0.9974968710888611,0.9987484355444305,0.9974968710888611,0.0,0.0,0.16282525655654204,1.418587371721729
GREATS,mnist,2,0.3,0.0,5000,0,800,1619,2419,,0.401,0.401,,,,,60.91625564545393,0,797,0.45125,0.0,0.5796810388565063,0.5796810388565063,0.9940285682678223,0.00811874691177817,0.9987484355444305,0.9987484355444305,0.9987484355444305,0.0,0.0,0.16433487215230572,1.4178325639238472
MaxLoss,mnist,2,0.3,0.1,4500,500,800,1436,2236,0.5241315307794139,0.4374,0.4374,,,,,47.160493260249496,0,797,0.44875,0.0,0.5688781142234802,0.5688781142234802,0.9912656545639038,0.007696905566171949,0.9974968710888611,0.9987484355444305,0.9974968710888611,0.0,0.0,0.16234093152502738,1.4188295342374864
Marginal,mnist,2,0.3,0.1,4500,500,800,1418,2218,0.5201217543217354,0.23119999999999996,0.2312,,,,,49.87421030923724,0,797,0.2975,0.0,0.5610438585281372,0.5610438585281372,0.9983236193656921,0.005930562891055584,0.9987484355444305,0.9987484355444305,0.9987484355444305,0.0,0.0,0.15654018191007088,1.4217299090449647
PU-R,mnist,2,0.3,0.1,4500,500,800,1430,2230,0.5227951344568282,0.2966,0.2966,,,,,102.08018437586725,0,797,0.345,0.0,0.5605579018592834,0.5605579018592834,0.9945688843727112,0.007486714003403649,0.9987484355444305,0.9974968710888611,0.9974968710888611,0.0,0.0,0.16266091811865446,1.4186695409406727
GREATS,mnist,2,0.3,0.1,4500,500,800,1470,2270,,0.45089999999999997,0.4509,,,,,60.51827391516417,0,797,0.44625,0.0,0.5767011642456055,0.5767011642456055,0.9868860244750977,0.008237785882361988,0.9974968710888611,0.9987484355444305,0.9974968710888611,0.0,0.0,0.16420232611732916,1.4178988369413354
MaxLoss,mnist,2,0.3,0.2,4000,1000,800,1223,2023,0.5345372717129067,0.43500000000000005,0.435,,,,,46.41898682620376,0,797,0.445,0.0,0.5730031728744507,0.5730031728744507,0.9900866150856018,0.007875135902767635,0.9987484355444305,0.9987484355444305,0.9987484355444305,0.0,0.0,0.16451403232378864,1.4177429838381057
Marginal,mnist,2,0.3,0.2,4000,1000,800,1244,2044,0.5397920728428289,0.24229999999999996,0.2423,,,,,48.420310008339584,0,797,0.2775,0.0,0.565511167049408,0.565511167049408,0.9978358745574951,0.00628417540198537,0.9987484355444305,0.9987484355444305,0.9987484355444305,0.0,0.0,0.16078714719679058,1.4196064264016046
PU-R,mnist,2,0.3,0.2,4000,1000,800,1200,2000,0.528778326290194,0.29500000000000004,0.295,,,,,99.14826858788729,0,797,0.35125,0.0,0.5605617761611938,0.5605617761611938,0.9954464435577393,0.007341941060948282,0.9987484355444305,0.9987484355444305,0.9987484355444305,0.0,0.0,0.1621183997079575,1.4189408001460213
GREATS,mnist,2,0.3,0.2,4000,1000,800,1200,2000,,0.4042,0.4042,,,,,57.533885434269905,0,797,0.44,0.0,0.5808484554290771,0.5808484554290771,0.9879475831985474,0.008170995651482044,0.9987484355444305,0.9987484355444305,0.9987484355444305,0.0,0.0,0.16307450788203431,1.418462746058983
MaxLoss,mnist,2,0.3,0.3,3500,1500,800,921,1721,0.5223093082895502,0.40290000000000004,0.4029,,,,,46.05453105550259,0,797,0.4425,0.0,0.5686982870101929,0.5686982870101929,0.9900184273719788,0.007583148245966629,0.9987484355444305,0.9987484355444305,0.9987484355444305,0.0,0.0,0.16178912306826865,1.4191054384658657
Marginal,mnist,2,0.3,0.3,3500,1500,800,1004,1804,0.5460578235797584,0.263,0.263,,,,,47.68400505930185,0,797,0.3075,0.0,0.5739148855209351,0.5739148855209351,0.998578667640686,0.006514742786300197,0.9987484355444305,0.9987484355444305,0.9987484355444305,0.0,0.0,0.15983526162645814,1.420082369186771
PU-R,mnist,2,0.3,0.3,3500,1500,800,928,1728,0.5243148873560131,0.23119999999999996,0.2312,,,,,95.70877602230757,0,797,0.315,0.0,0.5543111562728882,0.5543111562728882,0.9965815544128418,0.007560252649091809,0.9987484355444305,0.9987484355444305,0.9987484355444305,0.0,0.0,0.16338927757647445,1.4183053612117629
GREATS,mnist,2,0.3,0.3,3500,1500,800,948,1748,,0.4105,0.4105,,,,,54.92635606508702,0,797,0.44,0.0,0.5853930711746216,0.5853930711746216,0.9904283285140991,0.007869769582461952,0.9987484355444305,0.9987484355444305,0.9987484355444305,0.0,0.0,0.16190705961145754,1.4190464701942713
MaxLoss,mnist,2,0.3,0.4,3000,2000,800,737,1537,0.5452255861600861,0.4213,0.4213,,,,,45.19861951190978,0,797,0.42125,0.0,0.5672341585159302,0.5672341585159302,0.9907324910163879,0.007248311544837283,0.9987484355444305,0.9987484355444305,0.9987484355444305,0.0,0.0,0.15818895956100393,1.420905520219498
Marginal,mnist,2,0.3,0.4,3000,2000,800,798,1598,0.5655355789931491,0.26470000000000005,0.2647,,,,,46.47117397841066,0,797,0.3025,0.0,0.5650187730789185,0.5650187730789185,0.9976759552955627,0.006010818271577191,0.9974968710888611,0.9987484355444305,0.9974968710888611,0.0,0.0,0.15876487571523168,1.4206175621423842
PU-R,mnist,2,0.3,0.4,3000,2000,800,697,1497,0.531877547618933,0.2047,0.2047,,,,,93.17888225708157,0,797,0.32125,0.0,0.5592550039291382,0.5592550039291382,0.9956966638565063,0.007253601140015116,0.9987484355444305,0.9987484355444305,0.9987484355444305,0.0,0.0,0.16185524528161585,1.419072377359192
GREATS,mnist,2,0.3,0.4,3000,2000,800,710,1510,,0.37239999999999995,0.3724,,,,,53.43153350520879,0,797,0.42125,0.0,0.5731285214424133,0.5731285214424133,0.9902129173278809,0.007891683494240903,0.9974968710888611,0.9987484355444305,0.9974968710888611,0.0,0.0,0.16251944842881194,1.418740275785594
MaxLoss,mnist,2,0.3,0.5,2500,2500,800,479,1279,0.5473831043345854,0.3518,0.3518,,,,,45.23936160188168,0,797,0.42375,0.0,0.5694941282272339,0.5694941282272339,0.9936646223068237,0.006928057105598671,0.9987484355444305,0.9987484355444305,0.9987484355444305,0.0,0.0,0.15856850841949663,1.4207157457902517
Marginal,mnist,2,0.3,0.5,2500,2500,800,593,1393,0.5928354550851509,0.2592,0.2592,,,,,46.288399568758905,0,797,0.30125,0.0,0.5748615264892578,0.5748615264892578,0.9986737966537476,0.006145494122381464,0.9987484355444305,0.9987484355444305,0.9987484355444305,0.0,0.0,0.1563917131489612,1.4218041434255193
PU-R,mnist,2,0.3,0.5,2500,2500,800,498,1298,0.5549796540290117,0.20179999999999998,0.2018,,,,,92.78264503926039,0,797,0.315,0.0,0.5568075180053711,0.5568075180053711,0.9965856075286865,0.007213232468508268,0.9987484355444305,0.9987484355444305,0.9987484355444305,0.0,0.0,0.1611799155078615,1.4194100422460694
GREATS,mnist,2,0.3,0.5,2500,2500,800,448,1248,,0.35919999999999996,0.3592,,,,,52.073873673565686,0,797,0.42875,0.0,0.580794632434845,0.580794632434845,0.9906524419784546,0.007375192567379737,0.9987484355444305,0.9987484355444305,0.9987484355444305,0.0,0.0,0.1588859902065477,1.4205570048967262
MaxLoss,mnist,2,0.3,0.6,2000,3000,800,238,1038,0.5586577708600089,0.3792,0.3792,,,,,44.65918952319771,0,797,0.4175,0.0,0.5658526420593262,0.5658526420593262,0.9948922395706177,0.006697449551077002,0.9987484355444305,0.9987484355444305,0.9987484355444305,0.0,0.0,0.15556199382993344,1.4222190030850332
Marginal,mnist,2,0.3,0.6,2000,3000,800,386,1186,0.6321007911465131,0.23340000000000005,0.2334,,,,,45.601341953501105,0,797,0.3025,0.0,0.56609708070755,0.56609708070755,0.9980367422103882,0.006523199463950864,0.9974968710888611,0.9987484355444305,0.9974968710888611,0.0,0.0,0.15976983358562644,1.4201150832071867
PU-R,mnist,2,0.3,0.6,2000,3000,800,413,1213,0.6453996572527103,0.23199999999999998,0.232,,,,,90.92272941023111,0,797,0.3075,0.0,0.5580215454101562,0.5580215454101562,0.9975796937942505,0.007238696144892454,0.9987484355444305,0.9987484355444305,0.9987484355444305,0.0,0.0,0.1598185138870611,1.4200907430564693
GREATS,mnist,2,0.3,0.6,2000,3000,800,220,1020,,0.34330000000000005,0.3433,,,,,50.01764416601509,0,797,0.40625,0.0,0.5708798170089722,0.5708798170089722,0.992094099521637,0.006996691303889504,0.9987484355444305,0.9987484355444305,0.9987484355444305,0.0,0.0,0.15720745928010083,1.4213962703599496
MaxLoss,mnist,2,0.3,0.7,1500,3500,800,54,854,0.6142545705079101,0.33830000000000005,0.3383,,,,,44.086193840019405,0,797,0.42125,0.0,0.5650787353515625,0.5650787353515625,0.9932198524475098,0.006817642457139806,0.9987484355444305,0.9987484355444305,0.9987484355444305,0.0,0.0,0.1578237719814204,1.4210881140092897
Marginal,mnist,2,0.3,0.7,1500,3500,800,228,1028,0.727532486023847,0.28590000000000004,0.2859,,,,,44.9268102068454,0,797,0.33125,0.0,0.5874494910240173,0.5874494910240173,0.9966965913772583,0.006368926305496349,0.9974968710888611,0.9974968710888611,0.9974968710888611,0.0,0.0,0.1578789209083927,1.4210605395458036
PU-R,mnist,2,0.3,0.7,1500,3500,800,171,971,0.6907374577713199,0.3264,0.3264,,,,,87.89061865955591,0,797,0.385,0.0,0.5711092948913574,0.5711092948913574,0.995311975479126,0.007961955979858083,0.9974968710888611,0.9974968710888611,0.9962453066332916,0.0,0.0,0.1634839371749414,1.4182580314125293
GREATS,mnist,2,0.3,0.7,1500,3500,800,58,858,,0.32799999999999996,0.328,,,,,47.92662770114839,0,797,0.41875,0.0,0.5744119882583618,0.5744119882583618,0.9923138618469238,0.007182059269888007,0.9987484355444305,0.9987484355444305,0.9987484355444305,0.0,0.0,0.15931096415439874,1.4203445179228007
MaxLoss,mnist,2,0.3,0.8,1000,4000,588,0,588,0.6417142552090809,0.2844,0.2844,,,,,21.39547644648701,1,585,0.39625850340136054,0.0,0.5686619281768799,0.5686619281768799,0.9938453435897827,0.009092501386860465,0.9982964224872232,0.9982964224872232,0.9982964224872232,0.0,0.0,0.15664674401484646,1.4216766279925768
Marginal,mnist,2,0.3,0.8,1000,4000,776,0,776,0.8212419140036218,0.29879999999999995,0.2988,,,,,41.88621168490499,1,773,0.3582474226804124,0.0,0.5700206756591797,0.5700206756591797,0.9953653812408447,0.008717540089762018,0.9987096774193548,0.9987096774193548,0.9987096774193548,0.0,0.0,0.16845560683372202,1.4157721965831391
PU-R,mnist,2,0.3,0.8,1000,4000,715,0,715,0.7641476183198392,0.30300000000000005,0.303,,,,,66.8785868762061,1,712,0.3622377622377622,0.0,0.5752863883972168,0.5752863883972168,0.9940717220306396,0.009519001492739366,0.9971988795518207,0.9985994397759104,0.9971988795518207,0.0,0.0,0.16621123565665188,1.416894382171674
GREATS,mnist,2,0.3,0.8,1000,4000,603,0,603,,0.3146,0.3146,,,,,25.019652733579278,1,600,0.3963515754560531,0.0,0.5662150382995605,0.5662150382995605,0.9896723031997681,0.00998407124968685,0.9983388704318937,0.9983388704318937,0.9983388704318937,0.0,0.0,0.1620407939556466,1.4189796030221766
MaxLoss,mnist,3,0.3,0.0,5000,0,800,1712,2512,0.5283534553600475,0.41590000000000005,0.4159,,,,,46.59062019456178,0,797,0.45375,0.0,0.5722837448120117,0.5722837448120117,0.992107093334198,0.007488303951853805,0.9987484355444305,0.9987484355444305,0.9987484355444305,0.0,0.0,0.16063793256016193,1.419681033719919
Marginal,mnist,3,0.3,0.0,5000,0,800,1573,2373,0.5004681249265559,0.19630000000000003,0.1963,,,,,48.61460536252707,0,797,0.2975,0.0,0.5686261653900146,0.5686261653900146,0.999086856842041,0.0059680621068602955,0.9974968710888611,0.9974968710888611,0.9974968710888611,0.0,0.0,0.15815744064429765,1.4209212796778512
PU-R,mnist,3,0.3,0.0,5000,0,800,1711,2511,0.5281531310174614,0.2944,0.2944,,,,,103.87408212851733,0,797,0.33375,0.0,0.5510174632072449,0.5510174632072449,0.9969987273216248,0.007414337678885878,0.9974968710888611,0.9974968710888611,0.9962453066332916,0.0,0.0,0.162673875509478,1.418663062245261
GREATS,mnist,3,0.3,0.0,5000,0,800,1678,2478,,0.4154,0.4154,,,,,60.455743874423206,0,797,0.44875,0.0,0.5813767313957214,0.5813767313957214,0.988680362701416,0.007988024405081371,0.9987484355444305,0.9974968710888611,0.9974968710888611,0.0,0.0,0.1631528822758345,1.4184235588620828
MaxLoss,mnist,3,0.3,0.1,4500,500,800,1468,2268,0.5312556683784351,0.42069999999999996,0.4207,,,,,47.01058079302311,0,797,0.4375,0.0,0.5625253319740295,0.5625253319740295,0.9919459819793701,0.007507092876590611,0.9974968710888611,0.9987484355444305,0.9974968710888611,0.0,0.0,0.16107341503698602,1.419463292481507
Marginal,mnist,3,0.3,0.1,4500,500,800,1733,2533,0.5900366749847308,0.36,0.36,,,,,49.10839157924056,0,797,0.33125,0.0,0.5540841221809387,0.5540841221809387,0.9989244937896729,0.005466228041399966,0.9974968710888611,0.9987484355444305,0.9974968710888611,0.0,0.0,0.15636398444213348,1.4218180077789333
PU-R,mnist,3,0.3,0.1,4500,500,800,1469,2269,0.5314782078494318,0.30920000000000003,0.3092,,,,,102.51322614401579,0,797,0.36625,0.0,0.5656291842460632,0.5656291842460632,0.9942046999931335,0.007914141885870985,0.9987484355444305,0.9987484355444305,0.9987484355444305,0.0,0.0,0.16464790119245762,1.4176760494037712
GREATS,mnist,3,0.3,0.1,4500,500,800,1382,2182,,0.3762,0.3762,,,,,59.54697304777801,0,797,0.4425,0.0,0.5730822682380676,0.5730822682380676,0.9882456064224243,0.007923674477131406,0.9987484355444305,0.9974968710888611,0.9974968710888611,0.0,0.0,0.16266038628010793,1.418669806859946
MaxLoss,mnist,3,0.3,0.2,4000,1000,800,1234,2034,0.537290187610779,0.41590000000000005,0.4159,,,,,46.02488131728023,0,797,0.45,0.0,0.5703569650650024,0.5703569650650024,0.9903711080551147,0.007420957988321557,0.9974968710888611,0.9987484355444305,0.9974968710888611,0.0,0.0,0.15984439089799815,1.420077804551001
Marginal,mnist,3,0.3,0.2,4000,1000,800,1226,2026,0.5352881544386037,0.22199999999999998,0.222,,,,,47.6892229821533,0,797,0.31625,0.0,0.5677833557128906,0.5677833557128906,0.9979394674301147,0.0061934613733822235,0.9987484355444305,0.9987484355444305,0.9987484355444305,0.0,0.0,0.16273883623306074,1.4186305818834697
PU-R,mnist,3,0.3,0.2,4000,1000,800,1223,2023,0.5345372717129067,0.27359999999999995,0.2736,,,,,98.4599320916459,0,797,0.35625,0.0,0.5561128854751587,0.5561128854751587,0.9966979026794434,0.0075965294718173555,0.9987484355444305,0.9987484355444305,0.9987484355444305,0.0,0.0,0.1636819680558141,1.418159015972093
GREATS,mnist,3,0.3,0.2,4000,1000,800,1199,1999,,0.40480000000000005,0.4048,,,,,56.815310950390995,0,797,0.46,0.0,0.5782589316368103,0.5782589316368103,0.9927008152008057,0.0078069778888932755,0.9987484355444305,0.9974968710888611,0.9974968710888611,0.0,0.0,0.1598601007745441,1.4200699496127278
MaxLoss,mnist,3,0.3,0.3,3500,1500,800,992,1792,0.5426286198780872,0.37639999999999996,0.3764,,,,,46.112297244369984,0,797,0.45875,0.0,0.5732377767562866,0.5732377767562866,0.9930436611175537,0.007976002387340543,0.9987484355444305,0.9987484355444305,0.9987484355444305,0.0,0.0,0.16152570812950146,1.4192371459352493
Marginal,mnist,3,0.3,0.3,3500,1500,800,1093,1893,0.571445296460297,0.27459999999999996,0.2746,,,,,47.69830875005573,0,797,0.31,0.0,0.5661230087280273,0.5661230087280273,0.9985929727554321,0.00608635811653578,0.9987484355444305,0.9987484355444305,0.9987484355444305,0.0,0.0,0.1563542469025184,1.4218228765487408
PU-R,mnist,3,0.3,0.3,3500,1500,800,1022,1822,0.5511988861835562,0.2502,0.2502,,,,,98.04617488663644,0,797,0.3575,0.0,0.5571416616439819,0.5571416616439819,0.9979378581047058,0.008011879839145291,0.9987484355444305,0.9987484355444305,0.9987484355444305,0.0,0.0,0.1644518077278222,1.417774096136089
GREATS,mnist,3,0.3,0.3,3500,1500,800,949,1749,,0.4172,0.4172,,,,,55.87840483523905,0,797,0.44875,0.0,0.579364538192749,0.579364538192749,0.9907172918319702,0.007874958888535505,0.9987484355444305,0.9987484355444305,0.9987484355444305,0.0,0.0,0.16132761634408352,1.4193361918279583
MaxLoss,mnist,3,0.3,0.4,3000,2000,800,747,1547,0.5485588885494508,0.40790000000000004,0.4079,,,,,45.47957942914218,0,797,0.44625,0.0,0.5660762190818787,0.5660762190818787,0.9919172525405884,0.007663471964613368,0.9962453066332916,0.9987484355444305,0.9962453066332916,0.0,0.0,0.16116970187166885,1.4194151490641655
Marginal,mnist,3,0.3,0.4,3000,2000,800,839,1639,0.5791552849696018,0.25060000000000004,0.2506,,,,,46.946081353351474,0,797,0.32125,0.0,0.5653463006019592,0.5653463006019592,0.9984044432640076,0.0062258259378121855,0.9987484355444305,0.9987484355444305,0.9987484355444305,0.0,0.0,0.15929418549970065,1.4203529072501497
PU-R,mnist,3,0.3,0.4,3000,2000,800,819,1619,0.572514682309702,0.26139999999999997,0.2614,,,,,95.01282178796828,0,797,0.3525,0.0,0.5513546466827393,0.5513546466827393,0.9963256120681763,0.0069656814565096465,0.9987484355444305,0.9987484355444305,0.9987484355444305,0.0,0.0,0.16012908710774681,1.4199354564461266
GREATS,mnist,3,0.3,0.4,3000,2000,800,664,1464,,0.36860000000000004,0.3686,,,,,53.61522260122001,0,797,0.43125,0.0,0.5807942748069763,0.5807942748069763,0.9904825687408447,0.00758673899220734,0.9987484355444305,0.9987484355444305,0.9987484355444305,0.0,0.0,0.15961041972329731,1.4201947901383514
MaxLoss,mnist,3,0.3,0.5,2500,2500,800,454,1254,0.5373748507699929,0.35750000000000004,0.3575,,,,,45.10018979012966,0,797,0.4275,0.0,0.5702860951423645,0.5702860951423645,0.9923981428146362,0.006887196233316566,0.9987484355444305,0.9987484355444305,0.9987484355444305,0.0,0.0,0.1583088950505454,1.4208455524747272
Marginal,mnist,3,0.3,0.5,2500,2500,800,569,1369,0.5832919932436198,0.22419999999999995,0.2242,,,,,46.10821511782706,0,797,0.32,0.0,0.5771270990371704,0.5771270990371704,0.9976911544799805,0.006692006720115754,0.9974968710888611,0.9974968710888611,0.9962453066332916,0.0,0.0,0.16153235671101418,1.4192338216444929
PU-R,mnist,3,0.3,0.5,2500,2500,800,523,1323,0.5649622809723951,0.22119999999999995,0.2212,,,,,92.30580645054579,0,797,0.355,0.0,0.5693033933639526,0.5693033933639526,0.9942641258239746,0.007528203410167569,0.9987484355444305,0.9987484355444305,0.9987484355444305,0.0,0.0,0.16214448324589117,1.4189277583770545
GREATS,mnist,3,0.3,0.5,2500,2500,800,441,1241,,0.3508,0.3508,,,,,51.708375125192106,0,797,0.44,0.0,0.5748561024665833,0.5748561024665833,0.9934128522872925,0.007129852820271731,0.9987484355444305,0.9987484355444305,0.9987484355444305,0.0,0.0,0.1582828258941962,1.4208585870529018
MaxLoss,mnist,3,0.3,0.6,2000,3000,800,264,1064,0.5716252151760273,0.37929999999999997,0.3793,,,,,45.02252559643239,0,797,0.43,0.0,0.5651202201843262,0.5651202201843262,0.9903745651245117,0.007066869914755505,0.9987484355444305,0.9987484355444305,0.9987484355444305,0.0,0.0,0.15840145723228047,1.4207992713838598
Marginal,mnist,3,0.3,0.6,2000,3000,800,424,1224,0.650808582722675,0.22140000000000004,0.2214,,,,,45.79199152812362,0,797,0.29125,0.0,0.5660438537597656,0.5660438537597656,0.9993508458137512,0.006446892094888138,0.9987484355444305,0.9987484355444305,0.9987484355444305,0.0,0.0,0.15666709305070076,1.4216664534746495
PU-R,mnist,3,0.3,0.6,2000,3000,800,374,1174,0.6261800797074102,0.21799999999999997,0.218,,,,,90.57661072257906,0,797,0.34125,0.0,0.5623204708099365,0.5623204708099365,0.9964535236358643,0.007044701445940998,0.9987484355444305,0.9987484355444305,0.9987484355444305,0.0,0.0,0.1595715338316774,1.4202142330841614
GREATS,mnist,3,0.3,0.6,2000,3000,800,262,1062,,0.3732,0.3732,,,,,50.440892627462745,0,797,0.4325,0.0,0.5812946557998657,0.5812946557998657,0.9907854795455933,0.0069563425005004466,0.9987484355444305,0.9987484355444305,0.9987484355444305,0.0,0.0,0.15827513687837,1.420862431560815
MaxLoss,mnist,3,0.3,0.7,1500,3500,800,41,841,0.6056823771796189,0.36619999999999997,0.3662,,,,,44.59800149872899,0,797,0.43125,0.0,0.5562736392021179,0.5562736392021179,0.9931396842002869,0.006514267791971769,0.9987484355444305,0.9987484355444305,0.9987484355444305,0.0,0.0,0.15424684085442214,1.422876579572789
Marginal,mnist,3,0.3,0.7,1500,3500,800,219,1019,0.7217446326394565,0.27049999999999996,0.2705,,,,,45.22379348054528,0,797,0.35875,0.0,0.575257420539856,0.575257420539856,0.9990242719650269,0.006769698327092526,0.9987484355444305,0.9987484355444305,0.9987484355444305,0.0,0.0,0.15770024722536247,1.4211498763873187
PU-R,mnist,3,0.3,0.7,1500,3500,800,187,987,0.7010985512170009,0.28580000000000005,0.2858,,,,,88.71612382866442,0,797,0.3775,0.0,0.5665872097015381,0.5665872097015381,0.9972075819969177,0.007236514447654104,0.9962453066332916,0.9987484355444305,0.9962453066332916,0.0,0.0,0.1606461193875922,1.419676940306204
GREATS,mnist,3,0.3,0.7,1500,3500,800,38,838,,0.3661,0.3661,,,,,48.483220412395895,0,797,0.4325,0.0,0.5707474946975708,0.5707474946975708,0.9916597008705139,0.007102281118606745,0.9987484355444305,0.9987484355444305,0.9987484355444305,0.0,0.0,0.15695800633047707,1.4215209968347615
MaxLoss,mnist,3,0.3,0.8,1000,4000,597,0,597,0.6505264471634291,0.33909999999999996,0.3391,,,,,22.308162784203887,1,594,0.4204355108877722,0.0,0.566138744354248,0.566138744354248,0.9925364851951599,0.009480142928409896,0.9983221476510067,0.9983221476510067,0.9983221476510067,0.0,0.0,0.1583827866312952,1.4208086066843524
Marginal,mnist,3,0.3,0.8,1000,4000,800,25,825,0.8660254591959529,0.31310000000000004,0.3131,,,,,45.08993090689182,0,797,0.3425,0.0,0.571124255657196,0.571124255657196,0.9973883628845215,0.008374885018350783,0.9987484355444305,0.9987484355444305,0.9987484355444305,0.0,0.0,0.16641997584160986,1.4167900120791952
PU-R,mnist,3,0.3,0.8,1000,4000,753,0,753,0.7998699594754726,0.3195,0.3195,,,,,75.82337090652436,1,750,0.38114209827357237,0.0,0.5720281600952148,0.5720281600952148,0.9941461086273193,0.008076017544149085,0.9986702127659575,0.9986702127659575,0.9986702127659575,0.0,0.0,0.16149677097449555,1.4192516145127523
GREATS,mnist,3,0.3,0.8,1000,4000,584,0,584,,0.3319,0.3319,,,,,23.263496440835297,1,581,0.4058219178082192,0.0,0.5710586309432983,0.5710586309432983,0.9911627769470215,0.009571059937644781,0.9982847341337907,0.9982847341337907,0.9982847341337907,0.0,0.0,0.1588059928690095,1.4205970035654953
MaxLoss,mnist,4,0.3,0.0,5000,0,800,1669,2469,0.5197357162833214,0.42390000000000005,0.4239,,,,,46.7174873938784,0,797,0.445,0.0,0.5654249787330627,0.5654249787330627,0.9905829429626465,0.007686618466084084,0.9987484355444305,0.9987484355444305,0.9987484355444305,0.0,0.0,0.16039683015088488,1.4198015849245575
Marginal,mnist,4,0.3,0.0,5000,0,800,1817,2617,0.549364110280294,0.36819999999999997,0.3682,,,,,49.041116771288216,0,797,0.305,0.0,0.5612157583236694,0.5612157583236694,0.9973230957984924,0.005904087715214573,0.9987484355444305,0.9974968710888611,0.9974968710888611,0.0,0.0,0.1616356127953995,1.4191821936023001
PU-R,mnist,4,0.3,0.0,5000,0,800,1609,2409,0.5076980020385236,0.27090000000000003,0.2709,,,,,102.29177117813379,0,797,0.3525,0.0,0.5589563846588135,0.5589563846588135,0.9963952898979187,0.007336278684968793,0.9987484355444305,0.9987484355444305,0.9987484355444305,0.0,0.0,0.16286804281960202,1.418565978590199
GREATS,mnist,4,0.3,0.0,5000,0,800,1719,2519,,0.44530000000000003,0.4453,,,,,60.797756309621036,0,797,0.43125,0.0,0.5865532159805298,0.5865532159805298,0.9905600547790527,0.007822263095346052,0.9987484355444305,0.9974968710888611,0.9974968710888611,0.0,0.0,0.1620557809500072,1.4189721095249963
MaxLoss,mnist,4,0.3,0.1,4500,500,800,1406,2206,0.5174475908861496,0.4024,0.4024,,,,,46.72279321588576,0,797,0.44,0.0,0.5557811856269836,0.5557811856269836,0.9905726909637451,0.007595077017147341,0.9987484355444305,0.9987484355444305,0.9987484355444305,0.0,0.0,0.161563960829364,1.4192180195853181
Marginal,mnist,4,0.3,0.1,4500,500,800,1508,2308,0.540152994915843,0.27780000000000005,0.2778,,,,,48.61367290467024,0,797,0.32,0.0,0.563459038734436,0.563459038734436,0.9980686902999878,0.005426457382561417,0.9987484355444305,0.9987484355444305,0.9987484355444305,0.0,0.0,0.1569617484932527,1.4215191257533737
PU-R,mnist,4,0.3,0.1,4500,500,800,1413,2213,0.5190076147555374,0.2479,0.2479,,,,,101.59795049205422,0,797,0.33,0.0,0.5593404173851013,0.5593404173851013,0.9959089159965515,0.007684919736039206,0.9987484355444305,0.9987484355444305,0.9987484355444305,0.0,0.0,0.16606906550753714,1.4169654672462313
GREATS,mnist,4,0.3,0.1,4500,500,800,1369,2169,,0.4131,0.4131,,,,,59.09924325160682,0,797,0.445,0.0,0.5746926069259644,0.5746926069259644,0.9918988943099976,0.007493889786871861,0.9987484355444305,0.9987484355444305,0.9987484355444305,0.0,0.0,0.15956418650060195,1.420217906749699
MaxLoss,mnist,4,0.3,0.2,4000,1000,800,1195,1995,0.5275258719921112,0.4023,0.4023,,,,,46.11741167213768,0,797,0.455,0.0,0.5677072405815125,0.5677072405815125,0.9932702779769897,0.007900434064775594,0.9974968710888611,0.9987484355444305,0.9974968710888611,0.0,0.0,0.1626273903274852,1.4186863048362575
Marginal,mnist,4,0.3,0.2,4000,1000,800,1199,1999,0.5285278499941342,0.23939999999999995,0.2394,,,,,47.840466308407485,0,797,0.29625,0.0,0.5718718767166138,0.5718718767166138,0.9984879493713379,0.005789171895000603,0.9987484355444305,0.9987484355444305,0.9987484355444305,0.0,0.0,0.15602929756073391,1.421985351219633
PU-R,mnist,4,0.3,0.2,4000,1000,800,1226,2026,0.5352881544386037,0.29269999999999996,0.2927,,,,,99.23136596288532,0,797,0.34,0.0,0.5647317171096802,0.5647317171096802,0.9975004196166992,0.007743859295272857,0.9987484355444305,0.9987484355444305,0.9987484355444305,0.0,0.0,0.1647292965505954,1.4176353517247022
GREATS,mnist,4,0.3,0.2,4000,1000,800,1121,1921,,0.39139999999999997,0.3914,,,,,57.23735642340034,0,797,0.4475,0.0,0.5830533504486084,0.5830533504486084,0.9929962754249573,0.007710180663793943,0.9987484355444305,0.9987484355444305,0.9987484355444305,0.0,0.0,0.16096904950787014,1.4195154752460648
MaxLoss,mnist,4,0.3,0.3,3500,1500,800,930,1730,0.5248878189595416,0.4317,0.4317,,,,,45.567787730135024,0,797,0.43125,0.0,0.5724965333938599,0.5724965333938599,0.9911850690841675,0.007428217665274839,0.9987484355444305,0.9987484355444305,0.9987484355444305,0.0,0.0,0.16068473126442936,1.4196576343677854
Marginal,mnist,4,0.3,0.3,3500,1500,800,1113,1913,0.5771391785820015,0.35050000000000003,0.3505,,,,,47.35370390675962,0,797,0.3225,0.0,0.5699761509895325,0.5699761509895325,0.9975652694702148,0.006457755313568442,0.9987484355444305,0.9987484355444305,0.9987484355444305,0.0,0.0,0.159066835808371,1.4204665820958144
PU-R,mnist,4,0.3,0.3,3500,1500,800,1023,1823,0.5514844041899778,0.2913,0.2913,,,,,96.59385267086327,0,797,0.365,0.0,0.5643346905708313,0.5643346905708313,0.9955951571464539,0.007393964706163606,0.9987484355444305,0.9987484355444305,0.9987484355444305,0.0,0.0,0.16316358001569423,1.418418209992153
GREATS,mnist,4,0.3,0.3,3500,1500,800,996,1796,,0.4595,0.4595,,,,,55.59545295313001,0,797,0.46125,0.0,0.5768446922302246,0.5768446922302246,0.9927735328674316,0.007694895137963963,0.9987484355444305,0.9987484355444305,0.9987484355444305,0.0,0.0,0.16068794207836132,1.4196560289608193
MaxLoss,mnist,4,0.3,0.4,3000,2000,800,715,1515,0.5378870985587128,0.39849999999999997,0.3985,,,,,45.24718380253762,0,797,0.4375,0.0,0.5655828714370728,0.5655828714370728,0.9899839162826538,0.007406704126914336,0.9987484355444305,0.9987484355444305,0.9987484355444305,0.0,0.0,0.1598415170276312,1.4200792414861845
Marginal,mnist,4,0.3,0.4,3000,2000,800,1009,1809,0.6353528980398551,0.43100000000000005,0.431,,,,,46.74185807444155,0,797,0.30875,0.0,0.5655984878540039,0.5655984878540039,0.9979085922241211,0.006678848733684894,0.9987484355444305,0.9987484355444305,0.9987484355444305,0.0,0.0,0.16096195546793293,1.4195190222660337
PU-R,mnist,4,0.3,0.4,3000,2000,800,763,1563,0.5538890812895261,0.22540000000000004,0.2254,,,,,94.18746539857239,0,797,0.32875,0.0,0.5654183030128479,0.5654183030128479,0.99493408203125,0.007323783000602442,0.9987484355444305,0.9987484355444305,0.9987484355444305,0.0,0.0,0.16187650709593968,1.41906174645203
GREATS,mnist,4,0.3,0.4,3000,2000,800,689,1489,,0.3658,0.3658,,,,,53.26944504491985,0,797,0.45,0.0,0.5767576098442078,0.5767576098442078,0.9886214733123779,0.007880641276877052,0.9974968710888611,0.9987484355444305,0.9974968710888611,0.0,0.0,0.16140152724338586,1.419299236378307
MaxLoss,mnist,4,0.3,0.5,2500,2500,800,433,1233,0.5289567050058395,0.37939999999999996,0.3794,,,,,44.87388411350548,0,797,0.42375,0.0,0.5616598725318909,0.5616598725318909,0.993674635887146,0.007522280571588288,0.9987484355444305,0.9987484355444305,0.9987484355444305,0.0,0.0,0.16051235127271818,1.4197438243636409
Marginal,mnist,4,0.3,0.5,2500,2500,800,599,1399,0.5952191760297865,0.21209999999999996,0.2121,,,,,45.86267683189362,0,797,0.305,0.0,0.5683737397193909,0.5683737397193909,0.9974465370178223,0.006310082058502695,0.9987484355444305,0.9987484355444305,0.9987484355444305,0.0,0.0,0.1589000017272082,1.420549999136396
PU-R,mnist,4,0.3,0.5,2500,2500,800,642,1442,0.612277188396547,0.3016,0.3016,,,,,92.71962708141655,0,797,0.34875,0.0,0.558647632598877,0.558647632598877,0.99571692943573,0.007504312953304439,0.9987484355444305,0.9987484355444305,0.9987484355444305,0.0,0.0,0.16262322085478031,1.41868838957261
GREATS,mnist,4,0.3,0.5,2500,2500,800,439,1239,,0.38870000000000005,0.3887,,,,,51.60143506806344,0,797,0.43625,0.0,0.5800203084945679,0.5800203084945679,0.9882307052612305,0.007781078442185185,0.9987484355444305,0.9987484355444305,0.9987484355444305,0.0,0.0,0.16132867870620032,1.4193356606468999
MaxLoss,mnist,4,0.3,0.6,2000,3000,800,187,987,0.5331423191237263,0.34709999999999996,0.3471,,,,,44.369267283938825,0,797,0.44,0.0,0.5629463791847229,0.5629463791847229,0.9921380281448364,0.006772477161115937,0.9987484355444305,0.9987484355444305,0.9987484355444305,0.0,0.0,0.15577246081951812,1.4221137695902408
Marginal,mnist,4,0.3,0.6,2000,3000,800,419,1219,0.6483506409567781,0.23260000000000003,0.2326,,,,,45.21570891421288,0,797,0.31875,0.0,0.5690333843231201,0.5690333843231201,0.9968317747116089,0.006286661245525629,0.9974968710888611,0.9987484355444305,0.9974968710888611,0.0,0.0,0.15640089021345338,1.4217995548932734
PU-R,mnist,4,0.3,0.6,2000,3000,800,344,1144,0.6113514918251894,0.22360000000000002,0.2236,,,,,89.8546801712364,0,797,0.35125,0.0,0.5641584396362305,0.5641584396362305,0.9975449442863464,0.00705668555330182,0.9962453066332916,0.9987484355444305,0.9962453066332916,0.0,0.0,0.1606055307880203,1.41969723460599
GREATS,mnist,4,0.3,0.6,2000,3000,800,173,973,,0.35509999999999997,0.3551,,,,,49.612781815230846,0,797,0.43875,0.0,0.5866662263870239,0.5866662263870239,0.9897568821907043,0.007431104163801267,0.9987484355444305,0.9987484355444305,0.9987484355444305,0.0,0.0,0.16028609234351962,1.4198569538282402
MaxLoss,mnist,4,0.3,0.7,1500,3500,800,7,807,0.5831955973990262,0.30700000000000005,0.307,,,,,44.719487415626645,0,797,0.41625,0.0,0.5586731433868408,0.5586731433868408,0.992504894733429,0.006469114864238064,0.9987484355444305,0.9987484355444305,0.9987484355444305,0.0,0.0,0.15482552374057734,1.4225872381297113
Marginal,mnist,4,0.3,0.7,1500,3500,800,197,997,0.7075615006615408,0.22609999999999997,0.2261,,,,,45.450704069808125,0,797,0.3175,0.0,0.5705853700637817,0.5705853700637817,0.9964632987976074,0.006955566241386089,0.9987484355444305,0.9987484355444305,0.9987484355444305,0.0,0.0,0.15854068878193173,1.420729655609034
PU-R,mnist,4,0.3,0.7,1500,3500,800,158,958,0.6823009513318539,0.26949999999999996,0.2695,,,,,89.0654702167958,0,797,0.375,0.0,0.5643291473388672,0.5643291473388672,0.9949887990951538,0.007611659561774608,0.9987484355444305,0.9987484355444305,0.9987484355444305,0.0,0.0,0.16206808969076253,1.4189659551546188
GREATS,mnist,4,0.3,0.7,1500,3500,800,11,811,,0.32920000000000005,0.3292,,,,,48.39218820352107,0,797,0.42375,0.0,0.567801833152771,0.567801833152771,0.9938563108444214,0.006580416215711899,0.9987484355444305,0.9987484355444305,0.9987484355444305,0.0,0.0,0.15625537112656507,1.4218723144367176
MaxLoss,mnist,4,0.3,0.8,1000,4000,546,0,546,0.6003407204407267,0.2843,0.2843,,,,,17.7193145994097,1,543,0.4010989010989011,0.0,0.5700596570968628,0.5700596570968628,0.9930881261825562,0.01003200023076198,0.998165137614679,0.998165137614679,0.998165137614679,0.0,0.0,0.15966309955788213,1.420168450221059
Marginal,mnist,4,0.3,0.8,1000,4000,766,0,766,0.8119745946023613,0.26280000000000003,0.2628,,,,,40.317725628614426,1,763,0.3433420365535248,0.0,0.5780138373374939,0.5780138373374939,0.9969403743743896,0.010020195863215751,0.9973856209150327,0.9986928104575163,0.9973856209150327,0.0,0.0,0.17347351177913503,1.4132632441104325
PU-R,mnist,4,0.3,0.8,1000,4000,703,0,703,0.7527698606718332,0.2499,0.2499,,,,,63.582029255107045,1,700,0.3655761024182077,0.0,0.570368766784668,0.570368766784668,0.992178738117218,0.009424580968889883,0.9985754985754985,0.9985754985754985,0.9985754985754985,0.0,0.0,0.16581772200215855,1.4170911389989207
GREATS,mnist,4,0.3,0.8,1000,4000,547,0,547,,0.28659999999999997,0.2866,,,,,19.751494613476098,1,544,0.4149908592321755,0.0,0.5739153623580933,0.5739153623580933,0.9910414814949036,0.010732452183852702,0.9981684981684982,0.9981684981684982,0.9981684981684982,0.0,0.0,0.16142785798676706,1.4192860710066164
