source,source_dir,condition,condition_fields,dataset,noise_rate,pretrain_fraction,pretrain_training_mode,es_budget,target_method,baseline_method,metric,direction,n_pairs,paired_seeds,target_mean,baseline_mean,diff_mean,diff_se,diff_ci95_low,diff_ci95_high,relative_change_percent,target_win_rate,target_loss_rate,target_tie_rate,target_better_all_pairs,target_better_ci95,baseline_better_ci95
/Users/yi1lan/Desktop/CertifAI/results/PU-R/FashionMNIST/extension_confirmation/pu_r_manifold_graph_ready/results.csv,/Users/yi1lan/Desktop/CertifAI/results/PU-R/FashionMNIST/extension_confirmation/pu_r_manifold_graph_ready,"dataset=manifold_group_noise_fashion_mnist, noise_rate=0.1, pretrain_fraction=0.0, pretrain_training_mode=support, es_budget=100","dataset,noise_rate,pretrain_fraction,pretrain_training_mode,es_budget",manifold_group_noise_fashion_mnist,0.1,0.0,support,100,PU-R-Manifold,PU-R,test_inappropriate_risk,lower,15,10 11 12 13 14 15 16 17 18 19 5 6 7 8 9,0.3708833333333334,0.3816166666666667,-0.01073333333333334,0.009311618020447903,-0.030706753987194094,0.009240087320527413,-2.8125955365331716,0.5333333333333333,0.4666666666666667,0.0,0,0,0
/Users/yi1lan/Desktop/CertifAI/results/PU-R/FashionMNIST/extension_confirmation/pu_r_manifold_graph_ready/results.csv,/Users/yi1lan/Desktop/CertifAI/results/PU-R/FashionMNIST/extension_confirmation/pu_r_manifold_graph_ready,"dataset=manifold_group_noise_fashion_mnist, noise_rate=0.1, pretrain_fraction=0.0, pretrain_training_mode=support, es_budget=100","dataset,noise_rate,pretrain_fraction,pretrain_training_mode,es_budget",manifold_group_noise_fashion_mnist,0.1,0.0,support,100,PU-R-Manifold,PU-R,certified_bound,lower,15,10 11 12 13 14 15 16 17 18 19 5 6 7 8 9,0.3112856587705513,0.32788636260665954,-0.016600703836108247,0.011989528574958167,-0.042318242629393515,0.009116834957177022,-5.062944278662438,0.6666666666666666,0.3333333333333333,0.0,0,0,0
/Users/yi1lan/Desktop/CertifAI/results/PU-R/FashionMNIST/extension_confirmation/pu_r_manifold_graph_ready/results.csv,/Users/yi1lan/Desktop/CertifAI/results/PU-R/FashionMNIST/extension_confirmation/pu_r_manifold_graph_ready,"dataset=manifold_group_noise_fashion_mnist, noise_rate=0.1, pretrain_fraction=0.0, pretrain_training_mode=support, es_budget=100","dataset,noise_rate,pretrain_fraction,pretrain_training_mode,es_budget",manifold_group_noise_fashion_mnist,0.1,0.0,support,100,PU-R-Manifold,PU-R,effective_compression_size,lower,15,10 11 12 13 14 15 16 17 18 19 5 6 7 8 9,1441.3333333333333,1522.8666666666666,-81.53333333333333,58.59496700852522,-207.21953756661992,44.15287089995326,-5.353937748982183,0.6666666666666666,0.3333333333333333,0.0,0,0,0
/Users/yi1lan/Desktop/CertifAI/results/PU-R/FashionMNIST/extension_confirmation/pu_r_manifold_graph_ready/results.csv,/Users/yi1lan/Desktop/CertifAI/results/PU-R/FashionMNIST/extension_confirmation/pu_r_manifold_graph_ready,"dataset=manifold_group_noise_fashion_mnist, noise_rate=0.1, pretrain_fraction=0.0, pretrain_training_mode=support, es_budget=100","dataset,noise_rate,pretrain_fraction,pretrain_training_mode,es_budget",manifold_group_noise_fashion_mnist,0.1,0.0,support,100,PU-R-Manifold,PU-R,noise_hit_rate,lower,15,10 11 12 13 14 15 16 17 18 19 5 6 7 8 9,0.05641025641025642,0.057051282051282064,-0.0006410256410256402,0.004827492803332309,-0.010995997704173442,0.009713946422122161,-1.1235955056179758,0.3333333333333333,0.3333333333333333,0.3333333333333333,0,0,0
/Users/yi1lan/Desktop/CertifAI/results/PU-R/FashionMNIST/extension_confirmation/pu_r_manifold_graph_ready/results.csv,/Users/yi1lan/Desktop/CertifAI/results/PU-R/FashionMNIST/extension_confirmation/pu_r_manifold_graph_ready,"dataset=manifold_group_noise_fashion_mnist, noise_rate=0.1, pretrain_fraction=0.0, pretrain_training_mode=support, es_budget=100","dataset,noise_rate,pretrain_fraction,pretrain_training_mode,es_budget",manifold_group_noise_fashion_mnist,0.1,0.0,support,100,PU-R-Manifold,PU-R,duplicate_hit_rate,lower,15,10 11 12 13 14 15 16 17 18 19 5 6 7 8 9,0.4782051282051282,0.47371794871794876,0.004487179487179475,0.012793010794945289,-0.022953828667978172,0.031928187642337125,0.9472259810554776,0.3333333333333333,0.6,0.06666666666666667,0,0,0
/Users/yi1lan/Desktop/CertifAI/results/PU-R/FashionMNIST/extension_confirmation/pu_r_manifold_graph_ready/results.csv,/Users/yi1lan/Desktop/CertifAI/results/PU-R/FashionMNIST/extension_confirmation/pu_r_manifold_graph_ready,"dataset=manifold_group_noise_fashion_mnist, noise_rate=0.1, pretrain_fraction=0.0, pretrain_training_mode=support, es_budget=100","dataset,noise_rate,pretrain_fraction,pretrain_training_mode,es_budget",manifold_group_noise_fashion_mnist,0.1,0.0,support,100,PU-R-Manifold,PU-R,group_revisit_rate,lower,15,10 11 12 13 14 15 16 17 18 19 5 6 7 8 9,0.21089743589743593,0.22435897435897434,-0.013461538461538452,0.012263542608787814,-0.03976683735738831,0.012843760434311409,-5.9999999999999964,0.5333333333333333,0.26666666666666666,0.2,0,0,0
/Users/yi1lan/Desktop/CertifAI/results/PU-R/FashionMNIST/extension_confirmation/pu_r_manifold_graph_ready/results.csv,/Users/yi1lan/Desktop/CertifAI/results/PU-R/FashionMNIST/extension_confirmation/pu_r_manifold_graph_ready,"dataset=manifold_group_noise_fashion_mnist, noise_rate=0.1, pretrain_fraction=0.0, pretrain_training_mode=support, es_budget=100","dataset,noise_rate,pretrain_fraction,pretrain_training_mode,es_budget",manifold_group_noise_fashion_mnist,0.1,0.0,support,100,PU-R-Manifold,PU-R,unique_group_fraction,higher,15,10 11 12 13 14 15 16 17 18 19 5 6 7 8 9,0.7891025641025641,0.7756410256410255,0.01346153846153848,0.012263542608787814,-0.012843760434311381,0.03976683735738834,1.7355371900826473,0.5333333333333333,0.26666666666666666,0.2,0,0,0
/Users/yi1lan/Desktop/CertifAI/results/PU-R/FashionMNIST/extension_confirmation/pu_r_manifold_graph_ready/results.csv,/Users/yi1lan/Desktop/CertifAI/results/PU-R/FashionMNIST/extension_confirmation/pu_r_manifold_graph_ready,"dataset=manifold_group_noise_fashion_mnist, noise_rate=0.1, pretrain_fraction=0.0, pretrain_training_mode=support, es_budget=100","dataset,noise_rate,pretrain_fraction,pretrain_training_mode,es_budget",manifold_group_noise_fashion_mnist,0.1,0.0,support,100,PU-R-Manifold,PU-R,mode_entropy,higher,15,10 11 12 13 14 15 16 17 18 19 5 6 7 8 9,0.9742460911780438,0.9742643997981717,-1.8308620127949203e-05,0.0018511662610537299,-0.003989060250088199,0.003952443009832302,-0.0018792249959807637,0.3333333333333333,0.6666666666666666,0.0,0,0,0
/Users/yi1lan/Desktop/CertifAI/results/PU-R/FashionMNIST/extension_confirmation/pu_r_manifold_graph_ready/results.csv,/Users/yi1lan/Desktop/CertifAI/results/PU-R/FashionMNIST/extension_confirmation/pu_r_manifold_graph_ready,"dataset=manifold_group_noise_fashion_mnist, noise_rate=0.1, pretrain_fraction=0.0, pretrain_training_mode=support, es_budget=100","dataset,noise_rate,pretrain_fraction,pretrain_training_mode,es_budget",manifold_group_noise_fashion_mnist,0.1,0.0,support,100,PU-R-Manifold,PU-R,spectral_entropy,higher,15,10 11 12 13 14 15 16 17 18 19 5 6 7 8 9,0.22453864540590984,0.22322094263208442,0.0013177027738254317,0.0011795256055064179,-0.0012123796499858347,0.003847785197636698,0.5903132377669806,0.4666666666666667,0.5333333333333333,0.0,0,0,0
/Users/yi1lan/Desktop/CertifAI/results/PU-R/FashionMNIST/extension_confirmation/pu_r_manifold_graph_ready/results.csv,/Users/yi1lan/Desktop/CertifAI/results/PU-R/FashionMNIST/extension_confirmation/pu_r_manifold_graph_ready,"dataset=manifold_group_noise_fashion_mnist, noise_rate=0.1, pretrain_fraction=0.0, pretrain_training_mode=support, es_budget=100","dataset,noise_rate,pretrain_fraction,pretrain_training_mode,es_budget",manifold_group_noise_fashion_mnist,0.1,0.0,support,100,PU-R-Manifold,PU-R,runtime_sec,lower,15,10 11 12 13 14 15 16 17 18 19 5 6 7 8 9,2.601027441583574,2.118905131332576,0.48212231025099755,0.0226218077724878,0.4335985325790112,0.5306460879229838,22.753369328422533,0.0,1.0,0.0,0,0,1
/Users/yi1lan/Desktop/CertifAI/results/PU-R/FashionMNIST/extension_confirmation/pu_r_manifold_graph_ready/results.csv,/Users/yi1lan/Desktop/CertifAI/results/PU-R/FashionMNIST/extension_confirmation/pu_r_manifold_graph_ready,"dataset=manifold_group_noise_fashion_mnist, noise_rate=0.1, pretrain_fraction=0.0, pretrain_training_mode=support, es_budget=100","dataset,noise_rate,pretrain_fraction,pretrain_training_mode,es_budget",manifold_group_noise_fashion_mnist,0.1,0.0,support,100,PU-R-Manifold,MaxLoss,test_inappropriate_risk,lower,15,10 11 12 13 14 15 16 17 18 19 5 6 7 8 9,0.3708833333333334,0.40718333333333334,-0.036300000000000006,0.005069998121536232,-0.04717514597069522,-0.02542485402930479,-8.91490319675822,1.0,0.0,0.0,1,1,0
/Users/yi1lan/Desktop/CertifAI/results/PU-R/FashionMNIST/extension_confirmation/pu_r_manifold_graph_ready/results.csv,/Users/yi1lan/Desktop/CertifAI/results/PU-R/FashionMNIST/extension_confirmation/pu_r_manifold_graph_ready,"dataset=manifold_group_noise_fashion_mnist, noise_rate=0.1, pretrain_fraction=0.0, pretrain_training_mode=support, es_budget=100","dataset,noise_rate,pretrain_fraction,pretrain_training_mode,es_budget",manifold_group_noise_fashion_mnist,0.1,0.0,support,100,PU-R-Manifold,MaxLoss,certified_bound,lower,15,10 11 12 13 14 15 16 17 18 19 5 6 7 8 9,0.3112856587705513,0.3491342352780824,-0.03784857650753111,0.010794837123151069,-0.06100350213669015,-0.014693650878372065,-10.840694690792796,0.8,0.2,0.0,0,1,0
/Users/yi1lan/Desktop/CertifAI/results/PU-R/FashionMNIST/extension_confirmation/pu_r_manifold_graph_ready/results.csv,/Users/yi1lan/Desktop/CertifAI/results/PU-R/FashionMNIST/extension_confirmation/pu_r_manifold_graph_ready,"dataset=manifold_group_noise_fashion_mnist, noise_rate=0.1, pretrain_fraction=0.0, pretrain_training_mode=support, es_budget=100","dataset,noise_rate,pretrain_fraction,pretrain_training_mode,es_budget",manifold_group_noise_fashion_mnist,0.1,0.0,support,100,PU-R-Manifold,MaxLoss,effective_compression_size,lower,15,10 11 12 13 14 15 16 17 18 19 5 6 7 8 9,1441.3333333333333,1626.4666666666667,-185.13333333333333,52.787251948306306,-298.3619887624503,-71.9046779042163,-11.38254703447145,0.8,0.2,0.0,0,1,0
/Users/yi1lan/Desktop/CertifAI/results/PU-R/FashionMNIST/extension_confirmation/pu_r_manifold_graph_ready/results.csv,/Users/yi1lan/Desktop/CertifAI/results/PU-R/FashionMNIST/extension_confirmation/pu_r_manifold_graph_ready,"dataset=manifold_group_noise_fashion_mnist, noise_rate=0.1, pretrain_fraction=0.0, pretrain_training_mode=support, es_budget=100","dataset,noise_rate,pretrain_fraction,pretrain_training_mode,es_budget",manifold_group_noise_fashion_mnist,0.1,0.0,support,100,PU-R-Manifold,MaxLoss,noise_hit_rate,lower,15,10 11 12 13 14 15 16 17 18 19 5 6 7 8 9,0.05641025641025642,0.0782051282051282,-0.021794871794871794,0.007932750120039456,-0.03881062080235643,-0.004779122787387159,-27.86885245901639,0.7333333333333333,0.2,0.06666666666666667,0,1,0
/Users/yi1lan/Desktop/CertifAI/results/PU-R/FashionMNIST/extension_confirmation/pu_r_manifold_graph_ready/results.csv,/Users/yi1lan/Desktop/CertifAI/results/PU-R/FashionMNIST/extension_confirmation/pu_r_manifold_graph_ready,"dataset=manifold_group_noise_fashion_mnist, noise_rate=0.1, pretrain_fraction=0.0, pretrain_training_mode=support, es_budget=100","dataset,noise_rate,pretrain_fraction,pretrain_training_mode,es_budget",manifold_group_noise_fashion_mnist,0.1,0.0,support,100,PU-R-Manifold,MaxLoss,duplicate_hit_rate,lower,15,10 11 12 13 14 15 16 17 18 19 5 6 7 8 9,0.4782051282051282,0.4467948717948718,0.031410256410256396,0.01751671369744724,-0.0061630944707679325,0.06898360729128072,7.0301291248206565,0.13333333333333333,0.8,0.06666666666666667,0,0,0
/Users/yi1lan/Desktop/CertifAI/results/PU-R/FashionMNIST/extension_confirmation/pu_r_manifold_graph_ready/results.csv,/Users/yi1lan/Desktop/CertifAI/results/PU-R/FashionMNIST/extension_confirmation/pu_r_manifold_graph_ready,"dataset=manifold_group_noise_fashion_mnist, noise_rate=0.1, pretrain_fraction=0.0, pretrain_training_mode=support, es_budget=100","dataset,noise_rate,pretrain_fraction,pretrain_training_mode,es_budget",manifold_group_noise_fashion_mnist,0.1,0.0,support,100,PU-R-Manifold,MaxLoss,group_revisit_rate,lower,15,10 11 12 13 14 15 16 17 18 19 5 6 7 8 9,0.21089743589743593,0.21602564102564104,-0.005128205128205128,0.0174259964347028,-0.042506967480642636,0.032250557224232375,-2.373887240356083,0.4,0.4666666666666667,0.13333333333333333,0,0,0
/Users/yi1lan/Desktop/CertifAI/results/PU-R/FashionMNIST/extension_confirmation/pu_r_manifold_graph_ready/results.csv,/Users/yi1lan/Desktop/CertifAI/results/PU-R/FashionMNIST/extension_confirmation/pu_r_manifold_graph_ready,"dataset=manifold_group_noise_fashion_mnist, noise_rate=0.1, pretrain_fraction=0.0, pretrain_training_mode=support, es_budget=100","dataset,noise_rate,pretrain_fraction,pretrain_training_mode,es_budget",manifold_group_noise_fashion_mnist,0.1,0.0,support,100,PU-R-Manifold,MaxLoss,unique_group_fraction,higher,15,10 11 12 13 14 15 16 17 18 19 5 6 7 8 9,0.7891025641025641,0.783974358974359,0.0051282051282051325,0.0174259964347028,-0.032250557224232375,0.042506967480642636,0.6541291905151273,0.4,0.4666666666666667,0.13333333333333333,0,0,0
/Users/yi1lan/Desktop/CertifAI/results/PU-R/FashionMNIST/extension_confirmation/pu_r_manifold_graph_ready/results.csv,/Users/yi1lan/Desktop/CertifAI/results/PU-R/FashionMNIST/extension_confirmation/pu_r_manifold_graph_ready,"dataset=manifold_group_noise_fashion_mnist, noise_rate=0.1, pretrain_fraction=0.0, pretrain_training_mode=support, es_budget=100","dataset,noise_rate,pretrain_fraction,pretrain_training_mode,es_budget",manifold_group_noise_fashion_mnist,0.1,0.0,support,100,PU-R-Manifold,MaxLoss,mode_entropy,higher,15,10 11 12 13 14 15 16 17 18 19 5 6 7 8 9,0.9742460911780438,0.9716573165287309,0.0025887746493128195,0.002474643816072579,-0.002719336336162863,0.007896885634788502,0.2664287712628233,0.6,0.4,0.0,0,0,0
/Users/yi1lan/Desktop/CertifAI/results/PU-R/FashionMNIST/extension_confirmation/pu_r_manifold_graph_ready/results.csv,/Users/yi1lan/Desktop/CertifAI/results/PU-R/FashionMNIST/extension_confirmation/pu_r_manifold_graph_ready,"dataset=manifold_group_noise_fashion_mnist, noise_rate=0.1, pretrain_fraction=0.0, pretrain_training_mode=support, es_budget=100","dataset,noise_rate,pretrain_fraction,pretrain_training_mode,es_budget",manifold_group_noise_fashion_mnist,0.1,0.0,support,100,PU-R-Manifold,MaxLoss,spectral_entropy,higher,15,10 11 12 13 14 15 16 17 18 19 5 6 7 8 9,0.22453864540590984,0.23307434038940728,-0.008535694983497438,0.002442807925317468,-0.013775517983303407,-0.003295871983691469,-3.662219946321198,0.2,0.8,0.0,0,0,1
/Users/yi1lan/Desktop/CertifAI/results/PU-R/FashionMNIST/extension_confirmation/pu_r_manifold_graph_ready/results.csv,/Users/yi1lan/Desktop/CertifAI/results/PU-R/FashionMNIST/extension_confirmation/pu_r_manifold_graph_ready,"dataset=manifold_group_noise_fashion_mnist, noise_rate=0.1, pretrain_fraction=0.0, pretrain_training_mode=support, es_budget=100","dataset,noise_rate,pretrain_fraction,pretrain_training_mode,es_budget",manifold_group_noise_fashion_mnist,0.1,0.0,support,100,PU-R-Manifold,MaxLoss,runtime_sec,lower,15,10 11 12 13 14 15 16 17 18 19 5 6 7 8 9,2.601027441583574,1.2788864973311622,1.3221409442524115,0.19028751046930084,0.9139742342957611,1.7303076542090619,103.38219591899004,0.06666666666666667,0.9333333333333333,0.0,0,0,1
/Users/yi1lan/Desktop/CertifAI/results/PU-R/FashionMNIST/extension_confirmation/pu_r_manifold_graph_ready/results.csv,/Users/yi1lan/Desktop/CertifAI/results/PU-R/FashionMNIST/extension_confirmation/pu_r_manifold_graph_ready,"dataset=manifold_group_noise_fashion_mnist, noise_rate=0.1, pretrain_fraction=0.0, pretrain_training_mode=support, es_budget=100","dataset,noise_rate,pretrain_fraction,pretrain_training_mode,es_budget",manifold_group_noise_fashion_mnist,0.1,0.0,support,100,PU-R-Manifold,GREATS,test_inappropriate_risk,lower,15,10 11 12 13 14 15 16 17 18 19 5 6 7 8 9,0.3708833333333334,0.4024833333333333,-0.031599999999999996,0.006572933316332394,-0.04569894196353298,-0.01750105803646701,-7.851256780819082,0.8666666666666667,0.13333333333333333,0.0,0,1,0
/Users/yi1lan/Desktop/CertifAI/results/PU-R/FashionMNIST/extension_confirmation/pu_r_manifold_graph_ready/results.csv,/Users/yi1lan/Desktop/CertifAI/results/PU-R/FashionMNIST/extension_confirmation/pu_r_manifold_graph_ready,"dataset=manifold_group_noise_fashion_mnist, noise_rate=0.1, pretrain_fraction=0.0, pretrain_training_mode=support, es_budget=100","dataset,noise_rate,pretrain_fraction,pretrain_training_mode,es_budget",manifold_group_noise_fashion_mnist,0.1,0.0,support,100,PU-R-Manifold,GREATS,effective_compression_size,lower,15,10 11 12 13 14 15 16 17 18 19 5 6 7 8 9,1441.3333333333333,1445.6666666666667,-4.333333333333333,34.5022658561195,-78.34069359470966,69.674026928043,-0.29974636845745906,0.4666666666666667,0.4666666666666667,0.06666666666666667,0,0,0
/Users/yi1lan/Desktop/CertifAI/results/PU-R/FashionMNIST/extension_confirmation/pu_r_manifold_graph_ready/results.csv,/Users/yi1lan/Desktop/CertifAI/results/PU-R/FashionMNIST/extension_confirmation/pu_r_manifold_graph_ready,"dataset=manifold_group_noise_fashion_mnist, noise_rate=0.1, pretrain_fraction=0.0, pretrain_training_mode=support, es_budget=100","dataset,noise_rate,pretrain_fraction,pretrain_training_mode,es_budget",manifold_group_noise_fashion_mnist,0.1,0.0,support,100,PU-R-Manifold,GREATS,noise_hit_rate,lower,15,10 11 12 13 14 15 16 17 18 19 5 6 7 8 9,0.05641025641025642,0.07628205128205127,-0.019871794871794867,0.004545668002194453,-0.02962225273650197,-0.010121337007087765,-26.050420168067223,0.8,0.0,0.2,0,1,0
/Users/yi1lan/Desktop/CertifAI/results/PU-R/FashionMNIST/extension_confirmation/pu_r_manifold_graph_ready/results.csv,/Users/yi1lan/Desktop/CertifAI/results/PU-R/FashionMNIST/extension_confirmation/pu_r_manifold_graph_ready,"dataset=manifold_group_noise_fashion_mnist, noise_rate=0.1, pretrain_fraction=0.0, pretrain_training_mode=support, es_budget=100","dataset,noise_rate,pretrain_fraction,pretrain_training_mode,es_budget",manifold_group_noise_fashion_mnist,0.1,0.0,support,100,PU-R-Manifold,GREATS,duplicate_hit_rate,lower,15,10 11 12 13 14 15 16 17 18 19 5 6 7 8 9,0.4782051282051282,0.5179487179487179,-0.039743589743589734,0.012619765313434669,-0.0668129863409071,-0.01267419314627237,-7.673267326732673,0.6666666666666666,0.26666666666666666,0.06666666666666667,0,1,0
/Users/yi1lan/Desktop/CertifAI/results/PU-R/FashionMNIST/extension_confirmation/pu_r_manifold_graph_ready/results.csv,/Users/yi1lan/Desktop/CertifAI/results/PU-R/FashionMNIST/extension_confirmation/pu_r_manifold_graph_ready,"dataset=manifold_group_noise_fashion_mnist, noise_rate=0.1, pretrain_fraction=0.0, pretrain_training_mode=support, es_budget=100","dataset,noise_rate,pretrain_fraction,pretrain_training_mode,es_budget",manifold_group_noise_fashion_mnist,0.1,0.0,support,100,PU-R-Manifold,GREATS,group_revisit_rate,lower,15,10 11 12 13 14 15 16 17 18 19 5 6 7 8 9,0.21089743589743593,0.22499999999999998,-0.014102564102564101,0.013365258342179828,-0.04277104324653983,0.01456591504141163,-6.267806267806268,0.5333333333333333,0.4666666666666667,0.0,0,0,0
/Users/yi1lan/Desktop/CertifAI/results/PU-R/FashionMNIST/extension_confirmation/pu_r_manifold_graph_ready/results.csv,/Users/yi1lan/Desktop/CertifAI/results/PU-R/FashionMNIST/extension_confirmation/pu_r_manifold_graph_ready,"dataset=manifold_group_noise_fashion_mnist, noise_rate=0.1, pretrain_fraction=0.0, pretrain_training_mode=support, es_budget=100","dataset,noise_rate,pretrain_fraction,pretrain_training_mode,es_budget",manifold_group_noise_fashion_mnist,0.1,0.0,support,100,PU-R-Manifold,GREATS,unique_group_fraction,higher,15,10 11 12 13 14 15 16 17 18 19 5 6 7 8 9,0.7891025641025641,0.7750000000000001,0.014102564102564111,0.01336525834217983,-0.014565915041411623,0.042771043246539846,1.8196856906534336,0.5333333333333333,0.4666666666666667,0.0,0,0,0
/Users/yi1lan/Desktop/CertifAI/results/PU-R/FashionMNIST/extension_confirmation/pu_r_manifold_graph_ready/results.csv,/Users/yi1lan/Desktop/CertifAI/results/PU-R/FashionMNIST/extension_confirmation/pu_r_manifold_graph_ready,"dataset=manifold_group_noise_fashion_mnist, noise_rate=0.1, pretrain_fraction=0.0, pretrain_training_mode=support, es_budget=100","dataset,noise_rate,pretrain_fraction,pretrain_training_mode,es_budget",manifold_group_noise_fashion_mnist,0.1,0.0,support,100,PU-R-Manifold,GREATS,mode_entropy,higher,15,10 11 12 13 14 15 16 17 18 19 5 6 7 8 9,0.9742460911780438,0.9751386253800397,-0.0008925342019960351,0.001866041563629785,-0.004895193355981924,0.003110124951989854,-0.09152895585980801,0.4666666666666667,0.5333333333333333,0.0,0,0,0
/Users/yi1lan/Desktop/CertifAI/results/PU-R/FashionMNIST/extension_confirmation/pu_r_manifold_graph_ready/results.csv,/Users/yi1lan/Desktop/CertifAI/results/PU-R/FashionMNIST/extension_confirmation/pu_r_manifold_graph_ready,"dataset=manifold_group_noise_fashion_mnist, noise_rate=0.1, pretrain_fraction=0.0, pretrain_training_mode=support, es_budget=100","dataset,noise_rate,pretrain_fraction,pretrain_training_mode,es_budget",manifold_group_noise_fashion_mnist,0.1,0.0,support,100,PU-R-Manifold,GREATS,spectral_entropy,higher,15,10 11 12 13 14 15 16 17 18 19 5 6 7 8 9,0.22453864540590984,0.22533529547932926,-0.0007966500734194026,0.0010947132330339363,-0.0031448099582771956,0.0015515098114383906,-0.3535398534547296,0.3333333333333333,0.6666666666666666,0.0,0,0,0
/Users/yi1lan/Desktop/CertifAI/results/PU-R/FashionMNIST/extension_confirmation/pu_r_manifold_graph_ready/results.csv,/Users/yi1lan/Desktop/CertifAI/results/PU-R/FashionMNIST/extension_confirmation/pu_r_manifold_graph_ready,"dataset=manifold_group_noise_fashion_mnist, noise_rate=0.1, pretrain_fraction=0.0, pretrain_training_mode=support, es_budget=100","dataset,noise_rate,pretrain_fraction,pretrain_training_mode,es_budget",manifold_group_noise_fashion_mnist,0.1,0.0,support,100,PU-R-Manifold,GREATS,runtime_sec,lower,15,10 11 12 13 14 15 16 17 18 19 5 6 7 8 9,2.601027441583574,2.098521080877011,0.5025063607065628,0.018703215774943376,0.4623879628693093,0.5426247585438164,23.945738038359664,0.0,1.0,0.0,0,0,1
/Users/yi1lan/Desktop/CertifAI/results/PU-R/FashionMNIST/extension_confirmation/pu_r_manifold_graph_ready/results.csv,/Users/yi1lan/Desktop/CertifAI/results/PU-R/FashionMNIST/extension_confirmation/pu_r_manifold_graph_ready,"dataset=manifold_group_noise_fashion_mnist, noise_rate=0.1, pretrain_fraction=0.0, pretrain_training_mode=support, es_budget=200","dataset,noise_rate,pretrain_fraction,pretrain_training_mode,es_budget",manifold_group_noise_fashion_mnist,0.1,0.0,support,200,PU-R-Manifold,PU-R,test_inappropriate_risk,lower,15,10 11 12 13 14 15 16 17 18 19 5 6 7 8 9,0.3278,0.33408333333333334,-0.006283333333333337,0.0068661031900105465,-0.02101112467590596,0.008444458009239285,-1.8807682713893752,0.6,0.4,0.0,0,0,0
/Users/yi1lan/Desktop/CertifAI/results/PU-R/FashionMNIST/extension_confirmation/pu_r_manifold_graph_ready/results.csv,/Users/yi1lan/Desktop/CertifAI/results/PU-R/FashionMNIST/extension_confirmation/pu_r_manifold_graph_ready,"dataset=manifold_group_noise_fashion_mnist, noise_rate=0.1, pretrain_fraction=0.0, pretrain_training_mode=support, es_budget=200","dataset,noise_rate,pretrain_fraction,pretrain_training_mode,es_budget",manifold_group_noise_fashion_mnist,0.1,0.0,support,200,PU-R-Manifold,PU-R,certified_bound,lower,15,10 11 12 13 14 15 16 17 18 19 5 6 7 8 9,0.2464994710792477,0.22987051679907988,0.016628954280167817,0.012436904124339917,-0.010048205066541305,0.04330611362687694,7.234052679623322,0.4,0.6,0.0,0,0,0
/Users/yi1lan/Desktop/CertifAI/results/PU-R/FashionMNIST/extension_confirmation/pu_r_manifold_graph_ready/results.csv,/Users/yi1lan/Desktop/CertifAI/results/PU-R/FashionMNIST/extension_confirmation/pu_r_manifold_graph_ready,"dataset=manifold_group_noise_fashion_mnist, noise_rate=0.1, pretrain_fraction=0.0, pretrain_training_mode=support, es_budget=200","dataset,noise_rate,pretrain_fraction,pretrain_training_mode,es_budget",manifold_group_noise_fashion_mnist,0.1,0.0,support,200,PU-R-Manifold,PU-R,effective_compression_size,lower,15,10 11 12 13 14 15 16 17 18 19 5 6 7 8 9,1127.2666666666667,1047.0,80.26666666666667,59.9361141364518,-48.296298156022445,208.8296314893558,7.666348296720789,0.4,0.6,0.0,0,0,0
/Users/yi1lan/Desktop/CertifAI/results/PU-R/FashionMNIST/extension_confirmation/pu_r_manifold_graph_ready/results.csv,/Users/yi1lan/Desktop/CertifAI/results/PU-R/FashionMNIST/extension_confirmation/pu_r_manifold_graph_ready,"dataset=manifold_group_noise_fashion_mnist, noise_rate=0.1, pretrain_fraction=0.0, pretrain_training_mode=support, es_budget=200","dataset,noise_rate,pretrain_fraction,pretrain_training_mode,es_budget",manifold_group_noise_fashion_mnist,0.1,0.0,support,200,PU-R-Manifold,PU-R,noise_hit_rate,lower,15,10 11 12 13 14 15 16 17 18 19 5 6 7 8 9,0.05294117647058825,0.05522875816993464,-0.002287581699346406,0.002982385855029774,-0.008684799358385271,0.0041096359596924596,-4.142011834319528,0.5333333333333333,0.3333333333333333,0.13333333333333333,0,0,0
/Users/yi1lan/Desktop/CertifAI/results/PU-R/FashionMNIST/extension_confirmation/pu_r_manifold_graph_ready/results.csv,/Users/yi1lan/Desktop/CertifAI/results/PU-R/FashionMNIST/extension_confirmation/pu_r_manifold_graph_ready,"dataset=manifold_group_noise_fashion_mnist, noise_rate=0.1, pretrain_fraction=0.0, pretrain_training_mode=support, es_budget=200","dataset,noise_rate,pretrain_fraction,pretrain_training_mode,es_budget",manifold_group_noise_fashion_mnist,0.1,0.0,support,200,PU-R-Manifold,PU-R,duplicate_hit_rate,lower,15,10 11 12 13 14 15 16 17 18 19 5 6 7 8 9,0.44803921568627464,0.4513071895424838,-0.00326797385620915,0.010312072140410378,-0.02538736859738941,0.01885142088497111,-0.7241129616220128,0.5333333333333333,0.4,0.06666666666666667,0,0,0
/Users/yi1lan/Desktop/CertifAI/results/PU-R/FashionMNIST/extension_confirmation/pu_r_manifold_graph_ready/results.csv,/Users/yi1lan/Desktop/CertifAI/results/PU-R/FashionMNIST/extension_confirmation/pu_r_manifold_graph_ready,"dataset=manifold_group_noise_fashion_mnist, noise_rate=0.1, pretrain_fraction=0.0, pretrain_training_mode=support, es_budget=200","dataset,noise_rate,pretrain_fraction,pretrain_training_mode,es_budget",manifold_group_noise_fashion_mnist,0.1,0.0,support,200,PU-R-Manifold,PU-R,group_revisit_rate,lower,15,10 11 12 13 14 15 16 17 18 19 5 6 7 8 9,0.2656862745098039,0.2699346405228758,-0.0042483660130718985,0.009372714402759087,-0.02435283840699014,0.015856106380846346,-1.573849878934626,0.6,0.4,0.0,0,0,0
/Users/yi1lan/Desktop/CertifAI/results/PU-R/FashionMNIST/extension_confirmation/pu_r_manifold_graph_ready/results.csv,/Users/yi1lan/Desktop/CertifAI/results/PU-R/FashionMNIST/extension_confirmation/pu_r_manifold_graph_ready,"dataset=manifold_group_noise_fashion_mnist, noise_rate=0.1, pretrain_fraction=0.0, pretrain_training_mode=support, es_budget=200","dataset,noise_rate,pretrain_fraction,pretrain_training_mode,es_budget",manifold_group_noise_fashion_mnist,0.1,0.0,support,200,PU-R-Manifold,PU-R,unique_group_fraction,higher,15,10 11 12 13 14 15 16 17 18 19 5 6 7 8 9,0.734313725490196,0.730065359477124,0.004248366013071888,0.009372714402759087,-0.015856106380846356,0.02435283840699013,0.5819158460161137,0.6,0.4,0.0,0,0,0
/Users/yi1lan/Desktop/CertifAI/results/PU-R/FashionMNIST/extension_confirmation/pu_r_manifold_graph_ready/results.csv,/Users/yi1lan/Desktop/CertifAI/results/PU-R/FashionMNIST/extension_confirmation/pu_r_manifold_graph_ready,"dataset=manifold_group_noise_fashion_mnist, noise_rate=0.1, pretrain_fraction=0.0, pretrain_training_mode=support, es_budget=200","dataset,noise_rate,pretrain_fraction,pretrain_training_mode,es_budget",manifold_group_noise_fashion_mnist,0.1,0.0,support,200,PU-R-Manifold,PU-R,mode_entropy,higher,15,10 11 12 13 14 15 16 17 18 19 5 6 7 8 9,0.9667171322276533,0.965464250963644,0.0012528812640095162,0.0014957067314011203,-0.0019554096748458866,0.0044611722028649195,0.12976982449210286,0.6,0.4,0.0,0,0,0
/Users/yi1lan/Desktop/CertifAI/results/PU-R/FashionMNIST/extension_confirmation/pu_r_manifold_graph_ready/results.csv,/Users/yi1lan/Desktop/CertifAI/results/PU-R/FashionMNIST/extension_confirmation/pu_r_manifold_graph_ready,"dataset=manifold_group_noise_fashion_mnist, noise_rate=0.1, pretrain_fraction=0.0, pretrain_training_mode=support, es_budget=200","dataset,noise_rate,pretrain_fraction,pretrain_training_mode,es_budget",manifold_group_noise_fashion_mnist,0.1,0.0,support,200,PU-R-Manifold,PU-R,spectral_entropy,higher,15,10 11 12 13 14 15 16 17 18 19 5 6 7 8 9,0.19121078430768013,0.1906982736362102,0.0005125106714699956,0.0006598371203684827,-0.0009028399517203999,0.001927861294660391,0.2687547515231826,0.6666666666666666,0.3333333333333333,0.0,0,0,0
/Users/yi1lan/Desktop/CertifAI/results/PU-R/FashionMNIST/extension_confirmation/pu_r_manifold_graph_ready/results.csv,/Users/yi1lan/Desktop/CertifAI/results/PU-R/FashionMNIST/extension_confirmation/pu_r_manifold_graph_ready,"dataset=manifold_group_noise_fashion_mnist, noise_rate=0.1, pretrain_fraction=0.0, pretrain_training_mode=support, es_budget=200","dataset,noise_rate,pretrain_fraction,pretrain_training_mode,es_budget",manifold_group_noise_fashion_mnist,0.1,0.0,support,200,PU-R-Manifold,PU-R,runtime_sec,lower,15,10 11 12 13 14 15 16 17 18 19 5 6 7 8 9,6.989856733187723,5.631835128335903,1.3580216048518197,0.062007880872228666,1.225014700380889,1.4910285093227502,24.113305412992236,0.0,1.0,0.0,0,0,1
/Users/yi1lan/Desktop/CertifAI/results/PU-R/FashionMNIST/extension_confirmation/pu_r_manifold_graph_ready/results.csv,/Users/yi1lan/Desktop/CertifAI/results/PU-R/FashionMNIST/extension_confirmation/pu_r_manifold_graph_ready,"dataset=manifold_group_noise_fashion_mnist, noise_rate=0.1, pretrain_fraction=0.0, pretrain_training_mode=support, es_budget=200","dataset,noise_rate,pretrain_fraction,pretrain_training_mode,es_budget",manifold_group_noise_fashion_mnist,0.1,0.0,support,200,PU-R-Manifold,MaxLoss,test_inappropriate_risk,lower,15,10 11 12 13 14 15 16 17 18 19 5 6 7 8 9,0.3278,0.3530833333333333,-0.025283333333333335,0.005524128172254154,-0.0371325882628185,-0.013434078403848174,-7.160726929431202,0.8,0.2,0.0,0,1,0
/Users/yi1lan/Desktop/CertifAI/results/PU-R/FashionMNIST/extension_confirmation/pu_r_manifold_graph_ready/results.csv,/Users/yi1lan/Desktop/CertifAI/results/PU-R/FashionMNIST/extension_confirmation/pu_r_manifold_graph_ready,"dataset=manifold_group_noise_fashion_mnist, noise_rate=0.1, pretrain_fraction=0.0, pretrain_training_mode=support, es_budget=200","dataset,noise_rate,pretrain_fraction,pretrain_training_mode,es_budget",manifold_group_noise_fashion_mnist,0.1,0.0,support,200,PU-R-Manifold,MaxLoss,certified_bound,lower,15,10 11 12 13 14 15 16 17 18 19 5 6 7 8 9,0.2464994710792477,0.23301606179835896,0.013483409280888736,0.013688662328743205,-0.01587877141426544,0.04284558997604291,5.786472046959853,0.26666666666666666,0.7333333333333333,0.0,0,0,0
/Users/yi1lan/Desktop/CertifAI/results/PU-R/FashionMNIST/extension_confirmation/pu_r_manifold_graph_ready/results.csv,/Users/yi1lan/Desktop/CertifAI/results/PU-R/FashionMNIST/extension_confirmation/pu_r_manifold_graph_ready,"dataset=manifold_group_noise_fashion_mnist, noise_rate=0.1, pretrain_fraction=0.0, pretrain_training_mode=support, es_budget=200","dataset,noise_rate,pretrain_fraction,pretrain_training_mode,es_budget",manifold_group_noise_fashion_mnist,0.1,0.0,support,200,PU-R-Manifold,MaxLoss,effective_compression_size,lower,15,10 11 12 13 14 15 16 17 18 19 5 6 7 8 9,1127.2666666666667,1062.4666666666667,64.8,66.15344356296272,-77.09913644255504,206.69913644255502,6.099014871054778,0.26666666666666666,0.7333333333333333,0.0,0,0,0
/Users/yi1lan/Desktop/CertifAI/results/PU-R/FashionMNIST/extension_confirmation/pu_r_manifold_graph_ready/results.csv,/Users/yi1lan/Desktop/CertifAI/results/PU-R/FashionMNIST/extension_confirmation/pu_r_manifold_graph_ready,"dataset=manifold_group_noise_fashion_mnist, noise_rate=0.1, pretrain_fraction=0.0, pretrain_training_mode=support, es_budget=200","dataset,noise_rate,pretrain_fraction,pretrain_training_mode,es_budget",manifold_group_noise_fashion_mnist,0.1,0.0,support,200,PU-R-Manifold,MaxLoss,noise_hit_rate,lower,15,10 11 12 13 14 15 16 17 18 19 5 6 7 8 9,0.05294117647058825,0.07745098039215685,-0.024509803921568627,0.005897894191355278,-0.037160786962025696,-0.011858820881111556,-31.64556962025317,0.8666666666666667,0.06666666666666667,0.06666666666666667,0,1,0
/Users/yi1lan/Desktop/CertifAI/results/PU-R/FashionMNIST/extension_confirmation/pu_r_manifold_graph_ready/results.csv,/Users/yi1lan/Desktop/CertifAI/results/PU-R/FashionMNIST/extension_confirmation/pu_r_manifold_graph_ready,"dataset=manifold_group_noise_fashion_mnist, noise_rate=0.1, pretrain_fraction=0.0, pretrain_training_mode=support, es_budget=200","dataset,noise_rate,pretrain_fraction,pretrain_training_mode,es_budget",manifold_group_noise_fashion_mnist,0.1,0.0,support,200,PU-R-Manifold,MaxLoss,duplicate_hit_rate,lower,15,10 11 12 13 14 15 16 17 18 19 5 6 7 8 9,0.44803921568627464,0.4457516339869281,0.0022875816993464084,0.01430248675172109,-0.02839125238309533,0.03296641578178815,0.5131964809384172,0.3333333333333333,0.6666666666666666,0.0,0,0,0
/Users/yi1lan/Desktop/CertifAI/results/PU-R/FashionMNIST/extension_confirmation/pu_r_manifold_graph_ready/results.csv,/Users/yi1lan/Desktop/CertifAI/results/PU-R/FashionMNIST/extension_confirmation/pu_r_manifold_graph_ready,"dataset=manifold_group_noise_fashion_mnist, noise_rate=0.1, pretrain_fraction=0.0, pretrain_training_mode=support, es_budget=200","dataset,noise_rate,pretrain_fraction,pretrain_training_mode,es_budget",manifold_group_noise_fashion_mnist,0.1,0.0,support,200,PU-R-Manifold,MaxLoss,group_revisit_rate,lower,15,10 11 12 13 14 15 16 17 18 19 5 6 7 8 9,0.2656862745098039,0.2715686274509804,-0.005882352941176476,0.012207658704020664,-0.0320677808613008,0.02030307497894785,-2.16606498194946,0.4,0.5333333333333333,0.06666666666666667,0,0,0
/Users/yi1lan/Desktop/CertifAI/results/PU-R/FashionMNIST/extension_confirmation/pu_r_manifold_graph_ready/results.csv,/Users/yi1lan/Desktop/CertifAI/results/PU-R/FashionMNIST/extension_confirmation/pu_r_manifold_graph_ready,"dataset=manifold_group_noise_fashion_mnist, noise_rate=0.1, pretrain_fraction=0.0, pretrain_training_mode=support, es_budget=200","dataset,noise_rate,pretrain_fraction,pretrain_training_mode,es_budget",manifold_group_noise_fashion_mnist,0.1,0.0,support,200,PU-R-Manifold,MaxLoss,unique_group_fraction,higher,15,10 11 12 13 14 15 16 17 18 19 5 6 7 8 9,0.734313725490196,0.7284313725490198,0.0058823529411764575,0.012207658704020664,-0.020303074978947868,0.032067780861300785,0.8075370121130532,0.4,0.5333333333333333,0.06666666666666667,0,0,0
/Users/yi1lan/Desktop/CertifAI/results/PU-R/FashionMNIST/extension_confirmation/pu_r_manifold_graph_ready/results.csv,/Users/yi1lan/Desktop/CertifAI/results/PU-R/FashionMNIST/extension_confirmation/pu_r_manifold_graph_ready,"dataset=manifold_group_noise_fashion_mnist, noise_rate=0.1, pretrain_fraction=0.0, pretrain_training_mode=support, es_budget=200","dataset,noise_rate,pretrain_fraction,pretrain_training_mode,es_budget",manifold_group_noise_fashion_mnist,0.1,0.0,support,200,PU-R-Manifold,MaxLoss,mode_entropy,higher,15,10 11 12 13 14 15 16 17 18 19 5 6 7 8 9,0.9667171322276533,0.9636814615733119,0.0030356706543415825,0.0018639701835022812,-0.0009625453892708104,0.0070338866979539755,0.3150076841143679,0.5333333333333333,0.4666666666666667,0.0,0,0,0
/Users/yi1lan/Desktop/CertifAI/results/PU-R/FashionMNIST/extension_confirmation/pu_r_manifold_graph_ready/results.csv,/Users/yi1lan/Desktop/CertifAI/results/PU-R/FashionMNIST/extension_confirmation/pu_r_manifold_graph_ready,"dataset=manifold_group_noise_fashion_mnist, noise_rate=0.1, pretrain_fraction=0.0, pretrain_training_mode=support, es_budget=200","dataset,noise_rate,pretrain_fraction,pretrain_training_mode,es_budget",manifold_group_noise_fashion_mnist,0.1,0.0,support,200,PU-R-Manifold,MaxLoss,spectral_entropy,higher,15,10 11 12 13 14 15 16 17 18 19 5 6 7 8 9,0.19121078430768013,0.19446479828452018,-0.0032540139768400256,0.0009789108373214146,-0.00535377772289446,-0.001154250230785591,-1.6733177446743337,0.26666666666666666,0.7333333333333333,0.0,0,0,1
/Users/yi1lan/Desktop/CertifAI/results/PU-R/FashionMNIST/extension_confirmation/pu_r_manifold_graph_ready/results.csv,/Users/yi1lan/Desktop/CertifAI/results/PU-R/FashionMNIST/extension_confirmation/pu_r_manifold_graph_ready,"dataset=manifold_group_noise_fashion_mnist, noise_rate=0.1, pretrain_fraction=0.0, pretrain_training_mode=support, es_budget=200","dataset,noise_rate,pretrain_fraction,pretrain_training_mode,es_budget",manifold_group_noise_fashion_mnist,0.1,0.0,support,200,PU-R-Manifold,MaxLoss,runtime_sec,lower,15,10 11 12 13 14 15 16 17 18 19 5 6 7 8 9,6.989856733187723,3.1754380754117544,3.8144186577759682,0.22464411403509804,3.332557033170683,4.296280282381254,120.12259622733654,0.0,1.0,0.0,0,0,1
/Users/yi1lan/Desktop/CertifAI/results/PU-R/FashionMNIST/extension_confirmation/pu_r_manifold_graph_ready/results.csv,/Users/yi1lan/Desktop/CertifAI/results/PU-R/FashionMNIST/extension_confirmation/pu_r_manifold_graph_ready,"dataset=manifold_group_noise_fashion_mnist, noise_rate=0.1, pretrain_fraction=0.0, pretrain_training_mode=support, es_budget=200","dataset,noise_rate,pretrain_fraction,pretrain_training_mode,es_budget",manifold_group_noise_fashion_mnist,0.1,0.0,support,200,PU-R-Manifold,GREATS,test_inappropriate_risk,lower,15,10 11 12 13 14 15 16 17 18 19 5 6 7 8 9,0.3278,0.3481333333333333,-0.020333333333333335,0.007023458425445987,-0.03539865165591498,-0.005268015010751692,-5.840674071237076,0.8666666666666667,0.13333333333333333,0.0,0,1,0
/Users/yi1lan/Desktop/CertifAI/results/PU-R/FashionMNIST/extension_confirmation/pu_r_manifold_graph_ready/results.csv,/Users/yi1lan/Desktop/CertifAI/results/PU-R/FashionMNIST/extension_confirmation/pu_r_manifold_graph_ready,"dataset=manifold_group_noise_fashion_mnist, noise_rate=0.1, pretrain_fraction=0.0, pretrain_training_mode=support, es_budget=200","dataset,noise_rate,pretrain_fraction,pretrain_training_mode,es_budget",manifold_group_noise_fashion_mnist,0.1,0.0,support,200,PU-R-Manifold,GREATS,effective_compression_size,lower,15,10 11 12 13 14 15 16 17 18 19 5 6 7 8 9,1127.2666666666667,1000.0666666666667,127.2,66.84653354975893,-16.185814464232905,270.5858144642329,12.719152056529564,0.4666666666666667,0.5333333333333333,0.0,0,0,0
/Users/yi1lan/Desktop/CertifAI/results/PU-R/FashionMNIST/extension_confirmation/pu_r_manifold_graph_ready/results.csv,/Users/yi1lan/Desktop/CertifAI/results/PU-R/FashionMNIST/extension_confirmation/pu_r_manifold_graph_ready,"dataset=manifold_group_noise_fashion_mnist, noise_rate=0.1, pretrain_fraction=0.0, pretrain_training_mode=support, es_budget=200","dataset,noise_rate,pretrain_fraction,pretrain_training_mode,es_budget",manifold_group_noise_fashion_mnist,0.1,0.0,support,200,PU-R-Manifold,GREATS,noise_hit_rate,lower,15,10 11 12 13 14 15 16 17 18 19 5 6 7 8 9,0.05294117647058825,0.07418300653594771,-0.021241830065359475,0.003935161627056306,-0.02968275175539525,-0.012800908375323699,-28.63436123348017,0.8666666666666667,0.06666666666666667,0.06666666666666667,0,1,0
/Users/yi1lan/Desktop/CertifAI/results/PU-R/FashionMNIST/extension_confirmation/pu_r_manifold_graph_ready/results.csv,/Users/yi1lan/Desktop/CertifAI/results/PU-R/FashionMNIST/extension_confirmation/pu_r_manifold_graph_ready,"dataset=manifold_group_noise_fashion_mnist, noise_rate=0.1, pretrain_fraction=0.0, pretrain_training_mode=support, es_budget=200","dataset,noise_rate,pretrain_fraction,pretrain_training_mode,es_budget",manifold_group_noise_fashion_mnist,0.1,0.0,support,200,PU-R-Manifold,GREATS,duplicate_hit_rate,lower,15,10 11 12 13 14 15 16 17 18 19 5 6 7 8 9,0.44803921568627464,0.48594771241830065,-0.03790849673202614,0.011954455882976653,-0.06355080460101106,-0.01226618886304122,-7.800941492938803,0.8,0.2,0.0,0,1,0
/Users/yi1lan/Desktop/CertifAI/results/PU-R/FashionMNIST/extension_confirmation/pu_r_manifold_graph_ready/results.csv,/Users/yi1lan/Desktop/CertifAI/results/PU-R/FashionMNIST/extension_confirmation/pu_r_manifold_graph_ready,"dataset=manifold_group_noise_fashion_mnist, noise_rate=0.1, pretrain_fraction=0.0, pretrain_training_mode=support, es_budget=200","dataset,noise_rate,pretrain_fraction,pretrain_training_mode,es_budget",manifold_group_noise_fashion_mnist,0.1,0.0,support,200,PU-R-Manifold,GREATS,group_revisit_rate,lower,15,10 11 12 13 14 15 16 17 18 19 5 6 7 8 9,0.2656862745098039,0.29084967320261434,-0.025163398692810465,0.011736141274547418,-0.05033742172671468,1.0624341093747741e-05,-8.65168539325843,0.6666666666666666,0.26666666666666666,0.06666666666666667,0,0,0
/Users/yi1lan/Desktop/CertifAI/results/PU-R/FashionMNIST/extension_confirmation/pu_r_manifold_graph_ready/results.csv,/Users/yi1lan/Desktop/CertifAI/results/PU-R/FashionMNIST/extension_confirmation/pu_r_manifold_graph_ready,"dataset=manifold_group_noise_fashion_mnist, noise_rate=0.1, pretrain_fraction=0.0, pretrain_training_mode=support, es_budget=200","dataset,noise_rate,pretrain_fraction,pretrain_training_mode,es_budget",manifold_group_noise_fashion_mnist,0.1,0.0,support,200,PU-R-Manifold,GREATS,unique_group_fraction,higher,15,10 11 12 13 14 15 16 17 18 19 5 6 7 8 9,0.734313725490196,0.7091503267973855,0.025163398692810448,0.011736141274547418,-1.0624341093765088e-05,0.05033742172671466,3.5483870967741926,0.6666666666666666,0.26666666666666666,0.06666666666666667,0,0,0
/Users/yi1lan/Desktop/CertifAI/results/PU-R/FashionMNIST/extension_confirmation/pu_r_manifold_graph_ready/results.csv,/Users/yi1lan/Desktop/CertifAI/results/PU-R/FashionMNIST/extension_confirmation/pu_r_manifold_graph_ready,"dataset=manifold_group_noise_fashion_mnist, noise_rate=0.1, pretrain_fraction=0.0, pretrain_training_mode=support, es_budget=200","dataset,noise_rate,pretrain_fraction,pretrain_training_mode,es_budget",manifold_group_noise_fashion_mnist,0.1,0.0,support,200,PU-R-Manifold,GREATS,mode_entropy,higher,15,10 11 12 13 14 15 16 17 18 19 5 6 7 8 9,0.9667171322276533,0.9633231065017684,0.0033940257258846824,0.0017448046617326582,-0.0003485802735318697,0.007136631725301235,0.35232474991800183,0.6,0.4,0.0,0,0,0
/Users/yi1lan/Desktop/CertifAI/results/PU-R/FashionMNIST/extension_confirmation/pu_r_manifold_graph_ready/results.csv,/Users/yi1lan/Desktop/CertifAI/results/PU-R/FashionMNIST/extension_confirmation/pu_r_manifold_graph_ready,"dataset=manifold_group_noise_fashion_mnist, noise_rate=0.1, pretrain_fraction=0.0, pretrain_training_mode=support, es_budget=200","dataset,noise_rate,pretrain_fraction,pretrain_training_mode,es_budget",manifold_group_noise_fashion_mnist,0.1,0.0,support,200,PU-R-Manifold,GREATS,spectral_entropy,higher,15,10 11 12 13 14 15 16 17 18 19 5 6 7 8 9,0.19121078430768013,0.1910150199328776,0.00019576437480254468,0.0010750620825408874,-0.002110243792247659,0.002501772541852748,0.10248637770544745,0.6,0.4,0.0,0,0,0
/Users/yi1lan/Desktop/CertifAI/results/PU-R/FashionMNIST/extension_confirmation/pu_r_manifold_graph_ready/results.csv,/Users/yi1lan/Desktop/CertifAI/results/PU-R/FashionMNIST/extension_confirmation/pu_r_manifold_graph_ready,"dataset=manifold_group_noise_fashion_mnist, noise_rate=0.1, pretrain_fraction=0.0, pretrain_training_mode=support, es_budget=200","dataset,noise_rate,pretrain_fraction,pretrain_training_mode,es_budget",manifold_group_noise_fashion_mnist,0.1,0.0,support,200,PU-R-Manifold,GREATS,runtime_sec,lower,15,10 11 12 13 14 15 16 17 18 19 5 6 7 8 9,6.989856733187723,4.821061529001842,2.168795204185881,0.061134604887453044,2.037661476702294,2.2999289316694678,44.985843701416336,0.0,1.0,0.0,0,0,1
/Users/yi1lan/Desktop/CertifAI/results/PU-R/FashionMNIST/extensions_v4/pu_r_manifold/manifold_group_noise_0p1_low_support/results.csv,/Users/yi1lan/Desktop/CertifAI/results/PU-R/FashionMNIST/extensions_v4/pu_r_manifold/manifold_group_noise_0p1_low_support,"dataset=manifold_group_noise_fashion_mnist, noise_rate=0.1, pretrain_fraction=0.0, pretrain_training_mode=support, es_budget=100","dataset,noise_rate,pretrain_fraction,pretrain_training_mode,es_budget",manifold_group_noise_fashion_mnist,0.1,0.0,support,100,PU-R-Manifold,PU-R,test_inappropriate_risk,lower,5,0 1 2 3 4,0.36695,0.38445,-0.017499999999999995,0.012130797583011598,-0.05117509409044019,0.016175094090440198,-4.5519573416569115,0.6,0.4,0.0,0,0,0
/Users/yi1lan/Desktop/CertifAI/results/PU-R/FashionMNIST/extensions_v4/pu_r_manifold/manifold_group_noise_0p1_low_support/results.csv,/Users/yi1lan/Desktop/CertifAI/results/PU-R/FashionMNIST/extensions_v4/pu_r_manifold/manifold_group_noise_0p1_low_support,"dataset=manifold_group_noise_fashion_mnist, noise_rate=0.1, pretrain_fraction=0.0, pretrain_training_mode=support, es_budget=100","dataset,noise_rate,pretrain_fraction,pretrain_training_mode,es_budget",manifold_group_noise_fashion_mnist,0.1,0.0,support,100,PU-R-Manifold,PU-R,certified_bound,lower,5,0 1 2 3 4,0.31870158966630696,0.3310329906758852,-0.012331401009578257,0.027693266203221878,-0.08920790798972218,0.06454510597056566,-3.7251275120345775,0.6,0.4,0.0,0,0,0
/Users/yi1lan/Desktop/CertifAI/results/PU-R/FashionMNIST/extensions_v4/pu_r_manifold/manifold_group_noise_0p1_low_support/results.csv,/Users/yi1lan/Desktop/CertifAI/results/PU-R/FashionMNIST/extensions_v4/pu_r_manifold/manifold_group_noise_0p1_low_support,"dataset=manifold_group_noise_fashion_mnist, noise_rate=0.1, pretrain_fraction=0.0, pretrain_training_mode=support, es_budget=100","dataset,noise_rate,pretrain_fraction,pretrain_training_mode,es_budget",manifold_group_noise_fashion_mnist,0.1,0.0,support,100,PU-R-Manifold,PU-R,effective_compression_size,lower,5,0 1 2 3 4,1477.8,1537.8,-60.0,134.95036124442203,-434.6222028145155,314.6222028145155,-3.901677721420211,0.6,0.4,0.0,0,0,0
/Users/yi1lan/Desktop/CertifAI/results/PU-R/FashionMNIST/extensions_v4/pu_r_manifold/manifold_group_noise_0p1_low_support/results.csv,/Users/yi1lan/Desktop/CertifAI/results/PU-R/FashionMNIST/extensions_v4/pu_r_manifold/manifold_group_noise_0p1_low_support,"dataset=manifold_group_noise_fashion_mnist, noise_rate=0.1, pretrain_fraction=0.0, pretrain_training_mode=support, es_budget=100","dataset,noise_rate,pretrain_fraction,pretrain_training_mode,es_budget",manifold_group_noise_fashion_mnist,0.1,0.0,support,100,PU-R-Manifold,PU-R,noise_hit_rate,lower,5,0 1 2 3 4,0.038461538461538464,0.06923076923076923,-0.03076923076923077,0.01406609503685365,-0.06981671059153649,0.008278249053074956,-44.44444444444444,0.6,0.0,0.4,0,0,0
/Users/yi1lan/Desktop/CertifAI/results/PU-R/FashionMNIST/extensions_v4/pu_r_manifold/manifold_group_noise_0p1_low_support/results.csv,/Users/yi1lan/Desktop/CertifAI/results/PU-R/FashionMNIST/extensions_v4/pu_r_manifold/manifold_group_noise_0p1_low_support,"dataset=manifold_group_noise_fashion_mnist, noise_rate=0.1, pretrain_fraction=0.0, pretrain_training_mode=support, es_budget=100","dataset,noise_rate,pretrain_fraction,pretrain_training_mode,es_budget",manifold_group_noise_fashion_mnist,0.1,0.0,support,100,PU-R-Manifold,PU-R,duplicate_hit_rate,lower,5,0 1 2 3 4,0.46923076923076923,0.47307692307692306,-0.0038461538461538546,0.020532842792367906,-0.060845325437767155,0.05315301774545945,-0.8130081300813027,0.4,0.6,0.0,0,0,0
/Users/yi1lan/Desktop/CertifAI/results/PU-R/FashionMNIST/extensions_v4/pu_r_manifold/manifold_group_noise_0p1_low_support/results.csv,/Users/yi1lan/Desktop/CertifAI/results/PU-R/FashionMNIST/extensions_v4/pu_r_manifold/manifold_group_noise_0p1_low_support,"dataset=manifold_group_noise_fashion_mnist, noise_rate=0.1, pretrain_fraction=0.0, pretrain_training_mode=support, es_budget=100","dataset,noise_rate,pretrain_fraction,pretrain_training_mode,es_budget",manifold_group_noise_fashion_mnist,0.1,0.0,support,100,PU-R-Manifold,PU-R,group_revisit_rate,lower,5,0 1 2 3 4,0.1980769230769231,0.2076923076923077,-0.00961538461538462,0.017467213581331686,-0.05810436951716137,0.03887360028639214,-4.6296296296296315,0.6,0.4,0.0,0,0,0
/Users/yi1lan/Desktop/CertifAI/results/PU-R/FashionMNIST/extensions_v4/pu_r_manifold/manifold_group_noise_0p1_low_support/results.csv,/Users/yi1lan/Desktop/CertifAI/results/PU-R/FashionMNIST/extensions_v4/pu_r_manifold/manifold_group_noise_0p1_low_support,"dataset=manifold_group_noise_fashion_mnist, noise_rate=0.1, pretrain_fraction=0.0, pretrain_training_mode=support, es_budget=100","dataset,noise_rate,pretrain_fraction,pretrain_training_mode,es_budget",manifold_group_noise_fashion_mnist,0.1,0.0,support,100,PU-R-Manifold,PU-R,unique_group_fraction,higher,5,0 1 2 3 4,0.8019230769230768,0.7923076923076924,0.009615384615384604,0.017467213581331673,-0.03887360028639212,0.058104369517161324,1.213592233009707,0.6,0.4,0.0,0,0,0
/Users/yi1lan/Desktop/CertifAI/results/PU-R/FashionMNIST/extensions_v4/pu_r_manifold/manifold_group_noise_0p1_low_support/results.csv,/Users/yi1lan/Desktop/CertifAI/results/PU-R/FashionMNIST/extensions_v4/pu_r_manifold/manifold_group_noise_0p1_low_support,"dataset=manifold_group_noise_fashion_mnist, noise_rate=0.1, pretrain_fraction=0.0, pretrain_training_mode=support, es_budget=100","dataset,noise_rate,pretrain_fraction,pretrain_training_mode,es_budget",manifold_group_noise_fashion_mnist,0.1,0.0,support,100,PU-R-Manifold,PU-R,mode_entropy,higher,5,0 1 2 3 4,0.9762955654236316,0.9733287680602961,0.0029667973633354717,0.002108232609733508,-0.002885656361284746,0.00881925108795569,0.3048093779502553,0.8,0.2,0.0,0,0,0
/Users/yi1lan/Desktop/CertifAI/results/PU-R/FashionMNIST/extensions_v4/pu_r_manifold/manifold_group_noise_0p1_low_support/results.csv,/Users/yi1lan/Desktop/CertifAI/results/PU-R/FashionMNIST/extensions_v4/pu_r_manifold/manifold_group_noise_0p1_low_support,"dataset=manifold_group_noise_fashion_mnist, noise_rate=0.1, pretrain_fraction=0.0, pretrain_training_mode=support, es_budget=100","dataset,noise_rate,pretrain_fraction,pretrain_training_mode,es_budget",manifold_group_noise_fashion_mnist,0.1,0.0,support,100,PU-R-Manifold,PU-R,spectral_entropy,higher,5,0 1 2 3 4,0.22231800912195793,0.2249717120805553,-0.002653702958597354,0.0021723419314019702,-0.008684124160169223,0.003376718242974515,-1.1795718377460478,0.2,0.8,0.0,0,0,0
/Users/yi1lan/Desktop/CertifAI/results/PU-R/FashionMNIST/extensions_v4/pu_r_manifold/manifold_group_noise_0p1_low_support/results.csv,/Users/yi1lan/Desktop/CertifAI/results/PU-R/FashionMNIST/extensions_v4/pu_r_manifold/manifold_group_noise_0p1_low_support,"dataset=manifold_group_noise_fashion_mnist, noise_rate=0.1, pretrain_fraction=0.0, pretrain_training_mode=support, es_budget=100","dataset,noise_rate,pretrain_fraction,pretrain_training_mode,es_budget",manifold_group_noise_fashion_mnist,0.1,0.0,support,100,PU-R-Manifold,PU-R,runtime_sec,lower,5,0 1 2 3 4,3.0324639591854066,2.4178837582003325,0.614580200985074,0.03308016852915854,0.5227496531481299,0.7064107488220182,25.41810369918343,0.0,1.0,0.0,0,0,1
/Users/yi1lan/Desktop/CertifAI/results/PU-R/FashionMNIST/extensions_v4/pu_r_manifold/manifold_group_noise_0p1_low_support/results.csv,/Users/yi1lan/Desktop/CertifAI/results/PU-R/FashionMNIST/extensions_v4/pu_r_manifold/manifold_group_noise_0p1_low_support,"dataset=manifold_group_noise_fashion_mnist, noise_rate=0.1, pretrain_fraction=0.0, pretrain_training_mode=support, es_budget=100","dataset,noise_rate,pretrain_fraction,pretrain_training_mode,es_budget",manifold_group_noise_fashion_mnist,0.1,0.0,support,100,PU-R-Manifold,MaxLoss,test_inappropriate_risk,lower,5,0 1 2 3 4,0.36695,0.42969999999999997,-0.06274999999999999,0.012743135406955389,-0.09812494388970813,-0.027375056110291833,-14.603211542936931,1.0,0.0,0.0,1,1,0
/Users/yi1lan/Desktop/CertifAI/results/PU-R/FashionMNIST/extensions_v4/pu_r_manifold/manifold_group_noise_0p1_low_support/results.csv,/Users/yi1lan/Desktop/CertifAI/results/PU-R/FashionMNIST/extensions_v4/pu_r_manifold/manifold_group_noise_0p1_low_support,"dataset=manifold_group_noise_fashion_mnist, noise_rate=0.1, pretrain_fraction=0.0, pretrain_training_mode=support, es_budget=100","dataset,noise_rate,pretrain_fraction,pretrain_training_mode,es_budget",manifold_group_noise_fashion_mnist,0.1,0.0,support,100,PU-R-Manifold,MaxLoss,certified_bound,lower,5,0 1 2 3 4,0.31870158966630696,0.4166234165430069,-0.09792182687669992,0.024186452596571137,-0.1650634192847814,-0.030780234468618453,-23.50367813917433,1.0,0.0,0.0,1,1,0
/Users/yi1lan/Desktop/CertifAI/results/PU-R/FashionMNIST/extensions_v4/pu_r_manifold/manifold_group_noise_0p1_low_support/results.csv,/Users/yi1lan/Desktop/CertifAI/results/PU-R/FashionMNIST/extensions_v4/pu_r_manifold/manifold_group_noise_0p1_low_support,"dataset=manifold_group_noise_fashion_mnist, noise_rate=0.1, pretrain_fraction=0.0, pretrain_training_mode=support, es_budget=100","dataset,noise_rate,pretrain_fraction,pretrain_training_mode,es_budget",manifold_group_noise_fashion_mnist,0.1,0.0,support,100,PU-R-Manifold,MaxLoss,effective_compression_size,lower,5,0 1 2 3 4,1477.8,1957.8,-480.0,118.51455606802061,-808.9964076448252,-151.00359235517482,-24.51731535396874,1.0,0.0,0.0,1,1,0
/Users/yi1lan/Desktop/CertifAI/results/PU-R/FashionMNIST/extensions_v4/pu_r_manifold/manifold_group_noise_0p1_low_support/results.csv,/Users/yi1lan/Desktop/CertifAI/results/PU-R/FashionMNIST/extensions_v4/pu_r_manifold/manifold_group_noise_0p1_low_support,"dataset=manifold_group_noise_fashion_mnist, noise_rate=0.1, pretrain_fraction=0.0, pretrain_training_mode=support, es_budget=100","dataset,noise_rate,pretrain_fraction,pretrain_training_mode,es_budget",manifold_group_noise_fashion_mnist,0.1,0.0,support,100,PU-R-Manifold,MaxLoss,noise_hit_rate,lower,5,0 1 2 3 4,0.038461538461538464,0.06153846153846153,-0.023076923076923078,0.006521471137620451,-0.04118052695495745,-0.004973319198888708,-37.50000000000001,1.0,0.0,0.0,1,1,0
/Users/yi1lan/Desktop/CertifAI/results/PU-R/FashionMNIST/extensions_v4/pu_r_manifold/manifold_group_noise_0p1_low_support/results.csv,/Users/yi1lan/Desktop/CertifAI/results/PU-R/FashionMNIST/extensions_v4/pu_r_manifold/manifold_group_noise_0p1_low_support,"dataset=manifold_group_noise_fashion_mnist, noise_rate=0.1, pretrain_fraction=0.0, pretrain_training_mode=support, es_budget=100","dataset,noise_rate,pretrain_fraction,pretrain_training_mode,es_budget",manifold_group_noise_fashion_mnist,0.1,0.0,support,100,PU-R-Manifold,MaxLoss,duplicate_hit_rate,lower,5,0 1 2 3 4,0.46923076923076923,0.425,0.044230769230769226,0.015081141482075117,0.0023655204765287013,0.08609601798500975,10.407239819004523,0.0,1.0,0.0,0,0,1
/Users/yi1lan/Desktop/CertifAI/results/PU-R/FashionMNIST/extensions_v4/pu_r_manifold/manifold_group_noise_0p1_low_support/results.csv,/Users/yi1lan/Desktop/CertifAI/results/PU-R/FashionMNIST/extensions_v4/pu_r_manifold/manifold_group_noise_0p1_low_support,"dataset=manifold_group_noise_fashion_mnist, noise_rate=0.1, pretrain_fraction=0.0, pretrain_training_mode=support, es_budget=100","dataset,noise_rate,pretrain_fraction,pretrain_training_mode,es_budget",manifold_group_noise_fashion_mnist,0.1,0.0,support,100,PU-R-Manifold,MaxLoss,group_revisit_rate,lower,5,0 1 2 3 4,0.1980769230769231,0.18653846153846151,0.011538461538461536,0.022631927492191964,-0.05128776917986334,0.07436469225678642,6.185567010309278,0.4,0.6,0.0,0,0,0
/Users/yi1lan/Desktop/CertifAI/results/PU-R/FashionMNIST/extensions_v4/pu_r_manifold/manifold_group_noise_0p1_low_support/results.csv,/Users/yi1lan/Desktop/CertifAI/results/PU-R/FashionMNIST/extensions_v4/pu_r_manifold/manifold_group_noise_0p1_low_support,"dataset=manifold_group_noise_fashion_mnist, noise_rate=0.1, pretrain_fraction=0.0, pretrain_training_mode=support, es_budget=100","dataset,noise_rate,pretrain_fraction,pretrain_training_mode,es_budget",manifold_group_noise_fashion_mnist,0.1,0.0,support,100,PU-R-Manifold,MaxLoss,unique_group_fraction,higher,5,0 1 2 3 4,0.8019230769230768,0.8134615384615385,-0.011538461538461563,0.022631927492191936,-0.07436469225678638,0.051287769179863246,-1.41843971631206,0.4,0.6,0.0,0,0,0
/Users/yi1lan/Desktop/CertifAI/results/PU-R/FashionMNIST/extensions_v4/pu_r_manifold/manifold_group_noise_0p1_low_support/results.csv,/Users/yi1lan/Desktop/CertifAI/results/PU-R/FashionMNIST/extensions_v4/pu_r_manifold/manifold_group_noise_0p1_low_support,"dataset=manifold_group_noise_fashion_mnist, noise_rate=0.1, pretrain_fraction=0.0, pretrain_training_mode=support, es_budget=100","dataset,noise_rate,pretrain_fraction,pretrain_training_mode,es_budget",manifold_group_noise_fashion_mnist,0.1,0.0,support,100,PU-R-Manifold,MaxLoss,mode_entropy,higher,5,0 1 2 3 4,0.9762955654236316,0.9750297453248769,0.0012658200987549773,0.004007297540318661,-0.009858437873169626,0.01239007807067958,0.12982374177038158,0.4,0.6,0.0,0,0,0
/Users/yi1lan/Desktop/CertifAI/results/PU-R/FashionMNIST/extensions_v4/pu_r_manifold/manifold_group_noise_0p1_low_support/results.csv,/Users/yi1lan/Desktop/CertifAI/results/PU-R/FashionMNIST/extensions_v4/pu_r_manifold/manifold_group_noise_0p1_low_support,"dataset=manifold_group_noise_fashion_mnist, noise_rate=0.1, pretrain_fraction=0.0, pretrain_training_mode=support, es_budget=100","dataset,noise_rate,pretrain_fraction,pretrain_training_mode,es_budget",manifold_group_noise_fashion_mnist,0.1,0.0,support,100,PU-R-Manifold,MaxLoss,spectral_entropy,higher,5,0 1 2 3 4,0.22231800912195793,0.2268658046886686,-0.004547795566710672,0.0018057885618434793,-0.009560664614388169,0.00046507348096682614,-2.004619238651537,0.2,0.8,0.0,0,0,0
/Users/yi1lan/Desktop/CertifAI/results/PU-R/FashionMNIST/extensions_v4/pu_r_manifold/manifold_group_noise_0p1_low_support/results.csv,/Users/yi1lan/Desktop/CertifAI/results/PU-R/FashionMNIST/extensions_v4/pu_r_manifold/manifold_group_noise_0p1_low_support,"dataset=manifold_group_noise_fashion_mnist, noise_rate=0.1, pretrain_fraction=0.0, pretrain_training_mode=support, es_budget=100","dataset,noise_rate,pretrain_fraction,pretrain_training_mode,es_budget",manifold_group_noise_fashion_mnist,0.1,0.0,support,100,PU-R-Manifold,MaxLoss,runtime_sec,lower,5,0 1 2 3 4,3.0324639591854066,1.3990756841842085,1.633388275001198,0.13148784843974967,1.2683780077324531,1.998398542269943,116.74767087054448,0.0,1.0,0.0,0,0,1
/Users/yi1lan/Desktop/CertifAI/results/PU-R/FashionMNIST/extensions_v4/pu_r_manifold/manifold_group_noise_0p1_low_support/results.csv,/Users/yi1lan/Desktop/CertifAI/results/PU-R/FashionMNIST/extensions_v4/pu_r_manifold/manifold_group_noise_0p1_low_support,"dataset=manifold_group_noise_fashion_mnist, noise_rate=0.1, pretrain_fraction=0.0, pretrain_training_mode=support, es_budget=100","dataset,noise_rate,pretrain_fraction,pretrain_training_mode,es_budget",manifold_group_noise_fashion_mnist,0.1,0.0,support,100,PU-R-Manifold,GREATS,test_inappropriate_risk,lower,5,0 1 2 3 4,0.36695,0.39980000000000004,-0.03284999999999999,0.007591771861693418,-0.05392475868806092,-0.011775241311939064,-8.216608304152073,1.0,0.0,0.0,1,1,0
/Users/yi1lan/Desktop/CertifAI/results/PU-R/FashionMNIST/extensions_v4/pu_r_manifold/manifold_group_noise_0p1_low_support/results.csv,/Users/yi1lan/Desktop/CertifAI/results/PU-R/FashionMNIST/extensions_v4/pu_r_manifold/manifold_group_noise_0p1_low_support,"dataset=manifold_group_noise_fashion_mnist, noise_rate=0.1, pretrain_fraction=0.0, pretrain_training_mode=support, es_budget=100","dataset,noise_rate,pretrain_fraction,pretrain_training_mode,es_budget",manifold_group_noise_fashion_mnist,0.1,0.0,support,100,PU-R-Manifold,GREATS,effective_compression_size,lower,5,0 1 2 3 4,1477.8,1534.2,-56.4,131.94074427560273,-422.6675061090731,309.86750610907313,-3.6761830269847477,0.6,0.4,0.0,0,0,0
/Users/yi1lan/Desktop/CertifAI/results/PU-R/FashionMNIST/extensions_v4/pu_r_manifold/manifold_group_noise_0p1_low_support/results.csv,/Users/yi1lan/Desktop/CertifAI/results/PU-R/FashionMNIST/extensions_v4/pu_r_manifold/manifold_group_noise_0p1_low_support,"dataset=manifold_group_noise_fashion_mnist, noise_rate=0.1, pretrain_fraction=0.0, pretrain_training_mode=support, es_budget=100","dataset,noise_rate,pretrain_fraction,pretrain_training_mode,es_budget",manifold_group_noise_fashion_mnist,0.1,0.0,support,100,PU-R-Manifold,GREATS,noise_hit_rate,lower,5,0 1 2 3 4,0.038461538461538464,0.08653846153846155,-0.04807692307692307,0.006081303192631501,-0.06495862073966811,-0.03119522541417803,-55.55555555555554,1.0,0.0,0.0,1,1,0
/Users/yi1lan/Desktop/CertifAI/results/PU-R/FashionMNIST/extensions_v4/pu_r_manifold/manifold_group_noise_0p1_low_support/results.csv,/Users/yi1lan/Desktop/CertifAI/results/PU-R/FashionMNIST/extensions_v4/pu_r_manifold/manifold_group_noise_0p1_low_support,"dataset=manifold_group_noise_fashion_mnist, noise_rate=0.1, pretrain_fraction=0.0, pretrain_training_mode=support, es_budget=100","dataset,noise_rate,pretrain_fraction,pretrain_training_mode,es_budget",manifold_group_noise_fashion_mnist,0.1,0.0,support,100,PU-R-Manifold,GREATS,duplicate_hit_rate,lower,5,0 1 2 3 4,0.46923076923076923,0.5403846153846155,-0.07115384615384616,0.04295828443017053,-0.19040604373199954,0.048098351424307226,-13.167259786476869,0.8,0.2,0.0,0,0,0
/Users/yi1lan/Desktop/CertifAI/results/PU-R/FashionMNIST/extensions_v4/pu_r_manifold/manifold_group_noise_0p1_low_support/results.csv,/Users/yi1lan/Desktop/CertifAI/results/PU-R/FashionMNIST/extensions_v4/pu_r_manifold/manifold_group_noise_0p1_low_support,"dataset=manifold_group_noise_fashion_mnist, noise_rate=0.1, pretrain_fraction=0.0, pretrain_training_mode=support, es_budget=100","dataset,noise_rate,pretrain_fraction,pretrain_training_mode,es_budget",manifold_group_noise_fashion_mnist,0.1,0.0,support,100,PU-R-Manifold,GREATS,group_revisit_rate,lower,5,0 1 2 3 4,0.1980769230769231,0.23461538461538461,-0.036538461538461534,0.031216698232207546,-0.12319601583106968,0.05011909275414661,-15.573770491803277,0.8,0.2,0.0,0,0,0
/Users/yi1lan/Desktop/CertifAI/results/PU-R/FashionMNIST/extensions_v4/pu_r_manifold/manifold_group_noise_0p1_low_support/results.csv,/Users/yi1lan/Desktop/CertifAI/results/PU-R/FashionMNIST/extensions_v4/pu_r_manifold/manifold_group_noise_0p1_low_support,"dataset=manifold_group_noise_fashion_mnist, noise_rate=0.1, pretrain_fraction=0.0, pretrain_training_mode=support, es_budget=100","dataset,noise_rate,pretrain_fraction,pretrain_training_mode,es_budget",manifold_group_noise_fashion_mnist,0.1,0.0,support,100,PU-R-Manifold,GREATS,unique_group_fraction,higher,5,0 1 2 3 4,0.8019230769230768,0.7653846153846153,0.03653846153846154,0.031216698232207546,-0.0501190927541466,0.12319601583106968,4.773869346733669,0.8,0.2,0.0,0,0,0
/Users/yi1lan/Desktop/CertifAI/results/PU-R/FashionMNIST/extensions_v4/pu_r_manifold/manifold_group_noise_0p1_low_support/results.csv,/Users/yi1lan/Desktop/CertifAI/results/PU-R/FashionMNIST/extensions_v4/pu_r_manifold/manifold_group_noise_0p1_low_support,"dataset=manifold_group_noise_fashion_mnist, noise_rate=0.1, pretrain_fraction=0.0, pretrain_training_mode=support, es_budget=100","dataset,noise_rate,pretrain_fraction,pretrain_training_mode,es_budget",manifold_group_noise_fashion_mnist,0.1,0.0,support,100,PU-R-Manifold,GREATS,mode_entropy,higher,5,0 1 2 3 4,0.9762955654236316,0.972897009747417,0.003398555676214854,0.0029695142130926892,-0.00484481577933045,0.011641927131760158,0.3493232728813901,0.6,0.4,0.0,0,0,0
/Users/yi1lan/Desktop/CertifAI/results/PU-R/FashionMNIST/extensions_v4/pu_r_manifold/manifold_group_noise_0p1_low_support/results.csv,/Users/yi1lan/Desktop/CertifAI/results/PU-R/FashionMNIST/extensions_v4/pu_r_manifold/manifold_group_noise_0p1_low_support,"dataset=manifold_group_noise_fashion_mnist, noise_rate=0.1, pretrain_fraction=0.0, pretrain_training_mode=support, es_budget=100","dataset,noise_rate,pretrain_fraction,pretrain_training_mode,es_budget",manifold_group_noise_fashion_mnist,0.1,0.0,support,100,PU-R-Manifold,GREATS,spectral_entropy,higher,5,0 1 2 3 4,0.22231800912195793,0.2264449265914263,-0.0041269174694683886,0.0016976092993101254,-0.008839480884353296,0.0005856459454165195,-1.8224817537707834,0.0,1.0,0.0,0,0,0
/Users/yi1lan/Desktop/CertifAI/results/PU-R/FashionMNIST/extensions_v4/pu_r_manifold/manifold_group_noise_0p1_low_support/results.csv,/Users/yi1lan/Desktop/CertifAI/results/PU-R/FashionMNIST/extensions_v4/pu_r_manifold/manifold_group_noise_0p1_low_support,"dataset=manifold_group_noise_fashion_mnist, noise_rate=0.1, pretrain_fraction=0.0, pretrain_training_mode=support, es_budget=100","dataset,noise_rate,pretrain_fraction,pretrain_training_mode,es_budget",manifold_group_noise_fashion_mnist,0.1,0.0,support,100,PU-R-Manifold,GREATS,runtime_sec,lower,5,0 1 2 3 4,3.0324639591854066,2.4826711752219124,0.549792783963494,0.05526460712006497,0.3963782345981936,0.7032073333287943,22.145211554822637,0.0,1.0,0.0,0,0,1
/Users/yi1lan/Desktop/CertifAI/results/PU-R/FashionMNIST/extensions_v4/pu_r_manifold/manifold_group_noise_0p1_low_support/results.csv,/Users/yi1lan/Desktop/CertifAI/results/PU-R/FashionMNIST/extensions_v4/pu_r_manifold/manifold_group_noise_0p1_low_support,"dataset=manifold_group_noise_fashion_mnist, noise_rate=0.1, pretrain_fraction=0.0, pretrain_training_mode=support, es_budget=200","dataset,noise_rate,pretrain_fraction,pretrain_training_mode,es_budget",manifold_group_noise_fashion_mnist,0.1,0.0,support,200,PU-R-Manifold,PU-R,test_inappropriate_risk,lower,5,0 1 2 3 4,0.32465,0.33525,-0.010600000000000009,0.007411393256331769,-0.031174027679577,0.009974027679576981,-3.1618195376584666,0.8,0.2,0.0,0,0,0
/Users/yi1lan/Desktop/CertifAI/results/PU-R/FashionMNIST/extensions_v4/pu_r_manifold/manifold_group_noise_0p1_low_support/results.csv,/Users/yi1lan/Desktop/CertifAI/results/PU-R/FashionMNIST/extensions_v4/pu_r_manifold/manifold_group_noise_0p1_low_support,"dataset=manifold_group_noise_fashion_mnist, noise_rate=0.1, pretrain_fraction=0.0, pretrain_training_mode=support, es_budget=200","dataset,noise_rate,pretrain_fraction,pretrain_training_mode,es_budget",manifold_group_noise_fashion_mnist,0.1,0.0,support,200,PU-R-Manifold,PU-R,certified_bound,lower,5,0 1 2 3 4,0.24015837165061385,0.25523098966805263,-0.0150726180174388,0.01462354855477219,-0.05566758880548639,0.025522352770608794,-5.905481163177672,0.6,0.4,0.0,0,0,0
/Users/yi1lan/Desktop/CertifAI/results/PU-R/FashionMNIST/extensions_v4/pu_r_manifold/manifold_group_noise_0p1_low_support/results.csv,/Users/yi1lan/Desktop/CertifAI/results/PU-R/FashionMNIST/extensions_v4/pu_r_manifold/manifold_group_noise_0p1_low_support,"dataset=manifold_group_noise_fashion_mnist, noise_rate=0.1, pretrain_fraction=0.0, pretrain_training_mode=support, es_budget=200","dataset,noise_rate,pretrain_fraction,pretrain_training_mode,es_budget",manifold_group_noise_fashion_mnist,0.1,0.0,support,200,PU-R-Manifold,PU-R,effective_compression_size,lower,5,0 1 2 3 4,1096.6,1169.2,-72.6,70.5227622828261,-268.37118809712524,123.17118809712522,-6.209373930892917,0.6,0.4,0.0,0,0,0
/Users/yi1lan/Desktop/CertifAI/results/PU-R/FashionMNIST/extensions_v4/pu_r_manifold/manifold_group_noise_0p1_low_support/results.csv,/Users/yi1lan/Desktop/CertifAI/results/PU-R/FashionMNIST/extensions_v4/pu_r_manifold/manifold_group_noise_0p1_low_support,"dataset=manifold_group_noise_fashion_mnist, noise_rate=0.1, pretrain_fraction=0.0, pretrain_training_mode=support, es_budget=200","dataset,noise_rate,pretrain_fraction,pretrain_training_mode,es_budget",manifold_group_noise_fashion_mnist,0.1,0.0,support,200,PU-R-Manifold,PU-R,noise_hit_rate,lower,5,0 1 2 3 4,0.04705882352941177,0.05588235294117647,-0.008823529411764706,0.007657107525398678,-0.030079659902271436,0.012432601078742025,-15.789473684210526,0.4,0.2,0.4,0,0,0
/Users/yi1lan/Desktop/CertifAI/results/PU-R/FashionMNIST/extensions_v4/pu_r_manifold/manifold_group_noise_0p1_low_support/results.csv,/Users/yi1lan/Desktop/CertifAI/results/PU-R/FashionMNIST/extensions_v4/pu_r_manifold/manifold_group_noise_0p1_low_support,"dataset=manifold_group_noise_fashion_mnist, noise_rate=0.1, pretrain_fraction=0.0, pretrain_training_mode=support, es_budget=200","dataset,noise_rate,pretrain_fraction,pretrain_training_mode,es_budget",manifold_group_noise_fashion_mnist,0.1,0.0,support,200,PU-R-Manifold,PU-R,duplicate_hit_rate,lower,5,0 1 2 3 4,0.4568627450980392,0.45588235294117646,0.0009803921568627306,0.016287497770427598,-0.044233701653844285,0.04619448596756974,0.21505376344085703,0.2,0.6,0.2,0,0,0
/Users/yi1lan/Desktop/CertifAI/results/PU-R/FashionMNIST/extensions_v4/pu_r_manifold/manifold_group_noise_0p1_low_support/results.csv,/Users/yi1lan/Desktop/CertifAI/results/PU-R/FashionMNIST/extensions_v4/pu_r_manifold/manifold_group_noise_0p1_low_support,"dataset=manifold_group_noise_fashion_mnist, noise_rate=0.1, pretrain_fraction=0.0, pretrain_training_mode=support, es_budget=200","dataset,noise_rate,pretrain_fraction,pretrain_training_mode,es_budget",manifold_group_noise_fashion_mnist,0.1,0.0,support,200,PU-R-Manifold,PU-R,group_revisit_rate,lower,5,0 1 2 3 4,0.26176470588235295,0.27450980392156865,-0.012745098039215691,0.012459083359940032,-0.047331513446409214,0.021841317367977835,-4.642857142857144,0.6,0.4,0.0,0,0,0
/Users/yi1lan/Desktop/CertifAI/results/PU-R/FashionMNIST/extensions_v4/pu_r_manifold/manifold_group_noise_0p1_low_support/results.csv,/Users/yi1lan/Desktop/CertifAI/results/PU-R/FashionMNIST/extensions_v4/pu_r_manifold/manifold_group_noise_0p1_low_support,"dataset=manifold_group_noise_fashion_mnist, noise_rate=0.1, pretrain_fraction=0.0, pretrain_training_mode=support, es_budget=200","dataset,noise_rate,pretrain_fraction,pretrain_training_mode,es_budget",manifold_group_noise_fashion_mnist,0.1,0.0,support,200,PU-R-Manifold,PU-R,unique_group_fraction,higher,5,0 1 2 3 4,0.7382352941176471,0.7254901960784315,0.012745098039215686,0.012459083359940011,-0.021841317367977783,0.04733151344640915,1.7567567567567564,0.6,0.4,0.0,0,0,0
/Users/yi1lan/Desktop/CertifAI/results/PU-R/FashionMNIST/extensions_v4/pu_r_manifold/manifold_group_noise_0p1_low_support/results.csv,/Users/yi1lan/Desktop/CertifAI/results/PU-R/FashionMNIST/extensions_v4/pu_r_manifold/manifold_group_noise_0p1_low_support,"dataset=manifold_group_noise_fashion_mnist, noise_rate=0.1, pretrain_fraction=0.0, pretrain_training_mode=support, es_budget=200","dataset,noise_rate,pretrain_fraction,pretrain_training_mode,es_budget",manifold_group_noise_fashion_mnist,0.1,0.0,support,200,PU-R-Manifold,PU-R,mode_entropy,higher,5,0 1 2 3 4,0.9668502949229302,0.9650585242896514,0.001791770633278711,0.0022475621901280585,-0.004447462006516779,0.0080310032730742,0.1856644533136035,0.8,0.2,0.0,0,0,0
/Users/yi1lan/Desktop/CertifAI/results/PU-R/FashionMNIST/extensions_v4/pu_r_manifold/manifold_group_noise_0p1_low_support/results.csv,/Users/yi1lan/Desktop/CertifAI/results/PU-R/FashionMNIST/extensions_v4/pu_r_manifold/manifold_group_noise_0p1_low_support,"dataset=manifold_group_noise_fashion_mnist, noise_rate=0.1, pretrain_fraction=0.0, pretrain_training_mode=support, es_budget=200","dataset,noise_rate,pretrain_fraction,pretrain_training_mode,es_budget",manifold_group_noise_fashion_mnist,0.1,0.0,support,200,PU-R-Manifold,PU-R,spectral_entropy,higher,5,0 1 2 3 4,0.19148238616687902,0.18956596187030747,0.0019164242965715671,0.0008964367338205013,-0.0005720840765141445,0.004404932669657279,1.010953800810875,0.8,0.2,0.0,0,0,0
/Users/yi1lan/Desktop/CertifAI/results/PU-R/FashionMNIST/extensions_v4/pu_r_manifold/manifold_group_noise_0p1_low_support/results.csv,/Users/yi1lan/Desktop/CertifAI/results/PU-R/FashionMNIST/extensions_v4/pu_r_manifold/manifold_group_noise_0p1_low_support,"dataset=manifold_group_noise_fashion_mnist, noise_rate=0.1, pretrain_fraction=0.0, pretrain_training_mode=support, es_budget=200","dataset,noise_rate,pretrain_fraction,pretrain_training_mode,es_budget",manifold_group_noise_fashion_mnist,0.1,0.0,support,200,PU-R-Manifold,PU-R,runtime_sec,lower,5,0 1 2 3 4,7.942348403623328,6.348160476819612,1.5941879268037156,0.12574535749971458,1.245118814384508,1.9432570392229231,25.112596517131422,0.0,1.0,0.0,0,0,1
/Users/yi1lan/Desktop/CertifAI/results/PU-R/FashionMNIST/extensions_v4/pu_r_manifold/manifold_group_noise_0p1_low_support/results.csv,/Users/yi1lan/Desktop/CertifAI/results/PU-R/FashionMNIST/extensions_v4/pu_r_manifold/manifold_group_noise_0p1_low_support,"dataset=manifold_group_noise_fashion_mnist, noise_rate=0.1, pretrain_fraction=0.0, pretrain_training_mode=support, es_budget=200","dataset,noise_rate,pretrain_fraction,pretrain_training_mode,es_budget",manifold_group_noise_fashion_mnist,0.1,0.0,support,200,PU-R-Manifold,MaxLoss,test_inappropriate_risk,lower,5,0 1 2 3 4,0.32465,0.36505,-0.04039999999999999,0.007678134539066119,-0.061714501480447534,-0.01908549851955245,-11.066977126421037,1.0,0.0,0.0,1,1,0
/Users/yi1lan/Desktop/CertifAI/results/PU-R/FashionMNIST/extensions_v4/pu_r_manifold/manifold_group_noise_0p1_low_support/results.csv,/Users/yi1lan/Desktop/CertifAI/results/PU-R/FashionMNIST/extensions_v4/pu_r_manifold/manifold_group_noise_0p1_low_support,"dataset=manifold_group_noise_fashion_mnist, noise_rate=0.1, pretrain_fraction=0.0, pretrain_training_mode=support, es_budget=200","dataset,noise_rate,pretrain_fraction,pretrain_training_mode,es_budget",manifold_group_noise_fashion_mnist,0.1,0.0,support,200,PU-R-Manifold,MaxLoss,certified_bound,lower,5,0 1 2 3 4,0.24015837165061385,0.25827044090256096,-0.018112069251947104,0.01796429406132162,-0.06798094956617592,0.03175681106228171,-7.01283088713212,0.8,0.2,0.0,0,0,0
/Users/yi1lan/Desktop/CertifAI/results/PU-R/FashionMNIST/extensions_v4/pu_r_manifold/manifold_group_noise_0p1_low_support/results.csv,/Users/yi1lan/Desktop/CertifAI/results/PU-R/FashionMNIST/extensions_v4/pu_r_manifold/manifold_group_noise_0p1_low_support,"dataset=manifold_group_noise_fashion_mnist, noise_rate=0.1, pretrain_fraction=0.0, pretrain_training_mode=support, es_budget=200","dataset,noise_rate,pretrain_fraction,pretrain_training_mode,es_budget",manifold_group_noise_fashion_mnist,0.1,0.0,support,200,PU-R-Manifold,MaxLoss,effective_compression_size,lower,5,0 1 2 3 4,1096.6,1183.6,-87.0,86.72831140982741,-327.75779247368087,153.7577924736809,-7.3504562352146,0.8,0.2,0.0,0,0,0
/Users/yi1lan/Desktop/CertifAI/results/PU-R/FashionMNIST/extensions_v4/pu_r_manifold/manifold_group_noise_0p1_low_support/results.csv,/Users/yi1lan/Desktop/CertifAI/results/PU-R/FashionMNIST/extensions_v4/pu_r_manifold/manifold_group_noise_0p1_low_support,"dataset=manifold_group_noise_fashion_mnist, noise_rate=0.1, pretrain_fraction=0.0, pretrain_training_mode=support, es_budget=200","dataset,noise_rate,pretrain_fraction,pretrain_training_mode,es_budget",manifold_group_noise_fashion_mnist,0.1,0.0,support,200,PU-R-Manifold,MaxLoss,noise_hit_rate,lower,5,0 1 2 3 4,0.04705882352941177,0.07647058823529412,-0.02941176470588235,0.01062719773954843,-0.05891286563086879,8.93362191040914e-05,-38.46153846153845,0.8,0.0,0.2,0,0,0
/Users/yi1lan/Desktop/CertifAI/results/PU-R/FashionMNIST/extensions_v4/pu_r_manifold/manifold_group_noise_0p1_low_support/results.csv,/Users/yi1lan/Desktop/CertifAI/results/PU-R/FashionMNIST/extensions_v4/pu_r_manifold/manifold_group_noise_0p1_low_support,"dataset=manifold_group_noise_fashion_mnist, noise_rate=0.1, pretrain_fraction=0.0, pretrain_training_mode=support, es_budget=200","dataset,noise_rate,pretrain_fraction,pretrain_training_mode,es_budget",manifold_group_noise_fashion_mnist,0.1,0.0,support,200,PU-R-Manifold,MaxLoss,duplicate_hit_rate,lower,5,0 1 2 3 4,0.4568627450980392,0.44901960784313727,0.007843137254901943,0.011866390624421765,-0.025097963118492873,0.04078423762829676,1.7467248908296902,0.4,0.4,0.2,0,0,0
/Users/yi1lan/Desktop/CertifAI/results/PU-R/FashionMNIST/extensions_v4/pu_r_manifold/manifold_group_noise_0p1_low_support/results.csv,/Users/yi1lan/Desktop/CertifAI/results/PU-R/FashionMNIST/extensions_v4/pu_r_manifold/manifold_group_noise_0p1_low_support,"dataset=manifold_group_noise_fashion_mnist, noise_rate=0.1, pretrain_fraction=0.0, pretrain_training_mode=support, es_budget=200","dataset,noise_rate,pretrain_fraction,pretrain_training_mode,es_budget",manifold_group_noise_fashion_mnist,0.1,0.0,support,200,PU-R-Manifold,MaxLoss,group_revisit_rate,lower,5,0 1 2 3 4,0.26176470588235295,0.2676470588235294,-0.005882352941176472,0.007498558108224681,-0.026698350249608184,0.014933644367255241,-2.1978021978021984,0.6,0.2,0.2,0,0,0
/Users/yi1lan/Desktop/CertifAI/results/PU-R/FashionMNIST/extensions_v4/pu_r_manifold/manifold_group_noise_0p1_low_support/results.csv,/Users/yi1lan/Desktop/CertifAI/results/PU-R/FashionMNIST/extensions_v4/pu_r_manifold/manifold_group_noise_0p1_low_support,"dataset=manifold_group_noise_fashion_mnist, noise_rate=0.1, pretrain_fraction=0.0, pretrain_training_mode=support, es_budget=200","dataset,noise_rate,pretrain_fraction,pretrain_training_mode,es_budget",manifold_group_noise_fashion_mnist,0.1,0.0,support,200,PU-R-Manifold,MaxLoss,unique_group_fraction,higher,5,0 1 2 3 4,0.7382352941176471,0.7323529411764707,0.005882352941176472,0.007498558108224659,-0.014933644367255179,0.02669835024960812,0.8032128514056226,0.6,0.2,0.2,0,0,0
/Users/yi1lan/Desktop/CertifAI/results/PU-R/FashionMNIST/extensions_v4/pu_r_manifold/manifold_group_noise_0p1_low_support/results.csv,/Users/yi1lan/Desktop/CertifAI/results/PU-R/FashionMNIST/extensions_v4/pu_r_manifold/manifold_group_noise_0p1_low_support,"dataset=manifold_group_noise_fashion_mnist, noise_rate=0.1, pretrain_fraction=0.0, pretrain_training_mode=support, es_budget=200","dataset,noise_rate,pretrain_fraction,pretrain_training_mode,es_budget",manifold_group_noise_fashion_mnist,0.1,0.0,support,200,PU-R-Manifold,MaxLoss,mode_entropy,higher,5,0 1 2 3 4,0.9668502949229302,0.963746417348894,0.0031038775740362735,0.0008954830936428536,0.0006180165060837121,0.005589738641988835,0.32206372113678244,1.0,0.0,0.0,1,1,0
/Users/yi1lan/Desktop/CertifAI/results/PU-R/FashionMNIST/extensions_v4/pu_r_manifold/manifold_group_noise_0p1_low_support/results.csv,/Users/yi1lan/Desktop/CertifAI/results/PU-R/FashionMNIST/extensions_v4/pu_r_manifold/manifold_group_noise_0p1_low_support,"dataset=manifold_group_noise_fashion_mnist, noise_rate=0.1, pretrain_fraction=0.0, pretrain_training_mode=support, es_budget=200","dataset,noise_rate,pretrain_fraction,pretrain_training_mode,es_budget",manifold_group_noise_fashion_mnist,0.1,0.0,support,200,PU-R-Manifold,MaxLoss,spectral_entropy,higher,5,0 1 2 3 4,0.19148238616687902,0.19136525901002824,0.00011712715685083808,0.0021167106027992757,-0.005758861476519952,0.005993115790221627,0.06120607128836284,0.2,0.8,0.0,0,0,0
/Users/yi1lan/Desktop/CertifAI/results/PU-R/FashionMNIST/extensions_v4/pu_r_manifold/manifold_group_noise_0p1_low_support/results.csv,/Users/yi1lan/Desktop/CertifAI/results/PU-R/FashionMNIST/extensions_v4/pu_r_manifold/manifold_group_noise_0p1_low_support,"dataset=manifold_group_noise_fashion_mnist, noise_rate=0.1, pretrain_fraction=0.0, pretrain_training_mode=support, es_budget=200","dataset,noise_rate,pretrain_fraction,pretrain_training_mode,es_budget",manifold_group_noise_fashion_mnist,0.1,0.0,support,200,PU-R-Manifold,MaxLoss,runtime_sec,lower,5,0 1 2 3 4,7.942348403623328,3.4708207508083433,4.471527652814984,0.23901907370331757,3.808010704214575,5.135044601415394,128.83199605665547,0.0,1.0,0.0,0,0,1
/Users/yi1lan/Desktop/CertifAI/results/PU-R/FashionMNIST/extensions_v4/pu_r_manifold/manifold_group_noise_0p1_low_support/results.csv,/Users/yi1lan/Desktop/CertifAI/results/PU-R/FashionMNIST/extensions_v4/pu_r_manifold/manifold_group_noise_0p1_low_support,"dataset=manifold_group_noise_fashion_mnist, noise_rate=0.1, pretrain_fraction=0.0, pretrain_training_mode=support, es_budget=200","dataset,noise_rate,pretrain_fraction,pretrain_training_mode,es_budget",manifold_group_noise_fashion_mnist,0.1,0.0,support,200,PU-R-Manifold,GREATS,test_inappropriate_risk,lower,5,0 1 2 3 4,0.32465,0.3611,-0.03644999999999998,0.007888837049907924,-0.05834941165054438,-0.014550588349455586,-10.094156743284405,1.0,0.0,0.0,1,1,0
/Users/yi1lan/Desktop/CertifAI/results/PU-R/FashionMNIST/extensions_v4/pu_r_manifold/manifold_group_noise_0p1_low_support/results.csv,/Users/yi1lan/Desktop/CertifAI/results/PU-R/FashionMNIST/extensions_v4/pu_r_manifold/manifold_group_noise_0p1_low_support,"dataset=manifold_group_noise_fashion_mnist, noise_rate=0.1, pretrain_fraction=0.0, pretrain_training_mode=support, es_budget=200","dataset,noise_rate,pretrain_fraction,pretrain_training_mode,es_budget",manifold_group_noise_fashion_mnist,0.1,0.0,support,200,PU-R-Manifold,GREATS,effective_compression_size,lower,5,0 1 2 3 4,1096.6,1118.8,-22.2,117.95821294000685,-349.65199912145897,305.251999121459,-1.9842688594923132,0.4,0.6,0.0,0,0,0
/Users/yi1lan/Desktop/CertifAI/results/PU-R/FashionMNIST/extensions_v4/pu_r_manifold/manifold_group_noise_0p1_low_support/results.csv,/Users/yi1lan/Desktop/CertifAI/results/PU-R/FashionMNIST/extensions_v4/pu_r_manifold/manifold_group_noise_0p1_low_support,"dataset=manifold_group_noise_fashion_mnist, noise_rate=0.1, pretrain_fraction=0.0, pretrain_training_mode=support, es_budget=200","dataset,noise_rate,pretrain_fraction,pretrain_training_mode,es_budget",manifold_group_noise_fashion_mnist,0.1,0.0,support,200,PU-R-Manifold,GREATS,noise_hit_rate,lower,5,0 1 2 3 4,0.04705882352941177,0.07941176470588235,-0.032352941176470584,0.005279573340327944,-0.047009036769220955,-0.017696845583720214,-40.74074074074074,1.0,0.0,0.0,1,1,0
/Users/yi1lan/Desktop/CertifAI/results/PU-R/FashionMNIST/extensions_v4/pu_r_manifold/manifold_group_noise_0p1_low_support/results.csv,/Users/yi1lan/Desktop/CertifAI/results/PU-R/FashionMNIST/extensions_v4/pu_r_manifold/manifold_group_noise_0p1_low_support,"dataset=manifold_group_noise_fashion_mnist, noise_rate=0.1, pretrain_fraction=0.0, pretrain_training_mode=support, es_budget=200","dataset,noise_rate,pretrain_fraction,pretrain_training_mode,es_budget",manifold_group_noise_fashion_mnist,0.1,0.0,support,200,PU-R-Manifold,GREATS,duplicate_hit_rate,lower,5,0 1 2 3 4,0.4568627450980392,0.49411764705882355,-0.03725490196078431,0.021679749399505854,-0.09743788629381256,0.022928082372243933,-7.5396825396825395,0.8,0.2,0.0,0,0,0
/Users/yi1lan/Desktop/CertifAI/results/PU-R/FashionMNIST/extensions_v4/pu_r_manifold/manifold_group_noise_0p1_low_support/results.csv,/Users/yi1lan/Desktop/CertifAI/results/PU-R/FashionMNIST/extensions_v4/pu_r_manifold/manifold_group_noise_0p1_low_support,"dataset=manifold_group_noise_fashion_mnist, noise_rate=0.1, pretrain_fraction=0.0, pretrain_training_mode=support, es_budget=200","dataset,noise_rate,pretrain_fraction,pretrain_training_mode,es_budget",manifold_group_noise_fashion_mnist,0.1,0.0,support,200,PU-R-Manifold,GREATS,group_revisit_rate,lower,5,0 1 2 3 4,0.26176470588235295,0.2892156862745098,-0.02745098039215684,0.02179030467734595,-0.08794086617646919,0.03303890539215551,-9.491525423728806,0.8,0.2,0.0,0,0,0
/Users/yi1lan/Desktop/CertifAI/results/PU-R/FashionMNIST/extensions_v4/pu_r_manifold/manifold_group_noise_0p1_low_support/results.csv,/Users/yi1lan/Desktop/CertifAI/results/PU-R/FashionMNIST/extensions_v4/pu_r_manifold/manifold_group_noise_0p1_low_support,"dataset=manifold_group_noise_fashion_mnist, noise_rate=0.1, pretrain_fraction=0.0, pretrain_training_mode=support, es_budget=200","dataset,noise_rate,pretrain_fraction,pretrain_training_mode,es_budget",manifold_group_noise_fashion_mnist,0.1,0.0,support,200,PU-R-Manifold,GREATS,unique_group_fraction,higher,5,0 1 2 3 4,0.7382352941176471,0.7107843137254903,0.027450980392156876,0.02179030467734593,-0.03303890539215542,0.08794086617646918,3.8620689655172424,0.8,0.2,0.0,0,0,0
/Users/yi1lan/Desktop/CertifAI/results/PU-R/FashionMNIST/extensions_v4/pu_r_manifold/manifold_group_noise_0p1_low_support/results.csv,/Users/yi1lan/Desktop/CertifAI/results/PU-R/FashionMNIST/extensions_v4/pu_r_manifold/manifold_group_noise_0p1_low_support,"dataset=manifold_group_noise_fashion_mnist, noise_rate=0.1, pretrain_fraction=0.0, pretrain_training_mode=support, es_budget=200","dataset,noise_rate,pretrain_fraction,pretrain_training_mode,es_budget",manifold_group_noise_fashion_mnist,0.1,0.0,support,200,PU-R-Manifold,GREATS,mode_entropy,higher,5,0 1 2 3 4,0.9668502949229302,0.9641238058240724,0.002726489098857798,0.0034076721644734887,-0.0067332088297206065,0.012186187027436204,0.2827945002900708,0.6,0.4,0.0,0,0,0
/Users/yi1lan/Desktop/CertifAI/results/PU-R/FashionMNIST/extensions_v4/pu_r_manifold/manifold_group_noise_0p1_low_support/results.csv,/Users/yi1lan/Desktop/CertifAI/results/PU-R/FashionMNIST/extensions_v4/pu_r_manifold/manifold_group_noise_0p1_low_support,"dataset=manifold_group_noise_fashion_mnist, noise_rate=0.1, pretrain_fraction=0.0, pretrain_training_mode=support, es_budget=200","dataset,noise_rate,pretrain_fraction,pretrain_training_mode,es_budget",manifold_group_noise_fashion_mnist,0.1,0.0,support,200,PU-R-Manifold,GREATS,spectral_entropy,higher,5,0 1 2 3 4,0.19148238616687902,0.19200032292790525,-0.0005179367610261998,0.001898629088485484,-0.005788531110661903,0.0047526575886095036,-0.2697582759903385,0.4,0.6,0.0,0,0,0
/Users/yi1lan/Desktop/CertifAI/results/PU-R/FashionMNIST/extensions_v4/pu_r_manifold/manifold_group_noise_0p1_low_support/results.csv,/Users/yi1lan/Desktop/CertifAI/results/PU-R/FashionMNIST/extensions_v4/pu_r_manifold/manifold_group_noise_0p1_low_support,"dataset=manifold_group_noise_fashion_mnist, noise_rate=0.1, pretrain_fraction=0.0, pretrain_training_mode=support, es_budget=200","dataset,noise_rate,pretrain_fraction,pretrain_training_mode,es_budget",manifold_group_noise_fashion_mnist,0.1,0.0,support,200,PU-R-Manifold,GREATS,runtime_sec,lower,5,0 1 2 3 4,7.942348403623328,5.559557183622383,2.382791220000945,0.1737817744409577,1.9003730141528465,2.8652094258490437,42.85937065312123,0.0,1.0,0.0,0,0,1
