dataset,method,noise_rate,pretrain_fraction,es_budget,n,step_mean,step_se,compression_size_mean,compression_size_se,remaining_bad_mean,remaining_bad_se,effective_compression_size_mean,effective_compression_size_se,certified_bound_mean,certified_bound_se,test_error_mean,test_error_se,pac_bayes_bound_mean,pac_bayes_bound_se,pac_bayes_empirical_risk_mean,pac_bayes_empirical_risk_se,pac_bayes_mc_upper_mean,pac_bayes_mc_upper_se,pac_bayes_kl_mean,pac_bayes_kl_se,runtime_sec_mean,runtime_sec_se,stop_reached_mean,stop_reached_se,hit_limit_mean,hit_limit_se,train_calls_mean,train_calls_se,noise_hit_rate_mean,noise_hit_rate_se,duplicate_hit_rate_mean,duplicate_hit_rate_se,pairwise_feature_cosine_mean,pairwise_feature_cosine_se
mnist,GREATS,0.0,0.0,100,3,100.0,0.0,104.0,0.0,94.0,7.76745346515403,198.0,7.76745346515403,,,0.15149999999999997,0.007223111056416973,0.5504709266127272,0.014025476563677879,0.08838999999999997,0.007979732660517734,0.20835688842069178,0.010919331735664705,238.61225053431292,9.410819169533633,1.037449096639951,0.003089081821855856,0.0,0.0,0.0,0.0,101.0,0.0,0.0,0.0,0.0,0.0,0.6270131667455038,0.0037385142078785114
mnist,GREATS,0.0,0.0,200,3,200.0,0.0,204.0,0.0,4.0,0.0,208.0,0.0,,,0.08290000000000002,0.001960442127004338,0.4356077733416777,0.002402047943315733,0.004453333333333338,0.0002983472994868752,0.06744469300064407,0.0008227829305704903,335.0124081261976,2.1492280478755545,1.9332515622178714,0.006218007854332521,0.0,0.0,1.0,0.0,201.0,0.0,0.0,0.0,0.0,0.0,0.6074589689572653,0.0036056379865678986
mnist,GREATS,0.0,0.0,50,3,50.0,0.0,54.0,0.0,221.33333333333334,16.333333333333336,275.3333333333333,16.333333333333336,,,0.24793333333333334,0.01609661800227338,0.6466599946173109,0.016591760682590842,0.21103999999999998,0.012524551888191442,0.3607549615748947,0.014353112514174302,161.40251751979517,4.0850832003043696,0.5380214309940735,0.0020951956666618076,0.0,0.0,0.0,0.0,51.0,0.0,0.0,0.0,0.0,0.0,0.6291367610295614,0.003531029770162961
mnist,GREATS,0.0,0.2,100,3,100.0,0.0,104.0,0.0,75.0,18.50225211517056,179.0,18.50225211517056,,,0.14429999999999998,0.01841312937371955,0.5507235926197418,0.034712038163925284,0.0828125,0.017747184342405787,0.1995918118151242,0.025432261289247932,202.36228202074724,7.552908940985763,1.0218401290476322,0.0022679588003127684,0.0,0.0,0.0,0.0,101.0,0.0,0.0,0.0,0.0,0.0,0.6280478636423746,0.005438148783448859
mnist,GREATS,0.0,0.2,200,3,178.0,2.5166114784235836,182.0,2.5166114784235836,0.0,0.0,182.0,2.5166114784235836,,,0.08406666666666666,0.0016271993663278723,0.42418268743718723,0.0019811513434793275,0.0012666666666666523,0.00014971036852684617,0.057424832249375946,0.00056301627389384,272.38511582594134,3.1161066224416993,1.7232115942363937,0.024218629649524526,1.0,0.0,0.0,0.0,179.0,2.5166114784235836,0.0,0.0,0.0,0.0,0.6005621353785197,0.005799720524833003
mnist,GREATS,0.0,0.2,50,3,50.0,0.0,54.0,0.0,158.0,14.153915830374764,212.0,14.153915830374764,,,0.2353333333333333,0.019033420898806157,0.6184856960187846,0.015032685239582736,0.18194583333333333,0.013700589884908044,0.32671050088454323,0.016378507762575167,132.0807643216502,2.3983933376596327,0.5351432816435894,0.0004769973310753881,0.0,0.0,0.0,0.0,51.0,0.0,0.0,0.0,0.0,0.0,0.6223182280858358,0.003459337476419272
mnist,GREATS,0.0,0.4,100,3,100.0,0.0,104.0,0.0,37.666666666666664,9.735387911006823,141.66666666666666,9.735387911006823,,,0.14536666666666667,0.021774322288216224,0.5700003828679344,0.02613512106446409,0.06097222222222224,0.013878528357960584,0.16853815506427627,0.020295646433384832,199.7506118613603,5.111219935490485,0.9892101918036739,0.005708825950336389,0.0,0.0,0.0,0.0,101.0,0.0,0.0,0.0,0.0,0.0,0.6175182461738586,0.0032378266566240143
mnist,GREATS,0.0,0.4,200,3,149.66666666666666,10.588253449512393,153.66666666666666,10.588253449512393,0.0,0.0,153.66666666666666,10.588253449512393,,,0.09759999999999998,0.0017897858344878487,0.46799523382405345,0.012814076213059033,0.000611111111111113,0.00039794999375658373,0.05455090751741767,0.0017647491741271,249.04749249643933,14.60281519354876,1.4437081053232153,0.07608395606405179,1.0,0.0,0.0,0.0,150.66666666666666,10.588253449512393,0.0,0.0,0.0,0.0,0.603333572546641,0.005447270831916792
mnist,GREATS,0.0,0.4,50,3,50.0,0.0,54.0,0.0,133.33333333333334,19.341952101872014,187.33333333333334,19.341952101872014,,,0.27093333333333336,0.017276316479826113,0.6888373374644338,0.03328680529051964,0.20881666666666665,0.023937797479052836,0.35768563331617464,0.02793936001660065,133.0848556939472,7.076618747889184,0.5180293393010894,0.0030333183813193517,0.0,0.0,0.0,0.0,51.0,0.0,0.0,0.0,0.0,0.0,0.6148383418718973,0.0059887945644160985
mnist,GREATS,0.0,0.6,100,3,100.0,0.0,104.0,0.0,6.0,1.5275252316519468,110.0,1.5275252316519468,,,0.1250666666666667,0.006148260820029614,0.5617273402666197,0.009065170262314019,0.014666666666666654,0.004135374160150986,0.09075088816061193,0.008457889762878082,192.46603793481123,1.6511637924415705,0.8700919474164645,0.005046724372521289,0.0,0.0,0.0,0.0,101.0,0.0,0.0,0.0,0.0,0.0,0.603708823521932,0.002107836193985899
mnist,GREATS,0.0,0.6,200,3,115.66666666666667,1.7638342073763937,119.66666666666667,1.7638342073763937,0.0,0.0,119.66666666666667,1.7638342073763937,,,0.12510000000000002,0.0031785741037977117,0.5386717659611265,0.005976838527486018,0.0017833333333333254,0.0008013443565520232,0.05895540463665566,0.002880933504369665,209.2097041502344,2.7599824228937155,1.0313737224787474,0.018724565292749018,1.0,0.0,0.0,0.0,116.66666666666667,1.7638342073763937,0.0,0.0,0.0,0.0,0.6014520525932312,0.0018597522930562666
mnist,GREATS,0.0,0.6,50,3,50.0,0.0,54.0,0.0,50.666666666666664,4.0551750201988135,104.66666666666667,4.0551750201988135,,,0.2054,0.003500476158086672,0.6577452245359092,0.010690083574480027,0.12986666666666666,0.00853598184810108,0.2630433052730213,0.010860437011792644,122.76767862459292,1.1115682118431363,0.45458732390155393,0.002700706800347786,0.0,0.0,0.0,0.0,51.0,0.0,0.0,0.0,0.0,0.0,0.6172074278195699,0.002644036298604554
mnist,GREATS,0.0,0.8,100,3,72.66666666666667,5.666666666666667,76.66666666666667,5.666666666666667,0.0,0.0,76.66666666666667,5.666666666666667,,,0.16423333333333334,0.012101560964511067,0.6556375154084183,0.019406636799355562,0.0022833333333333356,0.0013007476482563586,0.06023099436001361,0.004496206622558057,153.81498139907885,8.178869062299398,0.6446999758481979,0.03878780564448544,1.0,0.0,0.0,0.0,73.66666666666667,5.666666666666667,0.0,0.0,0.0,0.0,0.5940541625022888,0.004988336121605524
mnist,GREATS,0.0,0.8,200,3,72.66666666666667,5.666666666666667,76.66666666666667,5.666666666666667,0.0,0.0,76.66666666666667,5.666666666666667,,,0.16423333333333334,0.012101560964511067,0.6540749125863483,0.019050330789701794,0.0019166666666666683,0.0011263263785915314,0.05900708904908986,0.004133637995632654,153.80141909858355,8.190680925932227,0.6907760249450803,0.03882262108829352,1.0,0.0,0.0,0.0,73.66666666666667,5.666666666666667,0.0,0.0,0.0,0.0,0.5940541625022888,0.004988336121605524
mnist,GREATS,0.0,0.8,50,3,50.0,0.0,54.0,0.0,19.333333333333332,6.11918658356194,73.33333333333333,6.11918658356194,,,0.22166666666666668,0.024262751515669256,0.7556982537819567,0.030362302903249507,0.09606666666666668,0.027986087813610366,0.21640059230363118,0.03890855687558692,123.58272424339874,2.031856829237671,0.43833010240147513,0.0019092269426027435,0.0,0.0,0.0,0.0,51.0,0.0,0.0,0.0,0.0,0.0,0.6129509409268697,0.010601420334888347
mnist,GREATS,0.4,0.0,100,3,100.0,0.0,104.0,0.0,419.0,3.511884584284246,523.0,3.511884584284246,,,0.47903333333333337,0.014261174955490556,0.8695515936999189,0.002067595186918465,0.4203833333333333,0.003936260210459205,0.5823914261992419,0.0038588326535375734,245.01588915310057,2.6514159053233306,1.123520699640115,0.0064420217540913675,0.0,0.0,0.0,0.0,101.0,0.0,0.4519230769230769,0.005551444896054107,0.0,0.0,0.6370816032091776,0.0019795278222157677
mnist,GREATS,0.4,0.0,200,3,200.0,0.0,204.0,0.0,320.0,7.549834435270751,524.0,7.549834435270751,,,0.43829999999999997,0.007071303510197644,0.8551803181873585,0.004430825600850926,0.3217233333333333,0.008352513261155483,0.48224422760851393,0.008745084953671288,376.0639339931509,4.362476960459817,2.1779598395029702,0.012649365546599406,0.0,0.0,1.0,0.0,201.0,0.0,0.45751633986928103,0.0065359477124182965,0.0,0.0,0.625692347685496,0.0009517173596075059
mnist,GREATS,0.4,0.0,50,3,50.0,0.0,54.0,0.0,452.3333333333333,3.527668414752788,506.3333333333333,3.527668414752788,,,0.5120666666666667,0.0163778644653216,0.8478075826325514,0.004231860786870696,0.4525266666666667,0.005427554186228337,0.6136021552841372,0.005210289505258971,154.22736183404334,1.6608121101432447,0.5636051604524255,0.004675476508329917,0.0,0.0,0.0,0.0,51.0,0.0,0.45679012345679015,0.006172839506172849,0.0,0.0,0.6433516343434652,0.006289360889795804
mnist,GREATS,0.4,0.2,100,3,100.0,0.0,104.0,0.0,331.3333333333333,7.859884081701065,435.3333333333333,7.859884081701065,,,0.5046,0.017482086069269098,0.8809540970796496,0.006237669757300617,0.4137583333333333,0.0076717906337293775,0.5758465999507244,0.0075779796638056635,228.32828988262187,5.151466195173428,1.0915279338757198,0.007343832353327251,0.0,0.0,0.0,0.0,101.0,0.0,0.44871794871794873,0.011556254088025603,0.0,0.0,0.6333604057629904,0.005948816622004852
mnist,GREATS,0.4,0.2,200,3,200.0,0.0,204.0,0.0,229.66666666666666,9.243616415908033,433.6666666666667,9.243616415908033,,,0.44523333333333337,0.044931515789155295,0.857419066129232,0.00794269360361753,0.28794166666666665,0.010057455602409813,0.44630995346961155,0.010806439215996843,361.1280407005842,6.037619378302279,2.093338788176576,0.0161913282422973,0.0,0.0,1.0,0.0,201.0,0.0,0.46078431372549017,0.01020424509542222,0.0,0.0,0.6209203600883484,0.007377256842986486
mnist,GREATS,0.4,0.2,50,3,50.0,0.0,54.0,0.0,360.3333333333333,9.26162932629987,414.3333333333333,9.26162932629987,,,0.47680000000000006,0.022106107753288466,0.8620402787884172,0.009713318711594029,0.4509291666666666,0.011688690521658543,0.6119986974513744,0.011228054582169399,146.43225997909173,4.111869388799511,0.5582518596202135,0.0030154060116149616,0.0,0.0,0.0,0.0,51.0,0.0,0.4567901234567901,0.022256489354715987,0.0,0.0,0.6409524281819662,0.004118320642997075
mnist,GREATS,0.4,0.4,100,3,100.0,0.0,104.0,0.0,219.66666666666666,5.044248650140519,323.6666666666667,5.044248650140519,,,0.46446666666666664,0.018129932279091505,0.8887669179737081,0.0031786500089143375,0.36811666666666665,0.006283340701439849,0.5301780076640468,0.00638145780224326,234.6374670904072,1.4358874148753762,1.0455831941217184,0.005747775311382386,0.0,0.0,0.0,0.0,101.0,0.0,0.42948717948717946,0.017845398598814177,0.0,0.0,0.6264416575431824,0.0036499911693571993
mnist,GREATS,0.4,0.4,200,3,200.0,0.0,204.0,0.0,129.66666666666666,10.333333333333334,333.6666666666667,10.333333333333334,,,0.44553333333333334,0.02596544712583329,0.8511589733220486,0.011265054865571637,0.21426111111111115,0.016624082635044564,0.36431696372689326,0.019140896735230423,362.1348449707977,1.6685942640513343,1.9667947202300031,0.013438308594604747,0.0,0.0,1.0,0.0,201.0,0.0,0.4477124183006536,0.01276184587566447,0.0,0.0,0.6156091888745626,0.004193095943760131
mnist,GREATS,0.4,0.4,50,3,50.0,0.0,54.0,0.0,268.3333333333333,14.426056672254935,322.3333333333333,14.426056672254935,,,0.5356000000000001,0.04610361518724245,0.8846137769643128,0.012386507784396544,0.44906111111111113,0.02278007237764765,0.6099589439298548,0.021974143079961986,142.52489243156109,0.9936456309202129,0.5386246858785549,0.002968036350724888,0.0,0.0,0.0,0.0,51.0,0.0,0.46913580246913583,0.03436891581993843,0.0,0.0,0.6482984026273092,0.007142683112624807
mnist,GREATS,0.4,0.6,100,3,100.0,0.0,104.0,0.0,115.0,5.686240703077327,219.0,5.686240703077327,,,0.4186666666666667,0.013749707067586756,0.8951755190754397,0.007132341039810374,0.29011666666666663,0.012946543403978963,0.448595917723891,0.0138540573346703,235.6902693500001,3.370033441983777,0.9129099488879243,0.005705498597330738,0.0,0.0,0.0,0.0,101.0,0.0,0.4198717948717949,0.008479972150848048,0.0,0.0,0.6420561273892721,0.00288331455906746
mnist,GREATS,0.4,0.6,200,3,200.0,0.0,204.0,0.0,26.666666666666668,2.4037008503093267,230.66666666666666,2.4037008503093267,,,0.4275333333333333,0.018060484797233746,0.810458642068523,0.008342805270089836,0.06868333333333333,0.005130633759856351,0.1806771258798375,0.0074947102568296954,364.7193376082276,5.747957395387365,1.7428168080126245,0.00943395285339596,0.0,0.0,1.0,0.0,201.0,0.0,0.42973856209150324,0.009097654187630758,0.0,0.0,0.6203000545501709,0.0019869242392238484
mnist,GREATS,0.4,0.6,50,3,50.0,0.0,54.0,0.0,160.33333333333334,1.452966314513558,214.33333333333334,1.452966314513558,,,0.4485666666666667,0.011708448991125069,0.8997736577463371,0.0015219610124949869,0.39717500000000006,0.0038095548733852688,0.559438199979672,0.003794461837954008,147.57373540923274,2.4221894282968752,0.47129975880185765,0.0032990607308985274,0.0,0.0,0.0,0.0,51.0,0.0,0.4074074074074074,0.010691671651659736,0.0,0.0,0.645860513051351,0.004034359887464607
mnist,GREATS,0.4,0.8,100,3,100.0,0.0,104.0,0.0,17.0,2.6457513110645907,121.0,2.6457513110645907,,,0.4543,0.029626845934051106,0.8824459640206864,0.007841628755513608,0.08444999999999998,0.011109267902671773,0.20268873280943192,0.015493910786784425,239.4980399167184,1.9737731037966932,0.8557663600270947,0.0033703912053164543,0.0,0.0,0.0,0.0,101.0,0.0,0.42948717948717946,0.02848780261960124,0.0,0.0,0.6246777971585592,0.0022583050839806674
mnist,GREATS,0.4,0.8,200,3,133.33333333333334,5.92546294487706,137.33333333333334,5.92546294487706,0.0,0.0,137.33333333333334,5.92546294487706,,,0.43696666666666667,0.03435075609712899,0.8262501391859213,0.011659607651701957,0.0008500000000000008,0.000522015325445528,0.05545400442528146,0.0022361100956934674,283.9634427221777,10.534885449154503,1.1438949607933562,0.040400273269715875,1.0,0.0,0.0,0.0,134.33333333333334,5.92546294487706,0.41552873813147784,0.02578341577175355,0.0,0.0,0.5920956333478292,0.006605186714273442
mnist,GREATS,0.4,0.8,50,3,50.0,0.0,54.0,0.0,65.33333333333333,2.9059326290271157,119.33333333333333,2.9059326290271157,,,0.4834666666666667,0.02038793216041731,0.9388349165904386,0.004370759049661284,0.32433333333333336,0.011855038778698444,0.4849279900241452,0.012417138934474834,149.02565474071,2.9820555693848783,0.4440175062045455,0.0019582185833194386,0.0,0.0,0.0,0.0,51.0,0.0,0.425925925925926,0.021383343303319473,0.0,0.0,0.6468737324078878,0.006515929414605476
mnist,MaxLoss,0.0,0.0,100,3,100.0,0.0,104.0,0.0,104.33333333333333,9.024657580453923,208.33333333333334,9.024657580453923,0.2525655053711186,0.009721131092099681,0.15133333333333332,0.00910134300224117,0.554832866177038,0.010198817744360267,0.0974233333333333,0.005895739516332504,0.22074137141912,0.00791357693638649,225.5455748376775,2.2169398043577058,1.0875141105304162,0.31539496316090654,0.0,0.0,0.0,0.0,101.0,0.0,0.0,0.0,0.0,0.0,0.5944694479306539,0.009602501322182187
mnist,MaxLoss,0.0,0.0,200,3,161.0,4.041451884327381,165.0,4.041451884327381,0.0,0.0,165.0,4.041451884327381,0.20548643911024556,0.004429941225955053,0.08136666666666666,0.00558728715726855,0.3882068766253362,0.004194888262988966,0.0010233333333333342,0.00041602617439023967,0.056362748320652335,0.001634648311818242,292.73514086899337,5.485645243221975,1.533773726473252,0.3033275605154414,1.0,0.0,0.0,0.0,162.0,4.041451884327381,0.0,0.0,0.0,0.0,0.5911258061726888,0.0009832929323632528
mnist,MaxLoss,0.0,0.0,50,3,50.0,0.0,54.0,0.0,208.0,12.055427546683418,262.0,12.055427546683418,0.30987120638989535,0.012746336932349032,0.227,0.007251436639269047,0.612940378664757,0.011095273383335281,0.19523333333333334,0.005858476290337301,0.3425648971249043,0.006828305851368388,141.71810089731204,5.454453757159999,0.7068191176901261,0.3126870327410244,0.0,0.0,0.0,0.0,51.0,0.0,0.0,0.0,0.0,0.0,0.5840467611948649,0.006526786095045704
mnist,MaxLoss,0.0,0.2,100,3,100.0,0.0,104.0,0.0,48.666666666666664,6.839428176227731,152.66666666666666,6.839428176227731,0.23853151011280715,0.009364743934232134,0.13240000000000005,0.003709896674212553,0.5040724204528919,0.016764027977497403,0.061512500000000005,0.008031153533791599,0.16993823290148294,0.012085094676834279,187.30829775787257,4.592931865849655,0.7818068669488033,0.0046121281355958384,0.0,0.0,0.0,0.0,101.0,0.0,0.0,0.0,0.0,0.0,0.5826295614242554,0.005992920579018752
mnist,MaxLoss,0.0,0.2,200,3,145.66666666666666,3.1797973380564857,149.66666666666666,3.1797973380564857,0.0,0.0,149.66666666666666,3.1797973380564857,0.2344563021324575,0.004348974996832524,0.0931,0.0009712534856222213,0.39873598119834447,0.005132227312391179,0.0015541666666666594,0.0007156848895366642,0.05809579688134475,0.0028286109540122985,241.4173188492873,2.678531831332775,1.1314709431802232,0.02235199468073501,1.0,0.0,0.0,0.0,146.66666666666666,3.1797973380564857,0.0,0.0,0.0,0.0,0.5865131417910258,0.0024796642616013572
mnist,MaxLoss,0.0,0.2,50,3,50.0,0.0,54.0,0.0,172.33333333333334,30.53049477344105,226.33333333333334,30.53049477344105,0.33702668444796774,0.04015981224697746,0.24766666666666667,0.04031088907203334,0.6219014220715399,0.040026353678340336,0.20450416666666663,0.03530316715411112,0.35198621010177567,0.04038520616881964,113.49798425974467,4.797634897636147,0.4077263281991084,0.002417806714669444,0.0,0.0,0.0,0.0,51.0,0.0,0.0,0.0,0.0,0.0,0.5770285328229269,0.011526425194124305
mnist,MaxLoss,0.0,0.4,100,3,100.0,0.0,104.0,0.0,17.0,2.6457513110645907,121.0,2.6457513110645907,0.2576774110590729,0.004849692867111845,0.11626666666666667,0.003114660673510237,0.5031720806141017,0.008683624221927408,0.030527777777777775,0.004131679029757551,0.120831003472175,0.0071655658133780754,190.6196906005271,4.820934801317867,0.7683423009390632,0.004299869209715489,0.0,0.0,0.0,0.0,101.0,0.0,0.0,0.0,0.0,0.0,0.579450805981954,0.004464210758306562
mnist,MaxLoss,0.0,0.4,200,3,125.0,3.2145502536643185,129.0,3.2145502536643185,0.0,0.0,129.0,3.2145502536643185,0.272284696266676,0.005850514470873005,0.09676666666666667,0.0044953061939959,0.4430846230176278,0.0064978849953767764,0.0006666666666666731,0.00014529663145135504,0.05502727484850858,0.0006295650902371655,223.74465706145304,5.206479721557993,0.9886642337466279,0.019329357089491368,1.0,0.0,0.0,0.0,126.0,3.2145502536643185,0.0,0.0,0.0,0.0,0.5838574568430582,0.0010600876377106789
mnist,MaxLoss,0.0,0.4,50,3,50.0,0.0,54.0,0.0,136.0,6.557438524302001,190.0,6.557438524302001,0.38116480693376315,0.011481626083774529,0.27413333333333334,0.015266120805379634,0.6831844376642363,0.012065125635097764,0.22202222222222226,0.013223790756636634,0.3733095913168569,0.01496743799125933,114.12833595124494,3.982566462090555,0.4025390486543377,0.0021756507352395757,0.0,0.0,0.0,0.0,51.0,0.0,0.0,0.0,0.0,0.0,0.5746343533198038,0.008924889260072571
mnist,MaxLoss,0.0,0.6,100,3,96.66666666666667,2.4037008503093262,100.66666666666667,2.4037008503093262,0.0,0.0,100.66666666666667,2.4037008503093262,0.32506200052254525,0.00654939503657347,0.12363333333333333,0.005267932337370255,0.5090728518694104,0.005962128653436718,0.001749999999999986,0.0008511022265274529,0.05887461399974676,0.0028603455146656016,187.25728063295082,5.220746071599984,0.6581640212486187,0.016145260325737217,1.0,0.0,0.0,0.0,97.66666666666667,2.4037008503093262,0.0,0.0,0.0,0.0,0.5829489231109619,0.0030266471712911947
mnist,MaxLoss,0.0,0.6,200,3,96.66666666666667,2.4037008503093262,100.66666666666667,2.4037008503093262,0.0,0.0,100.66666666666667,2.4037008503093262,0.32506200052254525,0.00654939503657347,0.12363333333333333,0.005267932337370255,0.5087189089832261,0.005562890344313428,0.0016666666666666533,0.0007237537180867779,0.058650932410403034,0.002475512897661792,187.2415715381272,5.225006122195506,0.7059753450254599,0.01638505388201942,1.0,0.0,0.0,0.0,97.66666666666667,2.4037008503093262,0.0,0.0,0.0,0.0,0.5829489231109619,0.0030266471712911947
mnist,MaxLoss,0.0,0.6,50,3,50.0,0.0,54.0,0.0,51.666666666666664,9.207484877955421,105.66666666666667,9.207484877955421,0.33839516995552305,0.025015027287960016,0.21156666666666665,0.01913646896489642,0.6427822307699195,0.029755301268741926,0.12885,0.021117829157688846,0.26092972504374007,0.027359799287526156,114.8425685151738,3.7229284341838316,0.3546019292746981,0.00161425005526304,0.0,0.0,0.0,0.0,51.0,0.0,0.0,0.0,0.0,0.0,0.5818334023157755,0.004965625424025987
mnist,MaxLoss,0.0,0.8,100,3,59.0,1.0,63.0,1.0,0.0,0.0,63.0,1.0,0.42362161512331414,0.005371636749866108,0.165,0.013299999999999992,0.6169004090760071,0.005818439322104375,0.00411666666666667,0.0010142046692414274,0.06632274821004303,0.002951624176947456,130.15956715989418,3.893927057211709,0.4413844210406144,0.003149291820969488,1.0,0.0,0.0,0.0,60.0,1.0,0.0,0.0,0.0,0.0,0.5815128882726034,0.006594575283470234
mnist,MaxLoss,0.0,0.8,200,3,59.0,1.0,63.0,1.0,0.0,0.0,63.0,1.0,0.42362161512331414,0.005371636749866108,0.165,0.013299999999999992,0.6134569531456906,0.007068343529371163,0.0032166666666666698,0.000659755847096317,0.0637796688525915,0.002047398016204395,130.1538087047618,3.8797725240205914,0.48830723389983177,0.0030246543395522664,1.0,0.0,0.0,0.0,60.0,1.0,0.0,0.0,0.0,0.0,0.5815128882726034,0.006594575283470234
mnist,MaxLoss,0.0,0.8,50,3,50.0,0.0,54.0,0.0,4.666666666666667,0.6666666666666667,58.666666666666664,0.6666666666666667,0.4002491516293958,0.0036145806661807005,0.17143333333333333,0.008468438134889126,0.6341370774228648,0.003641341065593179,0.02371666666666668,0.003936404168499188,0.10863042728682536,0.007144330416309405,113.86711331550778,4.652280110391328,0.34606046074380475,0.001603664853042376,0.0,0.0,0.0,0.0,51.0,0.0,0.0,0.0,0.0,0.0,0.5743820071220398,0.005353131360326731
mnist,MaxLoss,0.4,0.0,100,3,100.0,0.0,104.0,0.0,422.6666666666667,10.493384159131464,526.6666666666666,10.493384159131464,0.5811357232742012,0.010424038389535943,0.47289999999999993,0.018294899106946,0.8686445749656597,0.006268437062782159,0.42321000000000003,0.010211351526610008,0.5851063912771669,0.009981033179633657,238.83061463890826,5.560704846867818,0.771268313129743,0.003742870020204144,0.0,0.0,0.0,0.0,101.0,0.0,0.4551282051282051,0.008479972150848048,0.0,0.0,0.5891948541005453,0.008711061034436576
mnist,MaxLoss,0.4,0.0,200,3,200.0,0.0,204.0,0.0,339.3333333333333,8.192137151629673,543.3333333333334,8.192137151629673,0.5976850025278205,0.008117895957347665,0.46516666666666673,0.0184699154783604,0.8613319079205471,0.0069909425541024245,0.3381266666666667,0.006712188747180591,0.49938076958934136,0.006971204738409279,363.8268864170036,13.38788073124261,1.4459667457267642,0.007007571060857767,0.0,0.0,1.0,0.0,201.0,0.0,0.4754901960784313,0.007487868782607573,0.0,0.0,0.5790374676386515,0.004705636881234098
mnist,MaxLoss,0.4,0.0,50,3,50.0,0.0,54.0,0.0,457.3333333333333,7.356025496904637,511.3333333333333,7.356025496904637,0.5658768112771213,0.0073330995821356175,0.4962666666666667,0.006699336617241375,0.8446994286564928,0.0038284278582302917,0.4598566666666666,0.0066597355636525074,0.6206208729085079,0.006357457540270786,140.08633547551145,1.3917636493368681,0.39349764430274564,0.0019278394603077452,0.0,0.0,0.0,0.0,51.0,0.0,0.43209876543209874,0.016331798216448097,0.0,0.0,0.6007208029429117,0.012769123790966437
mnist,MaxLoss,0.4,0.2,100,3,100.0,0.0,104.0,0.0,324.0,5.507570547286102,428.0,5.507570547286102,0.5952628053685961,0.006821575723928663,0.4690666666666667,0.01675015754486441,0.8720871030389015,0.005279003430872557,0.4010208333333333,0.007625315339563156,0.5632373935149061,0.0075979120187174955,224.94849311825922,3.0512814906143735,0.7774890956158439,0.003987898131955425,0.0,0.0,0.0,0.0,101.0,0.0,0.4455128205128205,0.011556254088025615,0.0,0.0,0.5915974577267965,0.009532344428304574
mnist,MaxLoss,0.4,0.2,200,3,200.0,0.0,204.0,0.0,222.33333333333334,4.333333333333334,426.3333333333333,4.333333333333334,0.5932029487448744,0.0053683341053289545,0.46626666666666666,0.0083670650635559,0.8454492016150041,0.0033427999421237137,0.2771208333333333,0.00523927641579549,0.4346734871840991,0.005691930688139608,347.8897673051958,0.8082349694173735,1.4425018134837349,0.007476905362414015,0.0,0.0,1.0,0.0,201.0,0.0,0.46241830065359474,0.003267973856209157,0.0,0.0,0.5875736872355143,0.006477468407436031
mnist,MaxLoss,0.4,0.2,50,3,50.0,0.0,54.0,0.0,372.6666666666667,8.762292952063277,426.6666666666667,8.762292952063277,0.5935932696641734,0.010848161687129428,0.5065666666666667,0.006188789147410919,0.863913396839573,0.007043559726370314,0.46871666666666667,0.012610462614873046,0.6289995743186982,0.011981491374003499,130.7672778468756,1.838130516988345,0.40504665362338227,0.0019759208150002087,0.0,0.0,0.0,0.0,51.0,0.0,0.4259259259259259,0.010691671651659736,0.0,0.0,0.6062458952267965,0.007153656392825921
mnist,MaxLoss,0.4,0.4,100,3,100.0,0.0,104.0,0.0,219.0,3.0000000000000004,323.0,3.0000000000000004,0.6069863630885569,0.004937585423855732,0.4925,0.017174787723093783,0.8835722358404897,0.0017795370335526078,0.36819444444444444,0.004618424588429704,0.5302695063071307,0.004697874828013742,223.47522461499625,2.8540472913346,0.7658262979239225,0.0040641340126168195,0.0,0.0,0.0,0.0,101.0,0.0,0.4519230769230769,0.00961538461538462,0.0,0.0,0.5929267207781473,0.0078076684832963615
mnist,MaxLoss,0.4,0.4,200,3,200.0,0.0,204.0,0.0,125.0,8.082903768654761,329.0,8.082903768654761,0.6167951359724005,0.013278615620900209,0.4558333333333333,0.007367119141458492,0.8434422832330307,0.010269298650095682,0.21051111111111112,0.013114849984786597,0.36012223838464497,0.01519230410476917,350.29741609309013,6.411252021958895,1.4008001256734133,0.007542472353876952,0.0,0.0,1.0,0.0,201.0,0.0,0.4411764705882353,0.007487868782607573,0.0,0.0,0.5805086890856425,0.005283238357023057
mnist,MaxLoss,0.4,0.4,50,3,50.0,0.0,54.0,0.0,258.3333333333333,6.489307444643928,312.3333333333333,6.489307444643928,0.5893721961959576,0.010737047670622613,0.4580333333333333,0.004990101312710101,0.8660119151714597,0.009259181897722919,0.4291388888888889,0.012060435520256773,0.590877493282718,0.011763717066465531,131.66964712758133,2.718484334429746,0.40148264976839226,0.0021739568509706792,0.0,0.0,0.0,0.0,51.0,0.0,0.4382716049382716,0.00617283950617283,0.0,0.0,0.5834522247314453,0.0035828266827962808
mnist,MaxLoss,0.4,0.6,100,3,100.0,0.0,104.0,0.0,115.33333333333333,3.844187531556932,219.33333333333334,3.844187531556932,0.6305707099769885,0.009378411308274898,0.4280333333333333,0.01111850309669027,0.8935820582664303,0.00438249779213926,0.29373333333333335,0.007604937175575121,0.4525666598028568,0.00814118014542894,228.64006392993755,1.2296138823161948,0.6740831891074777,0.003453234323719112,0.0,0.0,0.0,0.0,101.0,0.0,0.4391025641025641,0.019496033750955825,0.0,0.0,0.5906103650728861,0.00449083019050856
mnist,MaxLoss,0.4,0.6,200,3,200.0,0.0,204.0,0.0,26.666666666666668,3.48010216963685,230.66666666666666,3.48010216963685,0.6581310644590607,0.008413890579369653,0.39833333333333326,0.0301043924443667,0.8086230484790113,0.010113432388075352,0.0703,0.011117057089595851,0.18260810049408605,0.0159243304979197,359.7633975943889,5.247165960245809,1.2644654118145506,0.006154674237091036,0.0,0.0,1.0,0.0,201.0,0.0,0.44281045751633985,0.005891423652718934,0.0,0.0,0.5765762329101562,0.007072303963332064
mnist,MaxLoss,0.4,0.6,50,3,50.0,0.0,54.0,0.0,155.33333333333334,8.762292952063278,209.33333333333334,8.762292952063278,0.6058937914009827,0.021636760921031516,0.46069999999999994,0.01781974560237416,0.8867529210492764,0.010469828656419211,0.39243333333333336,0.019450971126855798,0.5544611629288608,0.019552485058478394,133.4598798584153,1.581920507159553,0.3535262554263075,0.001909528642366527,0.0,0.0,0.0,0.0,51.0,0.0,0.4382716049382716,0.03436891581993841,0.0,0.0,0.5896191795667013,0.005504207825751075
mnist,MaxLoss,0.4,0.8,100,3,100.0,0.0,104.0,0.0,18.333333333333332,4.8074017006186525,122.33333333333333,4.807401700618653,0.7198706430305416,0.022417212740016963,0.45646666666666674,0.035806160239700506,0.8734177575679133,0.01902023650502948,0.10011666666666667,0.02755011090923429,0.22206451799896845,0.03796373831617364,217.5540750268692,3.33954907211309,0.6597419424603382,0.0030576416489964636,0.0,0.0,0.0,0.0,101.0,0.0,0.4391025641025641,0.025032851525341848,0.0,0.0,0.5776289105415344,0.0011675136581276724
mnist,MaxLoss,0.4,0.8,200,3,124.0,8.504900548115382,128.0,8.504900548115382,0.0,0.0,128.0,8.504900548115382,0.7453009307888957,0.039289422826664186,0.45013333333333333,0.034811795574361135,0.800882473224155,0.009539102473029146,0.001883333333333335,0.0011084273143111881,0.059163336668178995,0.0036519395800570227,255.2312314929733,11.650826699076415,0.8350979521249732,0.047035796131275676,1.0,0.0,0.0,0.0,125.0,8.504900548115382,0.4374133687143562,0.02177331092999845,0.0,0.0,0.5785292387008667,0.005112235914879152
mnist,MaxLoss,0.4,0.8,50,3,50.0,0.0,54.0,0.0,61.333333333333336,3.9299420408505323,115.33333333333333,3.9299420408505323,0.6871781912826312,0.01850659550666758,0.4405333333333334,0.03462452566863232,0.9189225608358543,0.00830777411777251,0.3091333333333333,0.019824570893492502,0.4687158312129065,0.02093608801101259,130.51155381999365,0.4906923565672897,0.3466556891798973,0.001537240746800992,0.0,0.0,0.0,0.0,51.0,0.0,0.4197530864197531,0.0343689158199384,0.0,0.0,0.578590989112854,0.008337537053222384
mnist,PU-C,0.0,0.0,100,3,100.0,0.0,104.0,0.0,109.66666666666667,27.241716376012565,213.66666666666666,27.24171637601257,0.25806572841247544,0.029182310140409062,0.1512,0.0216472477080421,0.5450702570998028,0.03363066267931126,0.10921666666666667,0.02520675989579869,0.23505989354779086,0.03256740324940437,194.44501699550975,4.06796588129981,0.9473920669406652,0.007708959943193735,0.0,0.0,0.0,0.0,101.0,0.0,0.0,0.0,0.0,0.0,0.5785860816637675,0.0027947929986770694
mnist,PU-C,0.0,0.0,200,3,200.0,0.0,204.0,0.0,25.0,5.507570547286102,229.0,5.507570547286102,0.27477928697286796,0.005892023557605039,0.0954,0.003004995840263329,0.46724720257750957,0.00806640730569706,0.023923333333333355,0.005670556508060842,0.10868266072774312,0.010454790331104599,293.41339247633306,9.824296693103136,1.7867346533263724,0.009507251341093403,0.0,0.0,1.0,0.0,201.0,0.0,0.0,0.0,0.0,0.0,0.580301304658254,0.005180884165148681
mnist,PU-C,0.0,0.0,50,3,50.0,0.0,54.0,0.0,185.66666666666666,9.769567259835233,239.66666666666666,9.769567259835233,0.2861511253092128,0.010428366068310263,0.20026666666666668,0.008701021651379657,0.5872974650667488,0.010383670088998903,0.18587333333333333,0.01020463511242697,0.3314765183403124,0.012100366055628824,125.5557445557262,3.7162297682369423,0.4862347173814972,0.003602977508281211,0.0,0.0,0.0,0.0,51.0,0.0,0.0,0.0,0.0,0.0,0.5631746649742126,0.0048869125600565985
mnist,PU-C,0.0,0.2,100,3,100.0,0.0,104.0,0.0,77.66666666666667,5.840471822645077,181.66666666666666,5.840471822645077,0.27788156901563826,0.007877140733105943,0.1475,0.012278436382536671,0.5371863009766376,0.00847905643301207,0.09795833333333331,0.007938846123825404,0.22137420062044763,0.010765480335665262,159.88266702171902,4.545575117875202,0.9456519242376089,0.003599487207200134,0.0,0.0,0.0,0.0,101.0,0.0,0.0,0.0,0.0,0.0,0.5803573131561279,0.004028406985861438
mnist,PU-C,0.0,0.2,200,3,195.66666666666666,3.3829638550307397,199.66666666666666,3.3829638550307397,2.0,2.0,201.66666666666666,4.910306620885412,0.30470658051005256,0.006556361606881153,0.08716666666666668,0.003880435256228066,0.4114873135627677,0.009338981629035285,0.002841666666666654,0.002129081048506868,0.0615130714380002,0.006519670612439725,249.89417729798924,5.762826823309532,1.7384949050222833,0.02758024120245326,0.6666666666666666,0.33333333333333337,0.3333333333333333,0.33333333333333337,196.66666666666666,3.3829638550307397,0.0,0.0,0.0,0.0,0.580558697382609,0.005016645420354999
mnist,PU-C,0.0,0.2,50,3,50.0,0.0,54.0,0.0,206.0,9.073771725877467,260.0,9.073771725877467,0.3816774091489303,0.011840021752940182,0.2824666666666667,0.02009455426505178,0.6670337831349838,0.010979346023156734,0.2518708333333333,0.015956858069320675,0.4067664925862963,0.017688342645431464,106.040439374424,5.749128397096453,0.49100783249984187,0.002543497311004225,0.0,0.0,0.0,0.0,51.0,0.0,0.0,0.0,0.0,0.0,0.588091234366099,0.009496188471648915
mnist,PU-C,0.0,0.4,100,3,100.0,0.0,104.0,0.0,49.0,10.692676621563628,153.0,10.692676621563628,0.3155116793932393,0.019106490416624246,0.14926666666666666,0.014149950922569009,0.5662915558350637,0.0292896894275435,0.08073333333333332,0.015057384062805013,0.1971574218101658,0.02083379739210539,165.77390945698082,6.143474315039437,0.9154850980266929,0.004345334417516873,0.0,0.0,0.0,0.0,101.0,0.0,0.0,0.0,0.0,0.0,0.5929458340009054,0.006239952670427188
mnist,PU-C,0.0,0.4,200,3,152.0,1.5275252316519468,156.0,1.5275252316519468,0.0,0.0,156.0,1.5275252316519468,0.3210057167064709,0.002730485708477516,0.09336666666666664,0.005460565701260056,0.43584925876234876,0.008801620233841503,0.0003666666666666737,0.0002770546142175984,0.05351524486322567,0.0013034619739567559,219.3769760762667,6.320925505944786,1.3597726191704471,0.0037085548953614566,1.0,0.0,0.0,0.0,153.0,1.5275252316519468,0.0,0.0,0.0,0.0,0.5790159702301025,0.001608616569423299
mnist,PU-C,0.0,0.4,50,3,50.0,0.0,54.0,0.0,116.0,8.32666399786453,170.0,8.32666399786453,0.3458671167609282,0.014743540538820687,0.23593333333333333,0.01652193827746747,0.6374052968675354,0.016648459045018292,0.19122777777777777,0.012581884881069845,0.33771856867520994,0.014733076898301523,103.72546699200886,2.893657731601474,0.4767901683226228,0.002375558472212722,0.0,0.0,0.0,0.0,51.0,0.0,0.0,0.0,0.0,0.0,0.5782570838928223,0.006372922524288477
mnist,PU-C,0.0,0.6,100,3,100.0,0.0,104.0,0.0,9.0,3.0550504633038935,113.0,3.0550504633038935,0.3583966603230995,0.00821626687687251,0.12733333333333333,0.0076160648923472305,0.5503791032903017,0.022942284604035457,0.024149999999999987,0.009258813368893459,0.10759393532451793,0.0183384340376357,168.53048079626384,1.9712314738195025,0.8113215242822965,0.005551865583906379,0.0,0.0,0.0,0.0,101.0,0.0,0.0,0.0,0.0,0.0,0.5734712481498718,0.0027079550795251544
mnist,PU-C,0.0,0.6,200,3,115.33333333333333,5.783117190965824,119.33333333333333,5.783117190965824,0.0,0.0,119.33333333333333,5.783117190965824,0.3752871867424498,0.01547060022061515,0.11383333333333338,0.004379624539970423,0.5039064184314942,0.010816247551386474,0.0009499999999999952,0.0006884463184107609,0.05582230388200817,0.0026480643398658714,187.04444476106156,5.410818865447875,0.9628730292121569,0.04511918944072519,1.0,0.0,0.0,0.0,116.33333333333333,5.783117190965824,0.0,0.0,0.0,0.0,0.576684315999349,0.00241218192085299
mnist,PU-C,0.0,0.6,50,3,50.0,0.0,54.0,0.0,75.66666666666667,12.54768681647914,129.66666666666666,12.547686816479143,0.40242021445495385,0.0330782455282275,0.22996666666666665,0.01659902942276378,0.6985951119280714,0.030049260059150776,0.1864583333333333,0.02726763318376651,0.33131973385419894,0.032342060235043296,108.37842173548756,2.4463385479437356,0.42222953774034977,0.0026832627477270847,0.0,0.0,0.0,0.0,51.0,0.0,0.0,0.0,0.0,0.0,0.5841674208641052,0.011211109867976946
mnist,PU-C,0.0,0.8,100,3,64.0,4.725815626252609,68.0,4.725815626252609,0.0,0.0,68.0,4.725815626252609,0.4499931711082657,0.024949167018461147,0.1549666666666667,0.007321733249564459,0.616879516449505,0.012490866348472275,0.0035500000000000032,0.0007783529619223754,0.06474292240096678,0.002364589152273042,131.30140799008578,6.698724217354622,0.5403130023429791,0.02898511692539246,1.0,0.0,0.0,0.0,65.0,4.725815626252609,0.0,0.0,0.0,0.0,0.5842328866322836,0.004283632330021698
mnist,PU-C,0.0,0.8,200,3,64.0,4.725815626252609,68.0,4.725815626252609,0.0,0.0,68.0,4.725815626252609,0.4499931711082657,0.024949167018461147,0.1549666666666667,0.007321733249564459,0.6182265758597513,0.01234584614040301,0.003883333333333337,0.0006966188181335461,0.06575409351273752,0.0020406615937439095,131.291432971054,6.698098726678834,0.5864969982455174,0.028971366545307006,1.0,0.0,0.0,0.0,65.0,4.725815626252609,0.0,0.0,0.0,0.0,0.5842328866322836,0.004283632330021698
mnist,PU-C,0.0,0.8,50,3,50.0,0.0,54.0,0.0,16.333333333333332,4.666666666666667,70.33333333333333,4.666666666666667,0.462328599280833,0.024521848650359987,0.206,0.011557248807566619,0.7092701358241861,0.02228981226535233,0.07923333333333332,0.02094584949604839,0.19416721170363616,0.029524214442103115,108.14712344326897,2.8710932243046945,0.4037983641028404,0.0022602209431131274,0.0,0.0,0.0,0.0,51.0,0.0,0.0,0.0,0.0,0.0,0.5925465226173401,0.002956386067330575
mnist,PU-C,0.4,0.0,100,3,100.0,0.0,104.0,0.0,430.3333333333333,4.255715111601235,534.3333333333334,4.255715111601235,0.588772408120955,0.004225610424314513,0.47056666666666663,0.009729051569626106,0.8537940568286988,0.002983028532985904,0.43080999999999997,0.0044571104241798954,0.5925875846108387,0.004350830676974009,193.71364504158313,4.346482600642198,1.0038212373231847,0.003411855541677873,0.0,0.0,0.0,0.0,101.0,0.0,0.3974358974358975,0.0064102564102564066,0.0,0.0,0.5844024419784546,0.00693790888532423
mnist,PU-C,0.4,0.0,200,3,200.0,0.0,204.0,0.0,361.0,4.041451884327381,565.0,4.041451884327381,0.6191039729941016,0.003983094330871715,0.42250000000000004,0.019479989733056844,0.8479009690529323,0.004963104149168461,0.35987333333333327,0.005056224986203736,0.5217868739622725,0.005169779596748136,287.212667643634,4.329080512559925,1.949726580021282,0.007593239392851343,0.0,0.0,1.0,0.0,201.0,0.0,0.3758169934640523,0.0016339869281045694,0.0,0.0,0.5771055618921915,0.003197743956293405
mnist,PU-C,0.4,0.0,50,3,50.0,0.0,54.0,0.0,463.3333333333333,11.976829482147787,517.3333333333334,11.97682948214779,0.5718389475950971,0.011940109023312072,0.4820666666666667,0.022209782629383036,0.843736461013573,0.009332185020043949,0.46322333333333326,0.012777183222882483,0.623763129382117,0.012233339240610434,135.1004808830922,5.629194597604349,0.5028362336258093,0.001152463050152866,0.0,0.0,0.0,0.0,51.0,0.0,0.4012345679012346,0.02225648935471598,0.0,0.0,0.5825052460034689,0.012982180751403935
mnist,PU-C,0.4,0.2,100,3,100.0,0.0,104.0,0.0,313.6666666666667,8.838049055708568,417.6666666666667,8.838049055708568,0.5824279017009152,0.010994618886392714,0.43179999999999996,0.011714236352973815,0.8451204876646529,0.008537538390994304,0.39437083333333334,0.01229235308817821,0.5565497546143982,0.01232447864081824,180.15060196866264,2.5053953599243166,0.9786149766296148,0.006474353637119405,0.0,0.0,0.0,0.0,101.0,0.0,0.3685897435897436,0.012820512820512813,0.0,0.0,0.5946958661079407,0.01030405466479204
mnist,PU-C,0.4,0.2,200,3,200.0,0.0,204.0,0.0,268.6666666666667,9.404490653110589,472.6666666666667,9.404490653110589,0.6501543506553086,0.011494585961898387,0.4185666666666667,0.024664166539964637,0.8525347760990861,0.006816823361473815,0.33513333333333334,0.01155148424205495,0.49620615788764066,0.012058570456623684,273.2308656417487,2.343324001920372,1.8819460303833087,0.013621269891451949,0.0,0.0,1.0,0.0,201.0,0.0,0.4101307189542484,0.021983045828551803,0.0,0.0,0.5818314949671427,0.0011604753615300884
mnist,PU-C,0.4,0.2,50,3,50.0,0.0,54.0,0.0,353.3333333333333,10.525102269231295,407.3333333333333,10.525102269231295,0.5695574723261719,0.013107625885994505,0.44353333333333333,0.01464380794435354,0.8371201988383605,0.008877033318751839,0.4407625,0.013245897556728002,0.6021597566530364,0.012810683662953374,118.36038605254062,1.5153113904833226,0.500335491883258,0.002997785240068113,0.0,0.0,0.0,0.0,51.0,0.0,0.4012345679012346,0.01234567901234568,0.0,0.0,0.5785584847132365,0.0065138191950237356
mnist,PU-C,0.4,0.4,100,3,100.0,0.0,104.0,0.0,228.66666666666666,7.125852775477317,332.6666666666667,7.125852775477316,0.6228140811629904,0.01167780547686108,0.4474333333333333,0.005278994011909634,0.8652760109812138,0.008134694437468,0.3802833333333333,0.010962410521616337,0.5424367356926453,0.011078299524904845,176.90325929465317,4.698028066362073,0.9475768745566407,0.005463444922960773,0.0,0.0,0.0,0.0,101.0,0.0,0.4294871794871795,0.025032851525341834,0.0,0.0,0.5827085375785828,0.009397747070336741
mnist,PU-C,0.4,0.4,200,3,200.0,0.0,204.0,0.0,169.33333333333334,3.3829638550307397,373.3333333333333,3.38296385503074,0.6887341973682245,0.005418546224017538,0.4038333333333333,0.009901907784754296,0.8545319302525337,0.0015530041561060352,0.28254444444444443,0.005368825767656935,0.4405477404251907,0.00579216523514491,269.8425576122017,5.4873840422836,1.789476266130805,0.011376773234614902,0.0,0.0,1.0,0.0,201.0,0.0,0.40849673202614384,0.020861348586280557,0.0,0.0,0.5805186033248901,0.0058886627801252745
mnist,PU-C,0.4,0.4,50,3,50.0,0.0,54.0,0.0,264.6666666666667,10.47748909700114,318.6666666666667,10.47748909700114,0.599772519179775,0.017305797529275812,0.46423333333333333,0.017507173133064945,0.8636033654384624,0.013119484669655667,0.43994444444444447,0.018856564662318467,0.6012520040176418,0.018370455576644414,119.49670952240939,3.2851820211650025,0.4882290819659829,0.0024850496550224803,0.0,0.0,0.0,0.0,51.0,0.0,0.46913580246913583,0.02690678360210292,0.0,0.0,0.5786003867785136,0.0011371930528366768
mnist,PU-C,0.4,0.6,100,3,100.0,0.0,104.0,0.0,127.0,6.000000000000001,231.0,6.000000000000001,0.658883477076112,0.014467790645236771,0.3840333333333333,0.029313269653482518,0.8835687528756345,0.006844725571716226,0.31873333333333337,0.014496352510583888,0.4789963973626022,0.015171414141335467,188.25065295757477,3.46323902060623,0.8302539717406034,0.00474277644874609,0.0,0.0,0.0,0.0,101.0,0.0,0.3942307692307692,0.014687742612037947,0.0,0.0,0.581149677435557,0.008895451199485314
mnist,PU-C,0.4,0.6,200,3,200.0,0.0,204.0,0.0,69.0,1.5275252316519468,273.0,1.5275252316519468,0.7584460691626494,0.0035351736721894187,0.34390000000000004,0.011335931074831636,0.8516085249690666,0.0028877116664414357,0.1727916666666667,0.00396246275832484,0.3160363500111513,0.004738798844703498,285.8905827632531,8.331903694270327,1.596533466130495,0.009663771189097975,0.0,0.0,1.0,0.0,201.0,0.0,0.38888888888888884,0.005891423652718934,0.0,0.0,0.5838519334793091,0.002481866254979061
mnist,PU-C,0.4,0.6,50,3,50.0,0.0,54.0,0.0,171.0,2.0816659994661326,225.0,2.0816659994661326,0.6444061667425558,0.005058117309489779,0.42173333333333335,0.03342999318642532,0.8986628682536987,0.0029861854487154877,0.42712500000000003,0.0034541038393964643,0.5889960963074167,0.0033717392258253705,123.71584535533687,3.1636617825085938,0.42813613669325906,0.0022275877675529405,0.0,0.0,0.0,0.0,51.0,0.0,0.4074074074074074,0.02828750428985087,0.0,0.0,0.5791005690892538,0.005638597005299957
mnist,PU-C,0.4,0.8,100,3,100.0,0.0,104.0,0.0,33.333333333333336,4.807401700618653,137.33333333333334,4.8074017006186525,0.7879284427229626,0.02143656211699275,0.4310333333333333,0.02341967359104543,0.8989555893089936,0.009903665928453802,0.16773333333333332,0.02101129325968405,0.3093039426317776,0.02563380892956216,193.64922538362507,2.8025528694587276,0.7895325828964511,0.0009562579272927033,0.0,0.0,0.0,0.0,101.0,0.0,0.4006410256410256,0.016959944301696103,0.0,0.0,0.5973276098569235,0.01028683249811019
mnist,PU-C,0.4,0.8,200,3,145.66666666666666,6.839428176227731,149.66666666666666,6.839428176227731,0.0,0.0,149.66666666666666,6.839428176227731,0.8409021437206926,0.02930188436243798,0.44516666666666665,0.015354080167101441,0.8017098925324492,0.010355752166493188,0.00953333333333334,0.002750202012782175,0.07962295866797962,0.006665794728604466,239.56325202853915,5.1328651707924315,1.1416134371732671,0.04371163067422349,1.0,0.0,0.0,0.0,146.66666666666666,6.839428176227731,0.4259578157573662,0.01815494884686427,0.0,0.0,0.5950841903686523,0.004009922526760815
mnist,PU-C,0.4,0.8,50,3,50.0,0.0,54.0,0.0,65.33333333333333,4.176654695380557,119.33333333333333,4.176654695380557,0.7059671116100313,0.019646976940256106,0.4756666666666667,0.04018475388060062,0.9216169197173021,0.01076085698365039,0.32825,0.021022151015853096,0.48879609807775165,0.022122265104234397,124.0170701522451,2.379896787817281,0.4084603078663349,0.0007971375692411337,0.0,0.0,0.0,0.0,51.0,0.0,0.4074074074074074,0.010691671651659736,0.0,0.0,0.5833451946576437,0.00796999004919445
mnist,PU-F,0.0,0.0,100,3,100.0,0.0,104.0,0.0,79.0,10.598742063723098,183.0,10.598742063723098,0.22511031765801212,0.011560852242824257,0.12519999999999998,0.005200320502943381,0.5146708569896278,0.01413258146076143,0.07841666666666665,0.008675686972479134,0.1943935177967835,0.01238079267687313,211.9394289979806,4.153875085450048,1.3287498628099759,0.010632889861697926,0.0,0.0,0.0,0.0,101.0,0.0,0.0,0.0,0.0,0.0,0.6197621822357178,0.0022129664689957474
mnist,PU-F,0.0,0.0,200,3,193.66666666666666,6.333333333333333,197.66666666666666,6.333333333333333,2.0,1.0,199.66666666666666,7.333333333333333,0.2432193402783014,0.007940614770632237,0.0816,0.0018823743871327178,0.40824440381481947,0.008148878854554665,0.002206666666666669,0.0007963318682838491,0.06044063800872477,0.002792348271171188,311.58331961897665,5.830643509353057,2.2020170387501516,0.039631586112884136,0.3333333333333333,0.33333333333333337,0.6666666666666666,0.33333333333333337,194.66666666666666,6.333333333333333,0.0,0.0,0.0,0.0,0.588146984577179,0.003989892631927948
mnist,PU-F,0.0,0.0,50,3,50.0,0.0,54.0,0.0,199.33333333333334,12.170090842352456,253.33333333333334,12.170090842352456,0.30067751653647673,0.01293883279426085,0.21696666666666664,0.0013617798810543443,0.6179875325098982,0.012103072362938396,0.20156666666666664,0.01329358909817476,0.3497701802176298,0.015514566804566091,139.51936921626842,3.7106972937617506,0.742083756874005,0.010349058877761408,0.0,0.0,0.0,0.0,51.0,0.0,0.0,0.0,0.0,0.0,0.6174361904462179,0.0016959645358599273
mnist,PU-F,0.0,0.2,100,3,100.0,0.0,104.0,0.0,57.0,4.041451884327381,161.0,4.041451884327381,0.24991824926109985,0.005493409668472844,0.12843333333333337,0.006340434615317093,0.525271213592004,0.015524836567879233,0.07184166666666665,0.005051197946472149,0.18524413179689003,0.0072304269761141494,190.65776229945934,8.944056000447848,1.2220636534815033,0.010293760231810741,0.0,0.0,0.0,0.0,101.0,0.0,0.0,0.0,0.0,0.0,0.614571193854014,0.004646337358055906
mnist,PU-F,0.0,0.2,200,3,165.0,3.0550504633038935,169.0,3.0550504633038935,0.0,0.0,169.0,3.0550504633038935,0.2607854097926368,0.0041423724334876955,0.08686666666666669,0.004022575184022158,0.40700125999675363,0.005794198887834672,0.0004874999999999959,0.0003761094698798902,0.054017480654820094,0.0016653736032764138,258.9356749087386,8.732054357332757,1.828251519240439,0.026997300809733955,1.0,0.0,0.0,0.0,166.0,3.0550504633038935,0.0,0.0,0.0,0.0,0.5885841846466064,0.002823060599142584
mnist,PU-F,0.0,0.2,50,3,50.0,0.0,54.0,0.0,192.33333333333334,17.5720738041296,246.33333333333334,17.5720738041296,0.3636771806438143,0.023119536434363083,0.2626,0.027053465582065457,0.659885703655065,0.023879688532681107,0.23065416666666663,0.019125833769044177,0.3829013733969435,0.021586798664757587,120.73570069816135,3.9537671147018902,0.6787495696917176,0.008029145051714981,0.0,0.0,0.0,0.0,51.0,0.0,0.0,0.0,0.0,0.0,0.6131764054298401,0.0061161842348654485
mnist,PU-F,0.0,0.4,100,3,100.0,0.0,104.0,0.0,41.0,13.868429375143148,145.0,13.868429375143148,0.30104531516553834,0.02489679708387913,0.15556666666666666,0.015956433742468204,0.57577983818691,0.035494130139787736,0.0713388888888889,0.021951082680911158,0.18268313585413265,0.031015320044734927,190.8189052879064,1.7242356627740045,1.1240205022816856,0.008243824170816802,0.0,0.0,0.0,0.0,101.0,0.0,0.0,0.0,0.0,0.0,0.6044110059738159,0.005280590644169086
mnist,PU-F,0.0,0.4,200,3,140.66666666666666,0.8819171036881969,144.66666666666666,0.8819171036881969,0.0,0.0,144.66666666666666,0.8819171036881969,0.30066802333264303,0.001588781777909473,0.09956666666666665,0.0010588253449512201,0.4538173576214408,0.004422681821596528,0.0008055555555555589,0.0006117168714889263,0.05523089642314577,0.002473758630308076,233.65638169659374,1.9959283291477536,1.5103856738035877,0.01498466391330475,1.0,0.0,0.0,0.0,141.66666666666666,0.8819171036881969,0.0,0.0,0.0,0.0,0.5869009892145792,0.0037489196969608743
mnist,PU-F,0.0,0.4,50,3,50.0,0.0,54.0,0.0,105.66666666666667,1.2018504251546633,159.66666666666666,1.2018504251546633,0.3275561706589845,0.0021437730102636695,0.2060666666666667,0.005648696998226901,0.6376190693164853,0.0020157664451585225,0.17828888888888886,0.0014008705406299846,0.3226205806657734,0.0016663808033216395,115.12777044872388,1.2709678534434157,0.6213769900302092,0.008143918925875729,0.0,0.0,0.0,0.0,51.0,0.0,0.0,0.0,0.0,0.0,0.6152557929356893,0.0037899169470531004
mnist,PU-F,0.0,0.6,100,3,97.0,3.0000000000000004,101.0,3.0000000000000004,7.333333333333333,4.333333333333334,108.33333333333333,7.055336829505576,0.3457130498330419,0.019085330900842617,0.13419999999999999,0.014330503596640754,0.5577600066450342,0.03327843735130984,0.021291666666666653,0.009902381167061687,0.10158854224104835,0.020031451219456715,180.28388856960922,4.841187986663406,0.9043649540593227,0.028209623658040597,0.3333333333333333,0.33333333333333337,0.0,0.0,98.0,3.0000000000000004,0.0,0.0,0.0,0.0,0.5960496465365092,0.007558259886371897
mnist,PU-F,0.0,0.6,200,3,100.33333333333333,4.977728174356026,104.33333333333333,4.977728174356026,0.0,0.0,104.33333333333333,4.977728174356026,0.33496487387067947,0.013512798116712896,0.11586666666666667,0.0013320827468458953,0.5040915649865029,0.007827408073862558,0.0017249999999999833,0.0008058380730643045,0.058763559982854485,0.002849940970146589,183.87722381298272,7.106093916845532,0.9748211661353707,0.043138590780978876,1.0,0.0,0.0,0.0,101.33333333333333,4.977728174356026,0.0,0.0,0.0,0.0,0.5891699393590292,0.009169036942474822
mnist,PU-F,0.0,0.6,50,3,50.0,0.0,54.0,0.0,46.0,3.6055512754639896,100.0,3.6055512754639896,0.32322459656279534,0.009806824093016975,0.18579999999999997,0.0076839659898605235,0.6185577591375852,0.012713809971944878,0.11335833333333334,0.006987106180514062,0.24183517141868616,0.009110487325155774,110.60605825238865,2.2961644414534725,0.5085672674079736,0.003770357912747776,0.0,0.0,0.0,0.0,51.0,0.0,0.0,0.0,0.0,0.0,0.6030162771542867,0.004020810810168612
mnist,PU-F,0.0,0.8,100,3,70.66666666666667,5.696002496878355,74.66666666666667,5.696002496878355,0.0,0.0,74.66666666666667,5.696002496878355,0.4849066805909388,0.02949430319635697,0.15649999999999997,0.008787111774259695,0.6341976553662171,0.018122825422766144,0.0008666666666666674,0.0003811532208676427,0.055706713474422555,0.0016347120425618073,145.740726590096,7.936012433402738,0.6398620636512836,0.04289775118120074,1.0,0.0,0.0,0.0,71.66666666666667,5.696002496878355,0.0,0.0,0.0,0.0,0.583660622437795,0.0015238173397101103
mnist,PU-F,0.0,0.8,200,3,70.66666666666667,5.696002496878355,74.66666666666667,5.696002496878355,0.0,0.0,74.66666666666667,5.696002496878355,0.4849066805909388,0.02949430319635697,0.15649999999999997,0.008787111774259695,0.6334856527494296,0.0171636638199374,0.0007000000000000006,0.00020816659994661347,0.055137212789368506,0.0009103625566896193,145.73866161629977,7.9388712454086665,0.6859281978880366,0.042926056548339475,1.0,0.0,0.0,0.0,71.66666666666667,5.696002496878355,0.0,0.0,0.0,0.0,0.583660622437795,0.0015238173397101103
mnist,PU-F,0.0,0.8,50,3,50.0,0.0,54.0,0.0,14.666666666666666,4.0551750201988135,68.66666666666667,4.0551750201988135,0.45359903655480593,0.021420839869413396,0.20053333333333334,0.00912237785765192,0.7139225575083993,0.02479153969052597,0.07451666666666668,0.023292368802774095,0.18693349820308022,0.03319943436204806,114.19990080892926,3.44403469474484,0.4532057425628106,0.0043294194376056715,0.0,0.0,0.0,0.0,51.0,0.0,0.0,0.0,0.0,0.0,0.5863428711891174,0.0007054019821204883
mnist,PU-F,0.4,0.0,100,3,100.0,0.0,104.0,0.0,421.0,4.618802153517007,525.0,4.618802153517007,0.5794982511045722,0.004593997528537586,0.4414666666666667,0.032449156811507084,0.8581645863813829,0.003428939402054104,0.42274000000000006,0.004656747792182862,0.5846987486976248,0.004559633817656343,214.42127518991143,2.7172414647425795,1.7331546268736322,0.018508673814365773,0.0,0.0,0.0,0.0,101.0,0.0,0.4198717948717949,0.0169599443016961,0.0,0.0,0.6231997609138489,0.006499719568688079
mnist,PU-F,0.4,0.0,200,3,200.0,0.0,204.0,0.0,364.6666666666667,6.359594676112971,568.6666666666666,6.359594676112971,0.6227105588962635,0.0062616334613892965,0.4471,0.014650711018013199,0.8640214477843745,0.007137748650192448,0.35985666666666655,0.006737559729687858,0.5217561170806547,0.006869696358916693,331.518332984509,9.105572749898302,3.2648417794456086,0.04064422385346623,0.0,0.0,1.0,0.0,201.0,0.0,0.44281045751633985,0.007122383894674296,0.0,0.0,0.6172873179117838,0.008123990468277296
mnist,PU-F,0.4,0.0,50,3,50.0,0.0,54.0,0.0,459.3333333333333,8.950481054731702,513.3333333333334,8.950481054731702,0.5678659328453554,0.008925224960618481,0.5173,0.016865052623694973,0.8481913196660257,0.006569602198468304,0.46146666666666664,0.0076287533567272765,0.6221513700029568,0.00728684544609347,144.47253758232384,3.3934004221854868,0.8825254552066326,0.013479595186520577,0.0,0.0,0.0,0.0,51.0,0.0,0.43209876543209874,0.00617283950617283,0.0,0.0,0.6345989306767782,0.0008728981046646999
mnist,PU-F,0.4,0.2,100,3,100.0,0.0,104.0,0.0,319.0,0.5773502691896258,423.0,0.5773502691896258,0.5890781539492309,0.0007160545825538903,0.4660666666666667,0.03989880254399177,0.8628189199109512,0.0015282769044781845,0.39652916666666665,0.0016919899116457505,0.5588020990712249,0.001686738219422993,210.79517755223955,4.036901737197978,1.5425984400014083,0.0028713911986907098,0.0,0.0,0.0,0.0,101.0,0.0,0.4134615384615385,0.00961538461538462,0.0,0.0,0.6206452449162801,0.0036511632496312673
mnist,PU-F,0.4,0.2,200,3,200.0,0.0,204.0,0.0,252.33333333333334,10.974718422102887,456.3333333333333,10.974718422102885,0.630153490366259,0.0134689629817609,0.4367666666666666,0.03468536354782007,0.8556231058350408,0.00669169236905739,0.31402916666666664,0.014729385901244431,0.47403111617227234,0.015525360946613765,313.00910889114465,7.403246216774909,2.91045681728671,0.011188858298118075,0.0,0.0,1.0,0.0,201.0,0.0,0.44281045751633985,0.017292492229180317,0.0,0.0,0.6085824966430664,0.006499499145175325
mnist,PU-F,0.4,0.2,50,3,50.0,0.0,54.0,0.0,364.6666666666667,9.527737285304301,418.6666666666667,9.527737285304301,0.5836649992852472,0.011820746297063641,0.5089666666666667,0.006300352723811925,0.8637058926765357,0.009153560707564939,0.459025,0.011966106648920265,0.6197633951808427,0.011420268173116154,140.61495266868374,2.955033136023026,0.7924599231531223,0.005412847425697411,0.0,0.0,0.0,0.0,51.0,0.0,0.4259259259259259,0.01851851851851851,0.0,0.0,0.6340956886609396,0.011218450959243634
mnist,PU-F,0.4,0.4,100,3,100.0,0.0,104.0,0.0,243.66666666666666,5.811865258054231,347.6666666666667,5.811865258054231,0.6472903341054916,0.009447489784777165,0.44880000000000003,0.011564745277494574,0.8999892802597111,0.007474772418262347,0.4048555555555555,0.009155934795273959,0.5670280709918564,0.009079502364442918,217.03970219914035,6.539717085437415,1.366608099391063,0.007074919745322783,0.0,0.0,0.0,0.0,101.0,0.0,0.4423076923076923,0.01923076923076924,0.0,0.0,0.6354319055875143,0.0037992582081211638
mnist,PU-F,0.4,0.4,200,3,200.0,0.0,204.0,0.0,158.66666666666666,2.3333333333333335,362.6666666666667,2.3333333333333335,0.6715914216668656,0.0037608731282848208,0.4035333333333333,0.027116682032366037,0.8641130756007018,0.003910587045621302,0.2635444444444444,0.0033649381334543457,0.4198692916165263,0.003690149345815253,316.32424887577804,4.37587352814808,2.5319616816317043,0.01819038235608678,0.0,0.0,1.0,0.0,201.0,0.0,0.4215686274509804,0.008490445135141557,0.0,0.0,0.6057852506637573,0.0022209215451794453
mnist,PU-F,0.4,0.4,50,3,50.0,0.0,54.0,0.0,262.3333333333333,3.527668414752788,316.3333333333333,3.527668414752788,0.5960015780098425,0.005817811461444749,0.4605333333333334,0.026182967321863627,0.8761348899312971,0.00661664919676165,0.4388,0.008854759130504892,0.6003191475860364,0.00857558306111134,137.8137138451197,4.067115525907421,0.7098816294843951,0.002888601758209468,0.0,0.0,0.0,0.0,51.0,0.0,0.43209876543209874,0.02225648935471598,0.0,0.0,0.6262585918108622,0.0033360465765192686
mnist,PU-F,0.4,0.6,100,3,100.0,0.0,104.0,0.0,124.66666666666667,5.4873592110514435,228.66666666666666,5.487359211051443,0.6532492278298984,0.013300054870284446,0.40940000000000004,0.017004803243005608,0.8978000655935218,0.006659504969369789,0.31030833333333335,0.014080130306372998,0.4701111954456438,0.014886014112840296,220.52603139445714,1.5505763871951692,1.0986179439350963,0.0096871857944459,0.0,0.0,0.0,0.0,101.0,0.0,0.44551282051282054,0.017845398598814177,0.0,0.0,0.6284125447273254,0.002588971614246416
mnist,PU-F,0.4,0.6,200,3,200.0,0.0,204.0,0.0,49.333333333333336,2.728450923957484,253.33333333333334,2.728450923957484,0.7123810096139399,0.00646365937629794,0.4142333333333334,0.014088095841682953,0.8413634618171044,0.004925112121994559,0.12486666666666663,0.0068587130312066785,0.25671703784868677,0.008827959492220783,330.44976710969723,2.030901384642311,2.0240967043985925,0.018176156591365674,0.0,0.0,1.0,0.0,201.0,0.0,0.4313725490196078,0.021367151684022916,0.0,0.0,0.6143855253855387,0.003085374934506125
mnist,PU-F,0.4,0.6,50,3,50.0,0.0,54.0,0.0,169.0,5.196152422706632,223.0,5.196152422706632,0.6394895512494259,0.012656224821618309,0.4362,0.019237030262837712,0.9083151904494607,0.0055281358404319,0.41967499999999996,0.011724040472465091,0.5816175241729312,0.011503202420682295,143.5236374543318,0.5851347807889061,0.5785984064762791,0.00483369928929181,0.0,0.0,0.0,0.0,51.0,0.0,0.419753086419753,0.02469135802469136,0.0,0.0,0.6360829075177511,0.004444434415447835
mnist,PU-F,0.4,0.8,100,3,100.0,0.0,104.0,0.0,27.666666666666668,6.887992773257275,131.66666666666666,6.887992773257275,0.7622562807518989,0.03139504417148349,0.4129333333333333,0.02538847069920604,0.8977140512814771,0.017656332198785218,0.13488333333333336,0.031740042182986775,0.26734065173113064,0.0412782990730713,219.91535247904812,3.333778902626125,0.9180878909925619,0.00260279622990393,0.0,0.0,0.0,0.0,101.0,0.0,0.4294871794871795,0.019496033750955842,0.0,0.0,0.6183056235313416,0.0020556960907891623
mnist,PU-F,0.4,0.8,200,3,136.66666666666666,5.456901847914966,140.66666666666666,5.456901847914966,0.0,0.0,140.66666666666666,5.456901847914966,0.8025052696660472,0.024087746820823458,0.43826666666666664,0.019187003703317263,0.8191007754511664,0.003908316546967093,0.0035500000000000032,0.0007262919523166983,0.06476157705030183,0.0022012887506847245,267.8171043435043,2.661853580749883,1.2254070738951366,0.04189295607212664,1.0,0.0,0.0,0.0,137.66666666666666,5.456901847914966,0.4341360591360592,0.024762471226635965,0.0,0.0,0.614660640557607,0.003416547708554334
mnist,PU-F,0.4,0.8,50,3,50.0,0.0,54.0,0.0,73.0,2.886751345948129,127.0,2.886751345948129,0.7415705156551363,0.013220457750925738,0.44603333333333334,0.024767743359279067,0.9471269692626122,0.0023064904524724415,0.36506666666666665,0.011615088367196278,0.5270091677000045,0.011819684122809967,138.88498775907934,3.060754091865534,0.48576920945197344,0.0008959183897884626,0.0,0.0,0.0,0.0,51.0,0.0,0.40740740740740744,0.010691671651659736,0.0,0.0,0.6278217236200968,0.002124608919523132
mnist,PU-G,0.0,0.0,100,3,100.0,0.0,104.0,0.0,223.0,11.532562594670797,327.0,11.532562594670797,0.3781008122023195,0.011983848934567594,0.24456666666666668,0.01632914912391673,0.6795732699163616,0.011511026318067203,0.21641333333333326,0.009159094448203451,0.3670023416051074,0.010436547733726093,197.80368693117063,8.85614763528319,1.4446189552545547,0.020320203487607904,0.0,0.0,0.0,0.0,101.0,0.0,0.0,0.0,0.0,0.0,0.6149230599403381,0.012368018226092016
mnist,PU-G,0.0,0.0,200,3,200.0,0.0,204.0,0.0,81.0,10.53565375285274,285.0,10.53565375285274,0.33416083713139716,0.011100852174179311,0.12489999999999997,0.004450093631973742,0.5677130885108371,0.014011935650477678,0.08065999999999998,0.009588020303135205,0.19748870590262246,0.013610191703255411,281.03645277759324,2.220462120545772,2.54001388233155,0.03634034887269472,0.0,0.0,1.0,0.0,201.0,0.0,0.0,0.0,0.0,0.0,0.5884426037470499,0.0019508184064388878
mnist,PU-G,0.0,0.0,50,3,50.0,0.0,54.0,0.0,305.3333333333333,29.236582867663895,359.3333333333333,29.236582867663895,0.41143252527884516,0.03029191541608193,0.31129999999999997,0.034966126465480855,0.7100752354334526,0.03025174545138843,0.30254333333333333,0.028536681267760943,0.4613545099041425,0.03073046703973129,128.9339329703978,9.466622592986978,0.7737922295928001,0.0065261180461237646,0.0,0.0,0.0,0.0,51.0,0.0,0.0,0.0,0.0,0.0,0.6094835003217062,0.007720230123012443
mnist,PU-G,0.0,0.2,100,3,100.0,0.0,104.0,0.0,192.66666666666666,16.374098787753514,296.6666666666667,16.374098787753514,0.42918431574556354,0.021176925037283377,0.2692333333333334,0.01657722668133738,0.7014008321203349,0.02034561514039443,0.23743333333333327,0.022560285363763574,0.390380817832049,0.025594958994773195,158.8560845786479,11.273160173293213,1.3425244744867086,0.010168975182982381,0.0,0.0,0.0,0.0,101.0,0.0,0.0,0.0,0.0,0.0,0.5971199671427408,0.00710361585090927
mnist,PU-G,0.0,0.2,200,3,200.0,0.0,204.0,0.0,47.0,9.539392014169456,251.0,9.539392014169456,0.36990190252739313,0.012476155602137828,0.1272333333333333,0.00589048196481219,0.5393347934010779,0.01264716876058647,0.057991666666666664,0.011892785657466652,0.1642964004972291,0.01756378682144557,235.5008777648674,9.966432591024512,2.380315476718048,0.03425890464535898,0.0,0.0,1.0,0.0,201.0,0.0,0.0,0.0,0.0,0.0,0.6026588280995687,0.006088408946005519
mnist,PU-G,0.0,0.2,50,3,50.0,0.0,54.0,0.0,278.6666666666667,15.452435981999013,332.6666666666667,15.452435981999013,0.47537210228620097,0.019737680497964497,0.35793333333333327,0.040536581558444765,0.7505956584879439,0.025746609081263354,0.34090833333333337,0.016570735897794155,0.502095799333626,0.017226047806412223,108.53748978542991,14.329396430230904,0.7089974293485284,0.0036266996218550906,0.0,0.0,0.0,0.0,51.0,0.0,0.0,0.0,0.0,0.0,0.6246374448140463,0.028808909720175503
mnist,PU-G,0.0,0.4,100,3,100.0,0.0,104.0,0.0,112.33333333333333,18.414969755910843,216.33333333333334,18.414969755910843,0.42677318438654765,0.03196270870380872,0.2452333333333333,0.030455669058120825,0.6869596880357652,0.02981900032589563,0.18389999999999998,0.029766752208412614,0.32806542565353075,0.03559203143546805,156.87360014209023,6.301184355892519,1.1827845725541313,0.013402353853513734,0.0,0.0,0.0,0.0,101.0,0.0,0.0,0.0,0.0,0.0,0.610354502995809,0.008278455199944157
mnist,PU-G,0.0,0.4,200,3,200.0,0.0,204.0,0.0,12.666666666666666,2.185812841434,216.66666666666666,2.185812841434,0.42764236331762123,0.0037790676782061467,0.11236666666666666,0.0031540097935450176,0.5281926997924106,0.004724190075064332,0.021316666666666678,0.003582609746063966,0.10416955540338113,0.006674093946921516,236.11150056987128,4.20081048003324,2.0798077015206218,0.02829079474187979,0.0,0.0,1.0,0.0,201.0,0.0,0.0,0.0,0.0,0.0,0.5958430965741476,0.00292349159797073
mnist,PU-G,0.0,0.4,50,3,50.0,0.0,54.0,0.0,149.33333333333334,9.837569708915803,203.33333333333334,9.837569708915803,0.4044195100820313,0.017089969602608935,0.25153333333333333,0.006705553254165134,0.6857378502504433,0.012739598385998219,0.24696111111111116,0.01713651703379026,0.4012780376005123,0.018945722138603474,95.59643029658825,5.256800252836131,0.6314519504085183,0.006775077330236838,0.0,0.0,0.0,0.0,51.0,0.0,0.0,0.0,0.0,0.0,0.6111913720766703,0.0030417845245614503
mnist,PU-G,0.0,0.6,100,3,100.0,0.0,104.0,0.0,38.666666666666664,3.38296385503074,142.66666666666666,3.3829638550307397,0.4369221289913791,0.00884255361296033,0.17296666666666669,0.012433869514801542,0.6607418697792201,0.0055653525300083505,0.09674166666666666,0.00860155428461108,0.21970021420981542,0.011699642730948312,156.37950380563652,5.819763453835589,0.9804504982506236,0.009141408269267496,0.0,0.0,0.0,0.0,101.0,0.0,0.0,0.0,0.0,0.0,0.6049651503562927,0.0043068616490203335
mnist,PU-G,0.0,0.6,200,3,162.33333333333334,6.765927710061479,166.33333333333334,6.765927710061479,0.0,0.0,166.33333333333334,6.765927710061479,0.49798717788265395,0.01734446879962849,0.12626666666666664,0.003426530477189893,0.5379782562832579,0.008209702280332644,0.0018583333333332963,0.0006416666666666504,0.05933245900812828,0.002336922587247825,208.32051781165652,6.987743273529415,1.486603028451403,0.045697002167967606,1.0,0.0,0.0,0.0,163.33333333333334,6.765927710061479,0.0,0.0,0.0,0.0,0.5951083501180013,0.006513175131142885
mnist,PU-G,0.0,0.6,50,3,50.0,0.0,54.0,0.0,99.33333333333333,11.200198410940963,153.33333333333334,11.200198410940963,0.46437328894777846,0.0291049851978278,0.2728333333333333,0.01707281790189048,0.741559621075965,0.025335460371591557,0.24694166666666664,0.027566043171102936,0.4007725783507206,0.031067777816301677,96.70077324535809,2.0292848550523197,0.5289037867138783,0.007599750401647672,0.0,0.0,0.0,0.0,51.0,0.0,0.0,0.0,0.0,0.0,0.6060329079627991,0.010125649979593095
mnist,PU-G,0.0,0.8,100,3,98.66666666666667,0.881917103688197,102.66666666666667,0.881917103688197,2.0,2.0,104.66666666666667,2.728450923957483,0.6361600591335446,0.013213316632599356,0.17066666666666666,0.005740015485848239,0.6707270669178893,0.03712456084360956,0.013700000000000013,0.008254089895318572,0.08692617645736266,0.016794815062311307,146.1341624018511,10.49012239847859,0.8530335534984866,0.007055106996304974,0.6666666666666666,0.33333333333333337,0.0,0.0,99.66666666666667,0.881917103688197,0.0,0.0,0.0,0.0,0.5988622705141703,0.01031998234172683
mnist,PU-G,0.0,0.8,200,3,101.33333333333333,3.3829638550307397,105.33333333333333,3.3829638550307397,0.0,0.0,105.33333333333333,3.3829638550307397,0.6393472922888274,0.016341219943519166,0.1679333333333333,0.008357498296606349,0.6552134832017954,0.021512265279863017,0.004583333333333338,0.001045758629470067,0.06764097584918814,0.002958607527633134,148.98010205980702,13.291377357454001,0.9174607312306762,0.025093956935546113,1.0,0.0,0.0,0.0,102.33333333333333,3.3829638550307397,0.0,0.0,0.0,0.0,0.59549347559611,0.007215567437219693
mnist,PU-G,0.0,0.8,50,3,50.0,0.0,54.0,0.0,36.0,5.000000000000001,90.0,5.000000000000001,0.5634865446287828,0.02498689321024964,0.28523333333333334,0.025959541170401623,0.7985792942025637,0.027655128446644816,0.1809333333333334,0.02494551284522152,0.32496944345184,0.029251646777375375,99.72856604917105,5.86583593892834,0.4611402861773968,0.0029248143354200225,0.0,0.0,0.0,0.0,51.0,0.0,0.0,0.0,0.0,0.0,0.6043784221013387,0.0049913599737847324
mnist,PU-G,0.4,0.0,100,3,100.0,0.0,104.0,0.0,466.3333333333333,7.838650677536565,570.3333333333334,7.838650677536565,0.6243465161339069,0.00770869190698777,0.4847333333333334,0.004023817976885998,0.8822937044056643,0.0054301111457283596,0.46664333333333335,0.007505092345275367,0.6270905418387681,0.007130065752604626,208.8924598396477,9.279658131828388,1.6630550644670923,0.019668769975244797,0.0,0.0,0.0,0.0,101.0,0.0,0.4038461538461538,0.02543991645254413,0.0,0.0,0.6355013251304626,0.04001654183782295
mnist,PU-G,0.4,0.0,200,3,200.0,0.0,204.0,0.0,409.6666666666667,5.783117190965824,613.6666666666666,5.783117190965824,0.6667857747524977,0.005629503570209243,0.4718,0.0032746501085357746,0.8838012119222073,0.005768122867564254,0.40862,0.004762114376338862,0.5707962591151174,0.004704823747562963,304.5032312831327,12.206406379971568,3.2137506461391845,0.05957877790363471,0.0,0.0,1.0,0.0,201.0,0.0,0.4003267973856209,0.018195308375261513,0.0,0.0,0.5849158565203348,0.0030328020415638264
mnist,PU-G,0.4,0.0,50,3,50.0,0.0,54.0,0.0,492.0,7.637626158259733,546.0,7.637626158259733,0.6003274742979556,0.0075548974430015,0.4932,0.013702676137650393,0.8638688380674625,0.003135317950282505,0.49022666666666664,0.007209348868733656,0.6493780043004233,0.006748524663003696,138.9473874557809,3.796588955634889,0.8425630082686743,0.0034040773956806676,0.0,0.0,0.0,0.0,51.0,0.0,0.38888888888888884,0.01851851851851853,0.0,0.0,0.6456205447514852,0.04547829306563297
mnist,PU-G,0.4,0.2,100,3,100.0,0.0,104.0,0.0,347.6666666666667,10.837178804672574,451.6666666666667,10.837178804672574,0.6244243196755027,0.013341621314172124,0.4753333333333334,0.01714957077532199,0.8700389256496487,0.007220060698907556,0.43442916666666664,0.013510276438491044,0.596007655597815,0.013195661110828552,179.15598609546342,5.869798637045287,1.4651216532414157,0.01846560412795989,0.0,0.0,0.0,0.0,101.0,0.0,0.3878205128205128,0.016959944301696082,0.0,0.0,0.6107491453488668,0.03150293780770007
mnist,PU-G,0.4,0.2,200,3,200.0,0.0,204.0,0.0,289.6666666666667,7.881060278357926,493.6666666666667,7.881060278357926,0.675702279744049,0.009561644395262851,0.4422333333333333,0.02068657643121366,0.8659197140510666,0.0074235898732358425,0.3627458333333334,0.009918271053688935,0.5246685369941045,0.010148726597723756,264.1659927304398,7.728433509475006,2.8017230316375694,0.04880091764800691,0.0,0.0,1.0,0.0,201.0,0.0,0.37745098039215685,0.009803921568627456,0.0,0.0,0.5928894480069479,0.003481841810135716
mnist,PU-G,0.4,0.2,50,3,50.0,0.0,54.0,0.0,366.6666666666667,7.055336829505575,420.6666666666667,7.055336829505575,0.5861639854653428,0.008751471004623873,0.45226666666666665,0.019862387682361964,0.8454009652738774,0.004507952593668053,0.45812083333333337,0.00964789574783595,0.6189291194970122,0.00921740448163091,113.46016632124933,6.710819379072826,0.766430662634472,0.012049467031608224,0.0,0.0,0.0,0.0,51.0,0.0,0.35185185185185186,0.021383343303319473,0.0,0.0,0.6333873271942139,0.019399942610511693
mnist,PU-G,0.4,0.4,100,3,100.0,0.0,104.0,0.0,261.3333333333333,0.6666666666666667,365.3333333333333,0.6666666666666667,0.6758919044902237,0.0010734871805955968,0.45330000000000004,0.00494267134250296,0.9044793645754249,0.0025775672398042682,0.43531666666666663,0.0011561830561201292,0.5969861383215379,0.0011240064696460689,192.2287510984561,5.4095783180426364,1.3627204867079854,0.023954347607456534,0.0,0.0,0.0,0.0,101.0,0.0,0.3878205128205128,0.03346252086189279,0.0,0.0,0.6055343349774679,0.0036111543677243463
mnist,PU-G,0.4,0.4,200,3,200.0,0.0,204.0,0.0,200.33333333333334,2.96273147243853,404.3333333333333,2.96273147243853,0.7379942304493549,0.004661855248469036,0.3982666666666666,0.02439032139554085,0.8912470288329724,0.0038200786935576048,0.33401111111111104,0.004339955765832489,0.4951240128822627,0.004510591819061122,283.4323182844891,4.833888872815521,2.571435128028194,0.03524208759430916,0.0,0.0,1.0,0.0,201.0,0.0,0.3758169934640523,0.005891423652718934,0.0,0.0,0.5976424614588419,0.010906443539606304
mnist,PU-G,0.4,0.4,50,3,50.0,0.0,54.0,0.0,281.6666666666667,2.728450923957484,335.6666666666667,2.728450923957484,0.6277560398254233,0.004457349673022181,0.48203333333333337,0.019111979954410215,0.8806208959140206,0.0017680966447917946,0.46760555555555555,0.005074175113889935,0.6280255807067021,0.0048280743393009865,119.04277678194266,1.780948628913659,0.7091571884229779,0.008599139475321853,0.0,0.0,0.0,0.0,51.0,0.0,0.4012345679012346,0.02469135802469136,0.0,0.0,0.6552521387736002,0.02760060496397932
mnist,PU-G,0.4,0.6,100,3,100.0,0.0,104.0,0.0,145.66666666666666,1.2018504251546633,249.66666666666666,1.2018504251546633,0.7037026446002225,0.0028533230718480575,0.4613666666666667,0.02739399772050643,0.910791393075436,0.002598255077078849,0.3642083333333333,0.003259931406912994,0.5262208907944924,0.003319891722338889,194.18899462412836,7.8017053695740755,1.1005567582324147,0.009585106240586089,0.0,0.0,0.0,0.0,101.0,0.0,0.4070512820512821,0.026235105038052715,0.0,0.0,0.6032042702039083,0.005326331354500162
mnist,PU-G,0.4,0.6,200,3,200.0,0.0,204.0,0.0,84.33333333333333,1.7638342073763937,288.3333333333333,1.7638342073763937,0.7936250620599216,0.004009966428447323,0.38866666666666666,0.006232263722846707,0.8778827109857156,0.00325926927177429,0.21069166666666664,0.0042990874354655,0.3605080032206002,0.004952344304543181,288.25609924138865,2.60237512813101,2.087747921856741,0.010185282471521118,0.0,0.0,1.0,0.0,201.0,0.0,0.37745098039215685,0.0074878687826075855,0.0,0.0,0.5996596018473307,0.0014920689460007415
mnist,PU-G,0.4,0.6,50,3,50.0,0.0,54.0,0.0,175.33333333333334,7.512951779723097,229.33333333333334,7.512951779723097,0.6548057005275041,0.018202122031264294,0.4846000000000001,0.01833475752044005,0.910157961414927,0.004894948743144564,0.4397333333333333,0.018574407422879226,0.601054518345022,0.018052885648886775,131.2551713135255,6.402808129867739,0.5708157758538922,0.004739742035254997,0.0,0.0,0.0,0.0,51.0,0.0,0.4012345679012346,0.03754791685369272,0.0,0.0,0.6136749982833862,0.003984359443854078
mnist,PU-G,0.4,0.8,100,3,100.0,0.0,104.0,0.0,43.333333333333336,5.547772325697746,147.33333333333334,5.547772325697746,0.8312812277775569,0.023789597199069125,0.42723333333333335,0.02943820269272188,0.9164902049611329,0.02065241951382622,0.21606666666666666,0.027550216776723275,0.36583941123802227,0.03174477305751787,188.7012170355831,11.832585999676915,0.9282430311044058,0.0024770293128232694,0.0,0.0,0.0,0.0,101.0,0.0,0.3846153846153846,0.04441155916843276,0.0,0.0,0.6097739736239115,0.0028789330237644606
mnist,PU-G,0.4,0.8,200,3,169.33333333333334,7.446102634562893,173.33333333333334,7.446102634562893,0.0,0.0,173.33333333333334,7.446102634562893,0.9332662996797202,0.027266989770827924,0.44093333333333334,0.02571642363246578,0.8032834825884173,0.017011887977561157,0.005783333333333338,0.0027492928383697364,0.07010233781571963,0.007293196761984828,249.83593399733573,21.270276043430208,1.4809091075633962,0.05827172027014011,1.0,0.0,0.0,0.0,170.33333333333334,7.446102634562893,0.4052426736743557,0.03470182383418331,0.0,0.0,0.6087062756220499,0.00658524158957071
mnist,PU-G,0.4,0.8,50,3,50.0,0.0,54.0,0.0,73.66666666666667,6.641619615057092,127.66666666666667,6.641619615057092,0.7441380219340014,0.030364940431891765,0.5188666666666667,0.04220115848857444,0.9346124700234976,0.016411641926574645,0.37023333333333336,0.031739832142663314,0.531659728672279,0.03222829881028165,121.28218968477505,5.924492358926283,0.4883910759041707,0.001820629277651825,0.0,0.0,0.0,0.0,51.0,0.0,0.38888888888888884,0.06503489970896753,0.0,0.0,0.6102610429128011,0.007514321184472226
