method,dataset,seed,noise_rate,pretrain_fraction,pretrain_training_mode,es_budget,step,n_cert,n_pretrain,compression_size,remaining_bad,effective_compression_size,certified_bound,test_error,test_inappropriate_risk,pac_bayes_bound,pac_bayes_empirical_risk,pac_bayes_mc_upper,pac_bayes_kl,runtime_sec,stop_reached,hit_limit,train_calls,noise_hit_rate,duplicate_hit_rate,pairwise_feature_cosine,mean_support_redundancy,max_support_redundancy,mean_selected_residual_novelty,local_redundancy_hit_rate,residual_redundancy_hit_rate,strong_redundancy_hit_rate,group_revisit_rate,unique_group_fraction,max_group_selection_fraction,mode_entropy,minority_mode_fraction,spectral_entropy,dynamic_mu,dynamic_redundancy_weight,variant,sweep_name,sweep_value,mu,global_redundancy_weight,residual_rank,gamma_value
PU-R,boundary_duplicate_fashion_mnist,0,0.3,0.3,support,50,50,3500,1500,54,1380,1434,0.43965172476600856,0.3005,0.3005,,,,,3.3076319860992953,0,0,51,0.8333333333333334,0.8518518518518519,0.7213396430015564,0.7213396430015564,0.9968245625495911,0.10378456003261062,0.7169811320754716,0.6981132075471698,0.6981132075471698,0.9629629629629629,0.037037037037037035,0.8518518518518519,0.6051865766334205,0.14814814814814814,0.27828338008928966,0.0,1.360858309955355,mu=0,mu,0.0,0.0,1.0,0,0.6931471805599453
PU-R,boundary_duplicate_fashion_mnist,0,0.3,0.3,support,100,100,3500,1500,104,1320,1424,0.43675637553678825,0.27849999999999997,0.2785,,,,,4.458753506070934,0,0,101,0.8557692307692307,0.8173076923076923,0.7294115424156189,0.7294115424156189,0.9952430725097656,0.07417110505613309,0.8058252427184466,0.8349514563106796,0.7961165048543689,0.9807692307692307,0.019230769230769232,0.8173076923076923,0.6859315226878925,0.18269230769230768,0.26205681834456235,0.0,1.368971590827719,mu=0,mu,0.0,0.0,1.0,0,0.6931471805599453
PU-R,boundary_duplicate_fashion_mnist,0,0.3,0.3,support,200,200,3500,1500,204,1288,1492,0.4564241469488479,0.35324999999999995,0.35325,,,,,8.156721929088235,0,1,201,0.7696078431372549,0.8186274509803921,0.8005728125572205,0.8005728125572205,0.9929656982421875,0.05495202247732379,0.7832512315270936,0.9064039408866995,0.7783251231527094,0.9901960784313726,0.00980392156862745,0.8186274509803921,0.6830704823075845,0.18137254901960784,0.2240469438353439,0.0,1.3879765280823282,mu=0,mu,0.0,0.0,1.0,0,0.6931471805599453
PU-R,boundary_duplicate_fashion_mnist,0,0.3,0.3,support,50,50,3500,1500,54,1366,1420,0.4355979414540343,0.3005,0.3005,,,,,0.8449929530033842,0,0,51,0.7962962962962963,0.8518518518518519,0.71954745054245,0.71954745054245,0.996833324432373,0.11382817715968725,0.6792452830188679,0.660377358490566,0.660377358490566,0.9629629629629629,0.037037037037037035,0.8518518518518519,0.6051865766334205,0.14814814814814814,0.28690010346617306,0.33913748706672836,1.3565499482669134,mu=0.25,mu,0.25,0.25,1.0,0,0.6931471805599453
PU-R,boundary_duplicate_fashion_mnist,0,0.3,0.3,support,100,100,3500,1500,104,1316,1420,0.4355979414540343,0.27749999999999997,0.2775,,,,,1.9980845849495381,0,0,101,0.8269230769230769,0.8076923076923077,0.7238834500312805,0.7238834500312805,0.9953526854515076,0.07949081034336275,0.7766990291262136,0.8058252427184466,0.7669902912621359,0.9807692307692307,0.019230769230769232,0.8076923076923077,0.7062740891876007,0.19230769230769232,0.26831957909278004,0.3414600526134025,1.36584021045361,mu=0.25,mu,0.25,0.25,1.0,0,0.6931471805599453
PU-R,boundary_duplicate_fashion_mnist,0,0.3,0.3,support,200,200,3500,1500,204,1296,1500,0.4587348432978615,0.35,0.35,,,,,5.663553262013011,0,1,201,0.7647058823529411,0.8137254901960784,0.7986962795257568,0.7986962795257568,0.9936803579330444,0.0565233383272669,0.7684729064039408,0.896551724137931,0.7635467980295566,0.9901960784313726,0.00980392156862745,0.8137254901960784,0.6936126404300949,0.18627450980392157,0.22590480043654593,0.3467618999454318,1.387047599781727,mu=0.25,mu,0.25,0.25,1.0,0,0.6931471805599453
PU-R,boundary_duplicate_fashion_mnist,0,0.3,0.3,support,50,50,3500,1500,54,1366,1420,0.4355979414540343,0.30125,0.30125,,,,,0.8389594879699871,0,0,51,0.7962962962962963,0.8518518518518519,0.7142767310142517,0.7142767310142517,0.9968678951263428,0.1181980810075436,0.6415094339622641,0.6415094339622641,0.6415094339622641,0.9629629629629629,0.037037037037037035,0.8518518518518519,0.6051865766334205,0.14814814814814814,0.29320026042157205,0.676699934894607,1.353399869789214,mu=0.5,mu,0.5,0.5,1.0,0,0.6931471805599453
PU-R,boundary_duplicate_fashion_mnist,0,0.3,0.3,support,100,100,3500,1500,104,1319,1423,0.4364667828194797,0.275,0.275,,,,,1.9939838099526241,0,0,101,0.8365384615384616,0.8173076923076923,0.7277263402938843,0.7277263402938843,0.9953805208206177,0.0816418441753943,0.7475728155339806,0.8058252427184466,0.7475728155339806,0.9807692307692307,0.019230769230769232,0.8173076923076923,0.6859315226878925,0.18269230769230768,0.26791398334634325,0.6830215041634142,1.3660430083268285,mu=0.5,mu,0.5,0.5,1.0,0,0.6931471805599453
PU-R,boundary_duplicate_fashion_mnist,0,0.3,0.3,support,200,200,3500,1500,204,1300,1504,0.459889943653252,0.349,0.349,,,,,5.65593233902473,0,1,201,0.7696078431372549,0.8137254901960784,0.7980581521987915,0.7980581521987915,0.9930664300918579,0.057871073631230244,0.7536945812807881,0.8866995073891626,0.7487684729064039,0.9901960784313726,0.00980392156862745,0.8137254901960784,0.6936126404300949,0.18627450980392157,0.2275630902159953,0.6931092274460011,1.3862184548920022,mu=0.5,mu,0.5,0.5,1.0,0,0.6931471805599453
PU-R,boundary_duplicate_fashion_mnist,0,0.3,0.3,support,50,50,3500,1500,54,1368,1422,0.4361771795665845,0.29874999999999996,0.29875,,,,,0.8427728000096977,0,0,51,0.7962962962962963,0.8703703703703703,0.7056053876876831,0.7056053876876831,0.996968150138855,0.1255852478855061,0.5849056603773585,0.6037735849056604,0.5849056603773585,0.9629629629629629,0.037037037037037035,0.8703703703703703,0.5564215672884281,0.12962962962962962,0.304048498579196,1.347975750710402,1.347975750710402,mu=1,mu,1.0,1.0,1.0,0,0.6931471805599453
PU-R,boundary_duplicate_fashion_mnist,0,0.3,0.3,support,100,100,3500,1500,104,1318,1422,0.4361771795665845,0.27349999999999997,0.2735,,,,,2.0008968139300123,0,0,101,0.8173076923076923,0.8269230769230769,0.7258754968643188,0.7258754968643188,0.9954508543014526,0.08528397210593362,0.7184466019417476,0.7961165048543689,0.7184466019417476,0.9807692307692307,0.019230769230769232,0.8269230769230769,0.6646953053493418,0.17307692307692307,0.271891809343039,1.3640540953284805,1.3640540953284805,mu=1,mu,1.0,1.0,1.0,0,0.6931471805599453
PU-R,boundary_duplicate_fashion_mnist,0,0.3,0.3,support,200,200,3500,1500,204,1292,1496,0.45757957780733705,0.35150000000000003,0.3515,,,,,5.654312358004972,0,1,201,0.7745098039215687,0.8333333333333334,0.7978479862213135,0.7978479862213135,0.9935411214828491,0.05824957428307369,0.729064039408867,0.8817733990147784,0.729064039408867,0.9901960784313726,0.00980392156862745,0.8333333333333334,0.6500224216483541,0.16666666666666666,0.2269024328041661,1.386548783597917,1.386548783597917,mu=1,mu,1.0,1.0,1.0,0,0.6931471805599453
PU-R,boundary_duplicate_fashion_mnist,0,0.3,0.3,support,50,50,3500,1500,54,1367,1421,0.4358875657781027,0.29900000000000004,0.299,,,,,0.8404811570653692,0,0,51,0.7592592592592593,0.8888888888888888,0.702753484249115,0.702753484249115,0.9970451593399048,0.13577429359813906,0.5283018867924528,0.5471698113207547,0.5283018867924528,0.9629629629629629,0.037037037037037035,0.8888888888888888,0.5032583347756457,0.1111111111111111,0.31572516840690484,2.0132061236948213,1.3421374157965476,mu=1.5,mu,1.5,1.5,1.0,0,0.6931471805599453
PU-R,boundary_duplicate_fashion_mnist,0,0.3,0.3,support,100,100,3500,1500,104,1319,1423,0.4364667828194797,0.27575000000000005,0.27575,,,,,2.020783170009963,0,0,101,0.7980769230769231,0.8461538461538461,0.7217970490455627,0.7217970490455627,0.9955267906188965,0.0915440216805171,0.6893203883495146,0.7669902912621359,0.6893203883495146,0.9807692307692307,0.019230769230769232,0.8461538461538461,0.6193821946787638,0.15384615384615385,0.2782853453303464,2.04128599100224,1.3608573273348268,mu=1.5,mu,1.5,1.5,1.0,0,0.6931471805599453
PU-R,boundary_duplicate_fashion_mnist,0,0.3,0.3,support,200,200,3500,1500,204,1284,1488,0.45526855054777116,0.35250000000000004,0.3525,,,,,5.66000927996356,0,1,201,0.7647058823529411,0.8284313725490197,0.7972638010978699,0.7972638010978699,0.9933164119720459,0.060407671435125945,0.7093596059113301,0.8669950738916257,0.7044334975369458,0.9901960784313726,0.00980392156862745,0.8284313725490197,0.6612805854775594,0.1715686274509804,0.22841849507782863,2.0786861286916287,1.3857907524610857,mu=1.5,mu,1.5,1.5,1.0,0,0.6931471805599453
PU-R,boundary_duplicate_fashion_mnist,0,0.3,0.3,support,50,50,3500,1500,54,1366,1420,0.4355979414540343,0.2995,0.2995,,,,,0.8649549999972805,0,0,51,0.8333333333333334,0.8518518518518519,0.7268748879432678,0.7268748879432678,0.996842622756958,0.10928531525269994,0.7169811320754716,0.6981132075471698,0.6981132075471698,0.9629629629629629,0.037037037037037035,0.8518518518518519,0.6051865766334205,0.14814814814814814,0.2796986262420334,1.3601506868789834,0.0,lambda=0,global_redundancy_weight,0.0,1.0,0.0,0,0.6931471805599453
PU-R,boundary_duplicate_fashion_mnist,0,0.3,0.3,support,100,100,3500,1500,104,1327,1431,0.4387832303182222,0.27825,0.27825,,,,,2.018059954047203,0,0,101,0.8461538461538461,0.8269230769230769,0.731430172920227,0.731430172920227,0.9952683448791504,0.07748260399670277,0.8155339805825242,0.8349514563106796,0.7961165048543689,0.9807692307692307,0.019230769230769232,0.8269230769230769,0.6646953053493418,0.17307692307692307,0.26335358510202844,1.3683232074489857,0.0,lambda=0,global_redundancy_weight,0.0,1.0,0.0,0,0.6931471805599453
PU-R,boundary_duplicate_fashion_mnist,0,0.3,0.3,support,200,200,3500,1500,204,1315,1519,0.464220100606326,0.35550000000000004,0.3555,,,,,5.637084161047824,0,1,201,0.7794117647058824,0.8235294117647058,0.8010976314544678,0.8010976314544678,0.993660569190979,0.05516581347423234,0.7684729064039408,0.9064039408866995,0.7684729064039408,0.9901960784313726,0.00980392156862745,0.8235294117647058,0.672294817075638,0.17647058823529413,0.22358657054710898,1.3882067147264454,0.0,lambda=0,global_redundancy_weight,0.0,1.0,0.0,0,0.6931471805599453
PU-R,boundary_duplicate_fashion_mnist,0,0.3,0.3,support,50,50,3500,1500,54,1369,1423,0.4364667828194797,0.29974999999999996,0.29975,,,,,0.8487397109856829,0,0,51,0.7962962962962963,0.8703703703703703,0.7140724062919617,0.7140724062919617,0.9969278573989868,0.12117438946130141,0.6415094339622641,0.6415094339622641,0.6415094339622641,0.9629629629629629,0.037037037037037035,0.8703703703703703,0.5564215672884281,0.12962962962962962,0.29631376011913435,1.3518431199404328,0.6759215599702164,lambda=0.5,global_redundancy_weight,0.5,1.0,0.5,0,0.6931471805599453
PU-R,boundary_duplicate_fashion_mnist,0,0.3,0.3,support,100,100,3500,1500,104,1320,1424,0.43675637553678825,0.276,0.276,,,,,2.0018803200218827,0,0,101,0.8269230769230769,0.8269230769230769,0.7256713509559631,0.7256713509559631,0.9952805042266846,0.08315157022291017,0.7475728155339806,0.8058252427184466,0.7475728155339806,0.9807692307692307,0.019230769230769232,0.8269230769230769,0.6646953053493418,0.17307692307692307,0.2700968133086406,1.3649515933456797,0.6824757966728399,lambda=0.5,global_redundancy_weight,0.5,1.0,0.5,0,0.6931471805599453
PU-R,boundary_duplicate_fashion_mnist,0,0.3,0.3,support,200,200,3500,1500,204,1283,1487,0.4549796255887486,0.348,0.348,,,,,5.647394145024009,0,1,201,0.7598039215686274,0.8137254901960784,0.7981964945793152,0.7981964945793152,0.9931632280349731,0.05737719600423803,0.7487684729064039,0.8916256157635468,0.7487684729064039,0.9901960784313726,0.00980392156862745,0.8137254901960784,0.6936126404300949,0.18627450980392157,0.22641473479890137,1.3867926326005493,0.6933963163002747,lambda=0.5,global_redundancy_weight,0.5,1.0,0.5,0,0.6931471805599453
PU-R,boundary_duplicate_fashion_mnist,0,0.3,0.3,support,50,50,3500,1500,54,1368,1422,0.4361771795665845,0.29874999999999996,0.29875,,,,,0.8457160550169647,0,0,51,0.7962962962962963,0.8703703703703703,0.7056053876876831,0.7056053876876831,0.996968150138855,0.1255852478855061,0.5849056603773585,0.6037735849056604,0.5849056603773585,0.9629629629629629,0.037037037037037035,0.8703703703703703,0.5564215672884281,0.12962962962962962,0.304048498579196,1.347975750710402,1.347975750710402,lambda=1,global_redundancy_weight,1.0,1.0,1.0,0,0.6931471805599453
PU-R,boundary_duplicate_fashion_mnist,0,0.3,0.3,support,100,100,3500,1500,104,1318,1422,0.4361771795665845,0.27349999999999997,0.2735,,,,,2.001534797018394,0,0,101,0.8173076923076923,0.8269230769230769,0.7258754968643188,0.7258754968643188,0.9954508543014526,0.08528397210593362,0.7184466019417476,0.7961165048543689,0.7184466019417476,0.9807692307692307,0.019230769230769232,0.8269230769230769,0.6646953053493418,0.17307692307692307,0.271891809343039,1.3640540953284805,1.3640540953284805,lambda=1,global_redundancy_weight,1.0,1.0,1.0,0,0.6931471805599453
PU-R,boundary_duplicate_fashion_mnist,0,0.3,0.3,support,200,200,3500,1500,204,1292,1496,0.45757957780733705,0.35150000000000003,0.3515,,,,,5.661019474035129,0,1,201,0.7745098039215687,0.8333333333333334,0.7978479862213135,0.7978479862213135,0.9935411214828491,0.05824957428307369,0.729064039408867,0.8817733990147784,0.729064039408867,0.9901960784313726,0.00980392156862745,0.8333333333333334,0.6500224216483541,0.16666666666666666,0.2269024328041661,1.386548783597917,1.386548783597917,lambda=1,global_redundancy_weight,1.0,1.0,1.0,0,0.6931471805599453
PU-R,boundary_duplicate_fashion_mnist,0,0.3,0.3,support,50,50,3500,1500,54,1381,1435,0.4399412019411102,0.29774999999999996,0.29775,,,,,0.8423129350412637,0,0,51,0.7407407407407407,0.8703703703703703,0.7004667520523071,0.7004667520523071,0.9969830513000488,0.1358940837518224,0.5094339622641509,0.5471698113207547,0.5094339622641509,0.9629629629629629,0.037037037037037035,0.8703703703703703,0.5564215672884281,0.12962962962962962,0.31729674102933636,1.3413516294853318,2.0120274442279977,lambda=1.5,global_redundancy_weight,1.5,1.0,1.5,0,0.6931471805599453
PU-R,boundary_duplicate_fashion_mnist,0,0.3,0.3,support,100,100,3500,1500,104,1320,1424,0.43675637553678825,0.276,0.276,,,,,1.999021294992417,0,0,101,0.8076923076923077,0.8557692307692307,0.7227655053138733,0.7227655053138733,0.9953097105026245,0.09161946206416899,0.6796116504854369,0.7572815533980582,0.6796116504854369,0.9807692307692307,0.019230769230769232,0.8557692307692307,0.5952124653513117,0.14423076923076922,0.2786719728919574,1.3606640135540213,2.040996020331032,lambda=1.5,global_redundancy_weight,1.5,1.0,1.5,0,0.6931471805599453
PU-R,boundary_duplicate_fashion_mnist,0,0.3,0.3,support,200,200,3500,1500,204,1285,1489,0.4555574652040377,0.35575,0.35575,,,,,5.659570589079522,0,1,201,0.7696078431372549,0.8284313725490197,0.7969772219657898,0.7969772219657898,0.9937816858291626,0.06020377833267738,0.7044334975369458,0.8669950738916257,0.7044334975369458,0.9901960784313726,0.00980392156862745,0.8284313725490197,0.6612805854775594,0.1715686274509804,0.2283159209144747,1.3858420395427626,2.078763059314144,lambda=1.5,global_redundancy_weight,1.5,1.0,1.5,0,0.6931471805599453
PU-R,boundary_duplicate_fashion_mnist,0,0.3,0.3,support,50,50,3500,1500,54,1375,1429,0.43820418149698526,0.29725,0.29725,,,,,0.8431448619812727,0,0,51,0.7407407407407407,0.8703703703703703,0.6938986778259277,0.6938986778259277,0.9970860481262207,0.14173089052146337,0.5094339622641509,0.5283018867924528,0.5094339622641509,0.9629629629629629,0.037037037037037035,0.8703703703703703,0.5564215672884281,0.12962962962962962,0.32557248084301255,1.3372137595784936,2.6744275191569873,lambda=2,global_redundancy_weight,2.0,1.0,2.0,0,0.6931471805599453
PU-R,boundary_duplicate_fashion_mnist,0,0.3,0.3,support,100,100,3500,1500,104,1321,1425,0.43704595777671784,0.27725,0.27725,,,,,1.9940225849859416,0,0,101,0.7884615384615384,0.8557692307692307,0.7220240831375122,0.7220240831375122,0.9955568313598633,0.09417893469912335,0.6504854368932039,0.7475728155339806,0.6504854368932039,0.9807692307692307,0.019230769230769232,0.8557692307692307,0.5952124653513117,0.14423076923076922,0.2804695356631387,1.3597652321684306,2.719530464336861,lambda=2,global_redundancy_weight,2.0,1.0,2.0,0,0.6931471805599453
PU-R,boundary_duplicate_fashion_mnist,0,0.3,0.3,support,200,200,3500,1500,204,1300,1504,0.459889943653252,0.35424999999999995,0.35425,,,,,5.613609153078869,0,1,201,0.7549019607843137,0.8431372549019608,0.795009970664978,0.795009970664978,0.9932907819747925,0.06189766335369918,0.6600985221674877,0.8620689655172413,0.6600985221674877,0.9901960784313726,0.00980392156862745,0.8431372549019608,0.6267511370265895,0.1568627450980392,0.23141627879948534,1.3842918606002574,2.768583721200515,lambda=2,global_redundancy_weight,2.0,1.0,2.0,0,0.6931471805599453
PU-R,boundary_duplicate_fashion_mnist,0,0.3,0.3,support,50,50,3500,1500,54,1368,1422,0.4361771795665845,0.29874999999999996,0.29875,,,,,0.8228175570257008,0,0,51,0.7962962962962963,0.8703703703703703,0.7056053876876831,0.7056053876876831,0.996968150138855,0.1255852478855061,0.5849056603773585,0.6037735849056604,0.5849056603773585,0.9629629629629629,0.037037037037037035,0.8703703703703703,0.5564215672884281,0.12962962962962962,0.304048498579196,1.347975750710402,1.347975750710402,rank=0,residual_rank,0.0,1.0,1.0,0,0.6931471805599453
PU-R,boundary_duplicate_fashion_mnist,0,0.3,0.3,support,100,100,3500,1500,104,1318,1422,0.4361771795665845,0.27349999999999997,0.2735,,,,,1.9613944670418277,0,0,101,0.8173076923076923,0.8269230769230769,0.7258754968643188,0.7258754968643188,0.9954508543014526,0.08528397210593362,0.7184466019417476,0.7961165048543689,0.7184466019417476,0.9807692307692307,0.019230769230769232,0.8269230769230769,0.6646953053493418,0.17307692307692307,0.271891809343039,1.3640540953284805,1.3640540953284805,rank=0,residual_rank,0.0,1.0,1.0,0,0.6931471805599453
PU-R,boundary_duplicate_fashion_mnist,0,0.3,0.3,support,200,200,3500,1500,204,1292,1496,0.45757957780733705,0.35150000000000003,0.3515,,,,,5.584109539981,0,1,201,0.7745098039215687,0.8333333333333334,0.7978479862213135,0.7978479862213135,0.9935411214828491,0.05824957428307369,0.729064039408867,0.8817733990147784,0.729064039408867,0.9901960784313726,0.00980392156862745,0.8333333333333334,0.6500224216483541,0.16666666666666666,0.2269024328041661,1.386548783597917,1.386548783597917,rank=0,residual_rank,0.0,1.0,1.0,0,0.6931471805599453
PU-R,boundary_duplicate_fashion_mnist,0,0.3,0.3,support,50,50,3500,1500,54,1374,1428,0.4379146413411945,0.30074999999999996,0.30075,,,,,0.8209684160538018,0,0,51,0.7962962962962963,0.8703703703703703,0.7108391523361206,0.7108391523361206,0.9969426989555359,0.12670139996510632,0.5849056603773585,0.5849056603773585,0.5849056603773585,0.9629629629629629,0.037037037037037035,0.8703703703703703,0.5564215672884281,0.12962962962962962,0.30101341613578414,1.3494932919321079,1.3494932919321079,rank=32,residual_rank,32.0,1.0,1.0,32,0.6931471805599453
PU-R,boundary_duplicate_fashion_mnist,0,0.3,0.3,support,100,100,3500,1500,104,1311,1415,0.4341496617998928,0.274,0.274,,,,,1.9409493840066716,0,0,101,0.8269230769230769,0.8269230769230769,0.7247312664985657,0.7247312664985657,0.9954643845558167,0.09530283930232224,0.7184466019417476,0.7281553398058253,0.6990291262135923,0.9807692307692307,0.019230769230769232,0.8269230769230769,0.6646953053493418,0.17307692307692307,0.2732793359131491,1.3633603320434253,1.3633603320434253,rank=32,residual_rank,32.0,1.0,1.0,32,0.6931471805599453
PU-R,boundary_duplicate_fashion_mnist,0,0.3,0.3,support,200,200,3500,1500,204,1289,1493,0.4567130201612599,0.351,0.351,,,,,5.403323868056759,0,1,201,0.7745098039215687,0.8284313725490197,0.796947181224823,0.796947181224823,0.9933151006698608,0.08319714768179531,0.7142857142857143,0.7684729064039408,0.6995073891625616,0.9901960784313726,0.00980392156862745,0.8284313725490197,0.6612805854775594,0.1715686274509804,0.22931211867841161,1.3853439406607941,1.3853439406607941,rank=32,residual_rank,32.0,1.0,1.0,32,0.6931471805599453
PU-R,boundary_duplicate_fashion_mnist,0,0.3,0.3,support,50,50,3500,1500,54,1368,1422,0.4361771795665845,0.29874999999999996,0.29875,,,,,0.8212116499198601,0,0,51,0.7962962962962963,0.8703703703703703,0.7056053876876831,0.7056053876876831,0.996968150138855,0.1255852478855061,0.5849056603773585,0.6037735849056604,0.5849056603773585,0.9629629629629629,0.037037037037037035,0.8703703703703703,0.5564215672884281,0.12962962962962962,0.304048498579196,1.347975750710402,1.347975750710402,rank=64,residual_rank,64.0,1.0,1.0,64,0.6931471805599453
PU-R,boundary_duplicate_fashion_mnist,0,0.3,0.3,support,100,100,3500,1500,104,1317,1421,0.4358875657781027,0.27475000000000005,0.27475,,,,,1.9738448068965226,0,0,101,0.8269230769230769,0.8365384615384616,0.726047158241272,0.726047158241272,0.9954624176025391,0.08684458894637025,0.7184466019417476,0.7961165048543689,0.7184466019417476,0.9807692307692307,0.019230769230769232,0.8365384615384616,0.6425267139094082,0.16346153846153846,0.2718538729733875,1.3640730635133063,1.3640730635133063,rank=64,residual_rank,64.0,1.0,1.0,64,0.6931471805599453
PU-R,boundary_duplicate_fashion_mnist,0,0.3,0.3,support,200,200,3500,1500,204,1281,1485,0.4544017445878126,0.34950000000000003,0.3495,,,,,5.4796854929300025,0,1,201,0.7696078431372549,0.8284313725490197,0.7973166108131409,0.7973166108131409,0.9933371543884277,0.0696251075256047,0.7241379310344828,0.8522167487684729,0.7192118226600985,0.9901960784313726,0.00980392156862745,0.8284313725490197,0.6612805854775594,0.1715686274509804,0.2280799734399416,1.3859600132800292,1.3859600132800292,rank=64,residual_rank,64.0,1.0,1.0,64,0.6931471805599453
PU-R,boundary_duplicate_fashion_mnist,0,0.3,0.3,support,50,50,3500,1500,54,1368,1422,0.4361771795665845,0.29874999999999996,0.29875,,,,,0.8262979190330952,0,0,51,0.7962962962962963,0.8703703703703703,0.7056053876876831,0.7056053876876831,0.996968150138855,0.1255852478855061,0.5849056603773585,0.6037735849056604,0.5849056603773585,0.9629629629629629,0.037037037037037035,0.8703703703703703,0.5564215672884281,0.12962962962962962,0.304048498579196,1.347975750710402,1.347975750710402,rank=128,residual_rank,128.0,1.0,1.0,128,0.6931471805599453
PU-R,boundary_duplicate_fashion_mnist,0,0.3,0.3,support,100,100,3500,1500,104,1318,1422,0.4361771795665845,0.27349999999999997,0.2735,,,,,1.9841737620299682,0,0,101,0.8173076923076923,0.8269230769230769,0.7258754968643188,0.7258754968643188,0.9954508543014526,0.08528397210593362,0.7184466019417476,0.7961165048543689,0.7184466019417476,0.9807692307692307,0.019230769230769232,0.8269230769230769,0.6646953053493418,0.17307692307692307,0.271891809343039,1.3640540953284805,1.3640540953284805,rank=128,residual_rank,128.0,1.0,1.0,128,0.6931471805599453
PU-R,boundary_duplicate_fashion_mnist,0,0.3,0.3,support,200,200,3500,1500,204,1285,1489,0.4555574652040377,0.35050000000000003,0.3505,,,,,5.545163944014348,0,1,201,0.7745098039215687,0.8333333333333334,0.7976810336112976,0.7976810336112976,0.993417501449585,0.06047910187631992,0.7241379310344828,0.8817733990147784,0.7241379310344828,0.9901960784313726,0.00980392156862745,0.8333333333333334,0.6500224216483541,0.16666666666666666,0.22745840897848155,1.3862707955107592,1.3862707955107592,rank=128,residual_rank,128.0,1.0,1.0,128,0.6931471805599453
PU-R,boundary_duplicate_fashion_mnist,1,0.3,0.3,support,50,50,3500,1500,54,1359,1413,0.43357027613092214,0.34325000000000006,0.34325,,,,,0.8462414119858295,0,0,51,0.8333333333333334,0.8148148148148148,0.7266810536384583,0.7266810536384583,0.9988751411437988,0.09513633937205908,0.7924528301886793,0.7735849056603774,0.7735849056603774,0.9629629629629629,0.037037037037037035,0.8148148148148148,0.691289869405789,0.18518518518518517,0.26773751456028366,0.0,1.3661312427198582,mu=0,mu,0.0,0.0,1.0,0,0.6931471805599453
PU-R,boundary_duplicate_fashion_mnist,1,0.3,0.3,support,100,100,3500,1500,104,1247,1351,0.4155882463674061,0.2975,0.2975,,,,,1.974399311002344,0,0,101,0.8461538461538461,0.8653846153846154,0.7497524619102478,0.7497524619102478,0.9984111785888672,0.07324769774686943,0.8349514563106796,0.8737864077669902,0.8349514563106796,0.9807692307692307,0.019230769230769232,0.8653846153846154,0.56996137604035,0.1346153846153846,0.2533101750767788,0.0,1.3733449124616106,mu=0,mu,0.0,0.0,1.0,0,0.6931471805599453
PU-R,boundary_duplicate_fashion_mnist,1,0.3,0.3,support,200,200,3500,1500,204,1285,1489,0.4555574652040377,0.34099999999999997,0.341,,,,,5.544203722034581,0,1,201,0.7696078431372549,0.8186274509803921,0.7863838076591492,0.7863838076591492,0.9977525472640991,0.05600464784453068,0.7389162561576355,0.9261083743842364,0.7389162561576355,0.9901960784313726,0.00980392156862745,0.8186274509803921,0.6830704823075845,0.18137254901960784,0.23892622734026994,0.0,1.380536886329865,mu=0,mu,0.0,0.0,1.0,0,0.6931471805599453
PU-R,boundary_duplicate_fashion_mnist,1,0.3,0.3,support,50,50,3500,1500,54,1353,1407,0.4318318656296469,0.34199999999999997,0.342,,,,,0.8333855599630624,0,0,51,0.7777777777777778,0.8148148148148148,0.7146710753440857,0.7146710753440857,0.9988968968391418,0.10848196103887738,0.7358490566037735,0.7169811320754716,0.7169811320754716,0.9629629629629629,0.037037037037037035,0.8148148148148148,0.691289869405789,0.18518518518518517,0.2855057167811873,0.3393117854023516,1.3572471416094063,mu=0.25,mu,0.25,0.25,1.0,0,0.6931471805599453
PU-R,boundary_duplicate_fashion_mnist,1,0.3,0.3,support,100,100,3500,1500,104,1241,1345,0.41384586616186425,0.29900000000000004,0.299,,,,,1.9627216689987108,0,0,101,0.8173076923076923,0.8557692307692307,0.7436394095420837,0.7436394095420837,0.9984414577484131,0.08076863526140601,0.8058252427184466,0.8349514563106796,0.8058252427184466,0.9807692307692307,0.019230769230769232,0.8557692307692307,0.5952124653513117,0.14423076923076922,0.26190902564060187,0.3422613717949248,1.369045487179699,mu=0.25,mu,0.25,0.25,1.0,0,0.6931471805599453
PU-R,boundary_duplicate_fashion_mnist,1,0.3,0.3,support,200,200,3500,1500,204,1297,1501,0.459023633855395,0.34724999999999995,0.34725,,,,,5.543500326923095,0,1,201,0.7794117647058824,0.8137254901960784,0.7839909195899963,0.7839909195899963,0.9977903962135315,0.05849580107064083,0.7241379310344828,0.896551724137931,0.7241379310344828,0.9901960784313726,0.00980392156862745,0.8137254901960784,0.6936126404300949,0.18627450980392157,0.24145455942225852,0.34481818007221765,1.3792727202888706,mu=0.25,mu,0.25,0.25,1.0,0,0.6931471805599453
PU-R,boundary_duplicate_fashion_mnist,1,0.3,0.3,support,50,50,3500,1500,54,1354,1408,0.4321216271491721,0.3415,0.3415,,,,,0.8344520110404119,0,0,51,0.7407407407407407,0.8333333333333334,0.706006646156311,0.706006646156311,0.998938798904419,0.11663378184696413,0.6981132075471698,0.6981132075471698,0.6981132075471698,0.9629629629629629,0.037037037037037035,0.8333333333333334,0.6500224216483541,0.16666666666666666,0.29678979229953123,0.6758025519251172,1.3516051038502344,mu=0.5,mu,0.5,0.5,1.0,0,0.6931471805599453
PU-R,boundary_duplicate_fashion_mnist,1,0.3,0.3,support,100,100,3500,1500,104,1250,1354,0.41645929095102474,0.2985,0.2985,,,,,1.9629296560306102,0,0,101,0.8076923076923077,0.875,0.7392802238464355,0.7392802238464355,0.9983781576156616,0.0852890237442498,0.7572815533980582,0.7961165048543689,0.7572815533980582,0.9807692307692307,0.019230769230769232,0.875,0.5435644431995964,0.125,0.26696839751551604,0.683257900621121,1.366515801242242,mu=0.5,mu,0.5,0.5,1.0,0,0.6931471805599453
PU-R,boundary_duplicate_fashion_mnist,1,0.3,0.3,support,200,200,3500,1500,204,1287,1491,0.4561352633754723,0.34299999999999997,0.343,,,,,5.548286576056853,0,1,201,0.7598039215686274,0.8235294117647058,0.7829183340072632,0.7829183340072632,0.9976310729980469,0.0606583624050535,0.7044334975369458,0.8916256157635468,0.7044334975369458,0.9901960784313726,0.00980392156862745,0.8235294117647058,0.672294817075638,0.17647058823529413,0.24310027400379672,0.6892249314990508,1.3784498629981017,mu=0.5,mu,0.5,0.5,1.0,0,0.6931471805599453
PU-R,boundary_duplicate_fashion_mnist,1,0.3,0.3,support,50,50,3500,1500,54,1346,1400,0.4298032389488071,0.34075,0.34075,,,,,0.8307399869663641,0,0,51,0.7407407407407407,0.8333333333333334,0.6963101029396057,0.6963101029396057,0.9989671111106873,0.12533747924948638,0.6415094339622641,0.6415094339622641,0.6415094339622641,0.9629629629629629,0.037037037037037035,0.8333333333333334,0.6500224216483541,0.16666666666666666,0.3100751813376704,1.3449624093311647,1.3449624093311647,mu=1,mu,1.0,1.0,1.0,0,0.6931471805599453
PU-R,boundary_duplicate_fashion_mnist,1,0.3,0.3,support,100,100,3500,1500,104,1240,1344,0.41355543164536357,0.29500000000000004,0.295,,,,,1.9576949139591306,0,0,101,0.8076923076923077,0.8653846153846154,0.7354872226715088,0.7354872226715088,0.9983342885971069,0.09052280430654877,0.7475728155339806,0.7864077669902912,0.7475728155339806,0.9807692307692307,0.019230769230769232,0.8653846153846154,0.56996137604035,0.1346153846153846,0.2733595464376153,1.3633202267811924,1.3633202267811924,mu=1,mu,1.0,1.0,1.0,0,0.6931471805599453
PU-R,boundary_duplicate_fashion_mnist,1,0.3,0.3,support,200,200,3500,1500,204,1276,1480,0.45295686076860875,0.33499999999999996,0.335,,,,,5.549305035965517,0,1,201,0.7549019607843137,0.8235294117647058,0.7836714386940002,0.7836714386940002,0.9977624416351318,0.0623238342148917,0.7142857142857143,0.8768472906403941,0.7142857142857143,0.9901960784313726,0.00980392156862745,0.8235294117647058,0.672294817075638,0.17647058823529413,0.24287862773473123,1.3785606861326345,1.3785606861326345,mu=1,mu,1.0,1.0,1.0,0,0.6931471805599453
PU-R,boundary_duplicate_fashion_mnist,1,0.3,0.3,support,50,50,3500,1500,54,1346,1400,0.4298032389488071,0.34025000000000005,0.34025,,,,,0.8278451570076868,0,0,51,0.7407407407407407,0.8333333333333334,0.6866209506988525,0.6866209506988525,0.9989662170410156,0.13402534487112513,0.6037735849056604,0.6037735849056604,0.6037735849056604,0.9629629629629629,0.037037037037037035,0.8333333333333334,0.6500224216483541,0.16666666666666666,0.323000311229932,2.007749766577551,1.338499844385034,mu=1.5,mu,1.5,1.5,1.0,0,0.6931471805599453
PU-R,boundary_duplicate_fashion_mnist,1,0.3,0.3,support,100,100,3500,1500,104,1243,1347,0.4144267027149908,0.2905,0.2905,,,,,1.95592655998189,0,0,101,0.7884615384615384,0.8557692307692307,0.7267533540725708,0.7267533540725708,0.9983992576599121,0.09667882728345185,0.7184466019417476,0.7669902912621359,0.7184466019417476,0.9807692307692307,0.019230769230769232,0.8557692307692307,0.5952124653513117,0.14423076923076922,0.28305439360774465,2.037709204794192,1.3584728031961277,mu=1.5,mu,1.5,1.5,1.0,0,0.6931471805599453
PU-R,boundary_duplicate_fashion_mnist,1,0.3,0.3,support,200,200,3500,1500,204,1269,1473,0.4509335877955891,0.33875,0.33875,,,,,5.549555359990336,0,1,201,0.7450980392156863,0.7941176470588235,0.7820734977722168,0.7820734977722168,0.9977545738220215,0.06385175142382166,0.6896551724137931,0.8719211822660099,0.6896551724137931,0.9901960784313726,0.00980392156862745,0.7941176470588235,0.7335379291086666,0.20588235294117646,0.24452369226147544,2.0666072308038936,1.3777381538692623,mu=1.5,mu,1.5,1.5,1.0,0,0.6931471805599453
PU-R,boundary_duplicate_fashion_mnist,1,0.3,0.3,support,50,50,3500,1500,54,1355,1409,0.43241137807490304,0.34225000000000005,0.34225,,,,,0.8307311900425702,0,0,51,0.7592592592592593,0.8333333333333334,0.7162903547286987,0.7162903547286987,0.9988816976547241,0.10704399167366747,0.7358490566037735,0.7358490566037735,0.7358490566037735,0.9629629629629629,0.037037037037037035,0.8333333333333334,0.6500224216483541,0.16666666666666666,0.2821336254295994,1.3589331872852002,0.0,lambda=0,global_redundancy_weight,0.0,1.0,0.0,0,0.6931471805599453
PU-R,boundary_duplicate_fashion_mnist,1,0.3,0.3,support,100,100,3500,1500,104,1239,1343,0.4132649864186533,0.29674999999999996,0.29675,,,,,1.9590246060397476,0,0,101,0.8269230769230769,0.875,0.7462320327758789,0.7462320327758789,0.9983853697776794,0.07685688687759695,0.8155339805825242,0.8543689320388349,0.8155339805825242,0.9807692307692307,0.019230769230769232,0.875,0.5435644431995964,0.125,0.25567162425179946,1.3721641878741002,0.0,lambda=0,global_redundancy_weight,0.0,1.0,0.0,0,0.6931471805599453
PU-R,boundary_duplicate_fashion_mnist,1,0.3,0.3,support,200,200,3500,1500,204,1295,1499,0.45844604243757203,0.34325000000000006,0.34325,,,,,5.551571293035522,0,1,201,0.7794117647058824,0.8235294117647058,0.7879029512405396,0.7879029512405396,0.9977281093597412,0.056028233666725345,0.7536945812807881,0.9064039408866995,0.7487684729064039,0.9901960784313726,0.00980392156862745,0.8235294117647058,0.672294817075638,0.17647058823529413,0.23685383024137116,1.3815730848793144,0.0,lambda=0,global_redundancy_weight,0.0,1.0,0.0,0,0.6931471805599453
PU-R,boundary_duplicate_fashion_mnist,1,0.3,0.3,support,50,50,3500,1500,54,1349,1403,0.43067271390464157,0.3415,0.3415,,,,,0.8301216859836131,0,0,51,0.7592592592592593,0.8333333333333334,0.7071897387504578,0.7071897387504578,0.9989244341850281,0.11555673828664816,0.6981132075471698,0.6981132075471698,0.6981132075471698,0.9629629629629629,0.037037037037037035,0.8333333333333334,0.6500224216483541,0.16666666666666666,0.2952826808117043,1.352358659594148,0.676179329797074,lambda=0.5,global_redundancy_weight,0.5,1.0,0.5,0,0.6931471805599453
PU-R,boundary_duplicate_fashion_mnist,1,0.3,0.3,support,100,100,3500,1500,104,1246,1350,0.415297876636032,0.29425,0.29425,,,,,1.9693986469646916,0,0,101,0.8076923076923077,0.875,0.7425135970115662,0.7425135970115662,0.9983487129211426,0.0843930415158133,0.7669902912621359,0.8058252427184466,0.7669902912621359,0.9807692307692307,0.019230769230769232,0.875,0.5435644431995964,0.125,0.2647230675125546,1.3676384662437227,0.6838192331218613,lambda=0.5,global_redundancy_weight,0.5,1.0,0.5,0,0.6931471805599453
PU-R,boundary_duplicate_fashion_mnist,1,0.3,0.3,support,200,200,3500,1500,204,1280,1484,0.4541127885458991,0.34475,0.34475,,,,,5.544921946013346,0,1,201,0.7598039215686274,0.8186274509803921,0.787143349647522,0.787143349647522,0.9977098107337952,0.059607940941608595,0.7241379310344828,0.8866995073891626,0.7192118226600985,0.9901960784313726,0.00980392156862745,0.8186274509803921,0.6830704823075845,0.18137254901960784,0.2396480795654637,1.3801759602172683,0.6900879801086341,lambda=0.5,global_redundancy_weight,0.5,1.0,0.5,0,0.6931471805599453
PU-R,boundary_duplicate_fashion_mnist,1,0.3,0.3,support,50,50,3500,1500,54,1346,1400,0.4298032389488071,0.34075,0.34075,,,,,0.8277772560250014,0,0,51,0.7407407407407407,0.8333333333333334,0.6963101029396057,0.6963101029396057,0.9989671111106873,0.12533747924948638,0.6415094339622641,0.6415094339622641,0.6415094339622641,0.9629629629629629,0.037037037037037035,0.8333333333333334,0.6500224216483541,0.16666666666666666,0.3100751813376704,1.3449624093311647,1.3449624093311647,lambda=1,global_redundancy_weight,1.0,1.0,1.0,0,0.6931471805599453
PU-R,boundary_duplicate_fashion_mnist,1,0.3,0.3,support,100,100,3500,1500,104,1240,1344,0.41355543164536357,0.29500000000000004,0.295,,,,,1.9798467530636117,0,0,101,0.8076923076923077,0.8653846153846154,0.7354872226715088,0.7354872226715088,0.9983342885971069,0.09052280430654877,0.7475728155339806,0.7864077669902912,0.7475728155339806,0.9807692307692307,0.019230769230769232,0.8653846153846154,0.56996137604035,0.1346153846153846,0.2733595464376153,1.3633202267811924,1.3633202267811924,lambda=1,global_redundancy_weight,1.0,1.0,1.0,0,0.6931471805599453
PU-R,boundary_duplicate_fashion_mnist,1,0.3,0.3,support,200,200,3500,1500,204,1276,1480,0.45295686076860875,0.33499999999999996,0.335,,,,,5.548909604083747,0,1,201,0.7549019607843137,0.8235294117647058,0.7836714386940002,0.7836714386940002,0.9977624416351318,0.0623238342148917,0.7142857142857143,0.8768472906403941,0.7142857142857143,0.9901960784313726,0.00980392156862745,0.8235294117647058,0.672294817075638,0.17647058823529413,0.24287862773473123,1.3785606861326345,1.3785606861326345,lambda=1,global_redundancy_weight,1.0,1.0,1.0,0,0.6931471805599453
PU-R,boundary_duplicate_fashion_mnist,1,0.3,0.3,support,50,50,3500,1500,54,1348,1402,0.43038289953256026,0.3395,0.3395,,,,,0.8513473280472681,0,0,51,0.7222222222222222,0.8148148148148148,0.6881927847862244,0.6881927847862244,0.9989743828773499,0.1321069637559495,0.6037735849056604,0.6037735849056604,0.6037735849056604,0.9629629629629629,0.037037037037037035,0.8148148148148148,0.691289869405789,0.18518518518518517,0.3212419895902803,1.3393790052048598,2.0090685078072896,lambda=1.5,global_redundancy_weight,1.5,1.0,1.5,0,0.6931471805599453
PU-R,boundary_duplicate_fashion_mnist,1,0.3,0.3,support,100,100,3500,1500,104,1248,1352,0.4158786053303629,0.2915,0.2915,,,,,1.9858572910306975,0,0,101,0.7788461538461539,0.8557692307692307,0.7247035503387451,0.7247035503387451,0.9983690977096558,0.09688992581321197,0.6990291262135923,0.7378640776699029,0.6990291262135923,0.9807692307692307,0.019230769230769232,0.8557692307692307,0.5952124653513117,0.14423076923076922,0.28466514927586517,1.3576674253620675,2.0365011380431013,lambda=1.5,global_redundancy_weight,1.5,1.0,1.5,0,0.6931471805599453
PU-R,boundary_duplicate_fashion_mnist,1,0.3,0.3,support,200,200,3500,1500,204,1265,1469,0.44977720332099125,0.33325000000000005,0.33325,,,,,5.55342686700169,0,1,201,0.7401960784313726,0.803921568627451,0.7829208970069885,0.7829208970069885,0.9978582859039307,0.06454162673997174,0.6847290640394089,0.8620689655172413,0.6847290640394089,0.9901960784313726,0.00980392156862745,0.803921568627451,0.7140152804378671,0.19607843137254902,0.24459645356703638,1.3777017732164818,2.0665526598247226,lambda=1.5,global_redundancy_weight,1.5,1.0,1.5,0,0.6931471805599453
PU-R,boundary_duplicate_fashion_mnist,1,0.3,0.3,support,50,50,3500,1500,54,1342,1396,0.42864379059756175,0.33625000000000005,0.33625,,,,,0.8484556479379535,0,0,51,0.7037037037037037,0.8148148148148148,0.6847889423370361,0.6847889423370361,0.9989986419677734,0.14124959426106148,0.5660377358490566,0.5660377358490566,0.5660377358490566,0.9629629629629629,0.037037037037037035,0.8148148148148148,0.691289869405789,0.18518518518518517,0.332714398010932,1.333642800994534,2.667285601989068,lambda=2,global_redundancy_weight,2.0,1.0,2.0,0,0.6931471805599453
PU-R,boundary_duplicate_fashion_mnist,1,0.3,0.3,support,100,100,3500,1500,104,1251,1355,0.41674961760872975,0.28800000000000003,0.288,,,,,1.9787005779799074,0,0,101,0.7692307692307693,0.8365384615384616,0.7147929668426514,0.7147929668426514,0.9982655048370361,0.103818682501617,0.6601941747572816,0.6990291262135923,0.6601941747572816,0.9807692307692307,0.019230769230769232,0.8365384615384616,0.6425267139094082,0.16346153846153846,0.29660198969113816,1.3516990051544309,2.7033980103088617,lambda=2,global_redundancy_weight,2.0,1.0,2.0,0,0.6931471805599453
PU-R,boundary_duplicate_fashion_mnist,1,0.3,0.3,support,200,200,3500,1500,204,1286,1490,0.455846369441133,0.34575,0.34575,,,,,5.555538682034239,0,1,201,0.7303921568627451,0.7892156862745098,0.7820189595222473,0.7820189595222473,0.9979087114334106,0.06637040177002329,0.6600985221674877,0.8472906403940886,0.6551724137931034,0.9901960784313726,0.00980392156862745,0.7892156862745098,0.7429792545761841,0.2107843137254902,0.24636549923397086,1.3768172503830145,2.753634500766029,lambda=2,global_redundancy_weight,2.0,1.0,2.0,0,0.6931471805599453
PU-R,boundary_duplicate_fashion_mnist,1,0.3,0.3,support,50,50,3500,1500,54,1346,1400,0.4298032389488071,0.34075,0.34075,,,,,0.8315220919903368,0,0,51,0.7407407407407407,0.8333333333333334,0.6963101029396057,0.6963101029396057,0.9989671111106873,0.12533747924948638,0.6415094339622641,0.6415094339622641,0.6415094339622641,0.9629629629629629,0.037037037037037035,0.8333333333333334,0.6500224216483541,0.16666666666666666,0.3100751813376704,1.3449624093311647,1.3449624093311647,rank=0,residual_rank,0.0,1.0,1.0,0,0.6931471805599453
PU-R,boundary_duplicate_fashion_mnist,1,0.3,0.3,support,100,100,3500,1500,104,1240,1344,0.41355543164536357,0.29500000000000004,0.295,,,,,1.9576950579648837,0,0,101,0.8076923076923077,0.8653846153846154,0.7354872226715088,0.7354872226715088,0.9983342885971069,0.09052280430654877,0.7475728155339806,0.7864077669902912,0.7475728155339806,0.9807692307692307,0.019230769230769232,0.8653846153846154,0.56996137604035,0.1346153846153846,0.2733595464376153,1.3633202267811924,1.3633202267811924,rank=0,residual_rank,0.0,1.0,1.0,0,0.6931471805599453
PU-R,boundary_duplicate_fashion_mnist,1,0.3,0.3,support,200,200,3500,1500,204,1276,1480,0.45295686076860875,0.33499999999999996,0.335,,,,,5.538388186017983,0,1,201,0.7549019607843137,0.8235294117647058,0.7836714386940002,0.7836714386940002,0.9977624416351318,0.0623238342148917,0.7142857142857143,0.8768472906403941,0.7142857142857143,0.9901960784313726,0.00980392156862745,0.8235294117647058,0.672294817075638,0.17647058823529413,0.24287862773473123,1.3785606861326345,1.3785606861326345,rank=0,residual_rank,0.0,1.0,1.0,0,0.6931471805599453
PU-R,boundary_duplicate_fashion_mnist,1,0.3,0.3,support,50,50,3500,1500,54,1348,1402,0.43038289953256026,0.34025000000000005,0.34025,,,,,0.825900453957729,0,0,51,0.7407407407407407,0.8333333333333334,0.6964195966720581,0.6964195966720581,0.9989633560180664,0.1268664632203444,0.6415094339622641,0.6415094339622641,0.6415094339622641,0.9629629629629629,0.037037037037037035,0.8333333333333334,0.6500224216483541,0.16666666666666666,0.31000943516422114,1.3449952824178895,1.3449952824178895,rank=32,residual_rank,32.0,1.0,1.0,32,0.6931471805599453
PU-R,boundary_duplicate_fashion_mnist,1,0.3,0.3,support,100,100,3500,1500,104,1243,1347,0.4144267027149908,0.29625,0.29625,,,,,1.9193989769555628,0,0,101,0.8076923076923077,0.8653846153846154,0.7313795685768127,0.7313795685768127,0.998345673084259,0.1024433808419311,0.7378640776699029,0.7475728155339806,0.7184466019417476,0.9807692307692307,0.019230769230769232,0.8653846153846154,0.56996137604035,0.1346153846153846,0.277561730896506,1.361219134551747,1.361219134551747,rank=32,residual_rank,32.0,1.0,1.0,32,0.6931471805599453
PU-R,boundary_duplicate_fashion_mnist,1,0.3,0.3,support,200,200,3500,1500,204,1260,1464,0.44833148876205087,0.33625000000000005,0.33625,,,,,5.366973050986417,0,1,201,0.75,0.8088235294117647,0.7843436002731323,0.7843436002731323,0.9978646039962769,0.08621608242025516,0.7093596059113301,0.7931034482758621,0.6798029556650246,0.9901960784313726,0.00980392156862745,0.8088235294117647,0.7039260680195971,0.19117647058823528,0.2426879151075863,1.3786560424462069,1.3786560424462069,rank=32,residual_rank,32.0,1.0,1.0,32,0.6931471805599453
PU-R,boundary_duplicate_fashion_mnist,1,0.3,0.3,support,50,50,3500,1500,54,1346,1400,0.4298032389488071,0.34075,0.34075,,,,,0.8274153230013326,0,0,51,0.7407407407407407,0.8333333333333334,0.6963101029396057,0.6963101029396057,0.9989671111106873,0.12533747924948638,0.6415094339622641,0.6415094339622641,0.6415094339622641,0.9629629629629629,0.037037037037037035,0.8333333333333334,0.6500224216483541,0.16666666666666666,0.3100751813376704,1.3449624093311647,1.3449624093311647,rank=64,residual_rank,64.0,1.0,1.0,64,0.6931471805599453
PU-R,boundary_duplicate_fashion_mnist,1,0.3,0.3,support,100,100,3500,1500,104,1240,1344,0.41355543164536357,0.29600000000000004,0.296,,,,,1.9434496520552784,0,0,101,0.8076923076923077,0.8653846153846154,0.7340271472930908,0.7340271472930908,0.9983338117599487,0.0929852405798088,0.7475728155339806,0.7766990291262136,0.7475728155339806,0.9807692307692307,0.019230769230769232,0.8653846153846154,0.56996137604035,0.1346153846153846,0.27416175435174867,1.3629191228241258,1.3629191228241258,rank=64,residual_rank,64.0,1.0,1.0,64,0.6931471805599453
PU-R,boundary_duplicate_fashion_mnist,1,0.3,0.3,support,200,200,3500,1500,204,1259,1463,0.44804231461603194,0.33925000000000005,0.33925,,,,,5.434048096998595,0,1,201,0.7598039215686274,0.8186274509803921,0.7834981083869934,0.7834981083869934,0.9977906942367554,0.07354805974537516,0.7044334975369458,0.8571428571428571,0.6995073891625616,0.9901960784313726,0.00980392156862745,0.8186274509803921,0.6830704823075845,0.18137254901960784,0.243725021492179,1.3781374892539104,1.3781374892539104,rank=64,residual_rank,64.0,1.0,1.0,64,0.6931471805599453
PU-R,boundary_duplicate_fashion_mnist,1,0.3,0.3,support,50,50,3500,1500,54,1346,1400,0.4298032389488071,0.34075,0.34075,,,,,0.8288165209814906,0,0,51,0.7407407407407407,0.8333333333333334,0.6963101029396057,0.6963101029396057,0.9989671111106873,0.12533747924948638,0.6415094339622641,0.6415094339622641,0.6415094339622641,0.9629629629629629,0.037037037037037035,0.8333333333333334,0.6500224216483541,0.16666666666666666,0.3100751813376704,1.3449624093311647,1.3449624093311647,rank=128,residual_rank,128.0,1.0,1.0,128,0.6931471805599453
PU-R,boundary_duplicate_fashion_mnist,1,0.3,0.3,support,100,100,3500,1500,104,1240,1344,0.41355543164536357,0.29500000000000004,0.295,,,,,1.9546598229790106,0,0,101,0.8076923076923077,0.8653846153846154,0.7354872226715088,0.7354872226715088,0.9983342885971069,0.09052280430654877,0.7475728155339806,0.7864077669902912,0.7475728155339806,0.9807692307692307,0.019230769230769232,0.8653846153846154,0.56996137604035,0.1346153846153846,0.2733595464376153,1.3633202267811924,1.3633202267811924,rank=128,residual_rank,128.0,1.0,1.0,128,0.6931471805599453
PU-R,boundary_duplicate_fashion_mnist,1,0.3,0.3,support,200,200,3500,1500,204,1278,1482,0.4535348453791812,0.33925000000000005,0.33925,,,,,5.511758613050915,0,1,201,0.75,0.8235294117647058,0.7831647992134094,0.7831647992134094,0.9978099465370178,0.06434230205460723,0.7093596059113301,0.8768472906403941,0.7093596059113301,0.9901960784313726,0.00980392156862745,0.8235294117647058,0.672294817075638,0.17647058823529413,0.24358122488861356,1.3782093875556933,1.3782093875556933,rank=128,residual_rank,128.0,1.0,1.0,128,0.6931471805599453
PU-R,boundary_duplicate_fashion_mnist,2,0.3,0.3,support,50,50,3500,1500,54,1295,1349,0.415007496078033,0.34475,0.34475,,,,,0.8145587079925463,0,0,51,0.8333333333333334,0.7592592592592593,0.7305306792259216,0.7305306792259216,0.9883503317832947,0.10168848172673639,0.7547169811320755,0.7358490566037735,0.7358490566037735,0.9629629629629629,0.037037037037037035,0.7592592592592593,0.7962699368824384,0.24074074074074073,0.27754493102295735,0.0,1.3612275344885214,mu=0,mu,0.0,0.0,1.0,0,0.6931471805599453
PU-R,boundary_duplicate_fashion_mnist,2,0.3,0.3,support,100,100,3500,1500,104,1259,1363,0.41907184396404773,0.28125,0.28125,,,,,1.9354396099224687,0,0,101,0.8461538461538461,0.8269230769230769,0.7504007816314697,0.7504007816314697,0.999977171421051,0.07399897494362397,0.8155339805825242,0.8155339805825242,0.7864077669902912,0.9807692307692307,0.019230769230769232,0.8269230769230769,0.6646953053493418,0.17307692307692307,0.25469072012283933,0.0,1.3726546399385804,mu=0,mu,0.0,0.0,1.0,0,0.6931471805599453
PU-R,boundary_duplicate_fashion_mnist,2,0.3,0.3,support,200,200,3500,1500,204,1253,1457,0.446307051111944,0.32699999999999996,0.327,,,,,5.519995585898869,0,1,201,0.803921568627451,0.7990196078431373,0.793161153793335,0.793161153793335,0.9999678134918213,0.053604278658411185,0.7931034482758621,0.9113300492610837,0.7881773399014779,0.9901960784313726,0.00980392156862745,0.7990196078431373,0.7238845511430295,0.20098039215686275,0.22922711841017776,0.0,1.3853864407949112,mu=0,mu,0.0,0.0,1.0,0,0.6931471805599453
PU-R,boundary_duplicate_fashion_mnist,2,0.3,0.3,support,50,50,3500,1500,54,1300,1354,0.41645929095102474,0.34325000000000006,0.34325,,,,,0.807222162024118,0,0,51,0.7962962962962963,0.7592592592592593,0.7285889983177185,0.7285889983177185,0.9886205792427063,0.1097190650004261,0.7169811320754716,0.6981132075471698,0.6981132075471698,0.9629629629629629,0.037037037037037035,0.7592592592592593,0.7962699368824384,0.24074074074074073,0.2861548705901258,0.33923064117623425,1.356922564704937,mu=0.25,mu,0.25,0.25,1.0,0,0.6931471805599453
PU-R,boundary_duplicate_fashion_mnist,2,0.3,0.3,support,100,100,3500,1500,104,1266,1370,0.4211032286984846,0.28174999999999994,0.28175,,,,,1.927549390005879,0,0,101,0.8269230769230769,0.8269230769230769,0.7486553192138672,0.7486553192138672,0.9999783635139465,0.07760930871500553,0.8058252427184466,0.8058252427184466,0.7864077669902912,0.9807692307692307,0.019230769230769232,0.8269230769230769,0.6646953053493418,0.17307692307692307,0.2578418258691249,0.34276977176635937,1.3710790870654375,mu=0.25,mu,0.25,0.25,1.0,0,0.6931471805599453
PU-R,boundary_duplicate_fashion_mnist,2,0.3,0.3,support,200,200,3500,1500,204,1248,1452,0.4448607114609331,0.32875,0.32875,,,,,5.519402418052778,0,1,201,0.7941176470588235,0.8137254901960784,0.7930524945259094,0.7930524945259094,0.9999698400497437,0.05465802711806274,0.7931034482758621,0.9064039408866995,0.7881773399014779,0.9901960784313726,0.00980392156862745,0.8137254901960784,0.6936126404300949,0.18627450980392157,0.2294016020831557,0.3463247997396055,1.385299198958422,mu=0.25,mu,0.25,0.25,1.0,0,0.6931471805599453
PU-R,boundary_duplicate_fashion_mnist,2,0.3,0.3,support,50,50,3500,1500,54,1300,1354,0.41645929095102474,0.34325000000000006,0.34325,,,,,0.8099601829890162,0,0,51,0.7962962962962963,0.7222222222222222,0.7185472249984741,0.7185472249984741,0.9886109828948975,0.12302753722892618,0.660377358490566,0.6226415094339622,0.6226415094339622,0.9629629629629629,0.037037037037037035,0.7222222222222222,0.8524051786494786,0.2777777777777778,0.30406714658475614,0.673983213353811,1.347966426707622,mu=0.5,mu,0.5,0.5,1.0,0,0.6931471805599453
PU-R,boundary_duplicate_fashion_mnist,2,0.3,0.3,support,100,100,3500,1500,104,1263,1367,0.42023269954370335,0.28075000000000006,0.28075,,,,,1.9489591070450842,0,0,101,0.8269230769230769,0.8173076923076923,0.7423102259635925,0.7423102259635925,0.9999769926071167,0.08294562286543615,0.7864077669902912,0.7864077669902912,0.7669902912621359,0.9807692307692307,0.019230769230769232,0.8173076923076923,0.6859315226878925,0.18269230769230768,0.26519727213319877,0.6837006819667003,1.3674013639334006,mu=0.5,mu,0.5,0.5,1.0,0,0.6931471805599453
PU-R,boundary_duplicate_fashion_mnist,2,0.3,0.3,support,200,200,3500,1500,204,1254,1458,0.44659628777299076,0.3275,0.3275,,,,,5.51853938808199,0,1,201,0.803921568627451,0.7990196078431373,0.7899571061134338,0.7899571061134338,0.9999666213989258,0.056490634462516294,0.7733990147783252,0.896551724137931,0.7733990147783252,0.9901960784313726,0.00980392156862745,0.7990196078431373,0.7238845511430295,0.20098039215686275,0.2321063007554565,0.6919734248111359,1.3839468496222718,mu=0.5,mu,0.5,0.5,1.0,0,0.6931471805599453
PU-R,boundary_duplicate_fashion_mnist,2,0.3,0.3,support,50,50,3500,1500,54,1299,1353,0.41616895352490246,0.34524999999999995,0.34525,,,,,0.8139878869988024,0,0,51,0.7592592592592593,0.7592592592592593,0.7052778005599976,0.7052778005599976,0.9889088869094849,0.13961917724249498,0.5849056603773585,0.5849056603773585,0.5849056603773585,0.9629629629629629,0.037037037037037035,0.7592592592592593,0.7962699368824384,0.24074074074074073,0.32511599320690465,1.3374420033965477,1.3374420033965477,mu=1,mu,1.0,1.0,1.0,0,0.6931471805599453
PU-R,boundary_duplicate_fashion_mnist,2,0.3,0.3,support,100,100,3500,1500,104,1257,1361,0.4184913518256508,0.28274999999999995,0.28275,,,,,1.9598644949728623,0,0,101,0.7980769230769231,0.8365384615384616,0.7358127236366272,0.7358127236366272,0.9999776482582092,0.09218986289015094,0.7184466019417476,0.7475728155339806,0.7087378640776699,0.9807692307692307,0.019230769230769232,0.8365384615384616,0.6425267139094082,0.16346153846153846,0.2748966624274339,1.362551668786283,1.362551668786283,mu=1,mu,1.0,1.0,1.0,0,0.6931471805599453
PU-R,boundary_duplicate_fashion_mnist,2,0.3,0.3,support,200,200,3500,1500,204,1248,1452,0.4448607114609331,0.32275,0.32275,,,,,5.52012002794072,0,1,201,0.7843137254901961,0.8137254901960784,0.7862900495529175,0.7862900495529175,0.9999649524688721,0.06031741972627311,0.7339901477832512,0.8768472906403941,0.7339901477832512,0.9901960784313726,0.00980392156862745,0.8137254901960784,0.6936126404300949,0.18627450980392157,0.23679523564718252,1.3816023821764087,1.3816023821764087,mu=1,mu,1.0,1.0,1.0,0,0.6931471805599453
PU-R,boundary_duplicate_fashion_mnist,2,0.3,0.3,support,50,50,3500,1500,54,1303,1357,0.4173302386770956,0.34524999999999995,0.34525,,,,,0.8236249269684777,0,0,51,0.7222222222222222,0.7222222222222222,0.7039227485656738,0.7039227485656738,0.9889097213745117,0.14797717220378373,0.5471698113207547,0.5094339622641509,0.5094339622641509,0.9629629629629629,0.037037037037037035,0.7222222222222222,0.8524051786494786,0.2777777777777778,0.3331557640271466,2.00013317697964,1.3334221179864267,mu=1.5,mu,1.5,1.5,1.0,0,0.6931471805599453
PU-R,boundary_duplicate_fashion_mnist,2,0.3,0.3,support,100,100,3500,1500,104,1269,1373,0.42197366151958704,0.2855,0.2855,,,,,1.9589992699911818,0,0,101,0.7788461538461539,0.8173076923076923,0.732886791229248,0.732886791229248,0.9999767541885376,0.09779991108236961,0.6699029126213593,0.7281553398058253,0.6699029126213593,0.9807692307692307,0.019230769230769232,0.8173076923076923,0.6859315226878925,0.18269230769230768,0.28094966944575145,2.0392877479156866,1.3595251652771243,mu=1.5,mu,1.5,1.5,1.0,0,0.6931471805599453
PU-R,boundary_duplicate_fashion_mnist,2,0.3,0.3,support,200,200,3500,1500,204,1270,1474,0.451222657924518,0.32525000000000004,0.32525,,,,,5.523151091998443,0,1,201,0.7745098039215687,0.7990196078431373,0.7887423038482666,0.7887423038482666,0.9999703168869019,0.06083642056422868,0.729064039408867,0.8522167487684729,0.729064039408867,0.9901960784313726,0.00980392156862745,0.7990196078431373,0.7238845511430295,0.20098039215686275,0.23527565411135948,2.07354325941648,1.3823621729443203,mu=1.5,mu,1.5,1.5,1.0,0,0.6931471805599453
PU-R,boundary_duplicate_fashion_mnist,2,0.3,0.3,support,50,50,3500,1500,54,1297,1351,0.4155882463674061,0.34475,0.34475,,,,,0.8304779670434073,0,0,51,0.8148148148148148,0.7777777777777778,0.7226960062980652,0.7226960062980652,0.99616539478302,0.11185455884573595,0.7169811320754716,0.6981132075471698,0.6981132075471698,0.9629629629629629,0.037037037037037035,0.7777777777777778,0.7642045065086203,0.2222222222222222,0.28950574385846417,1.3552471280707679,0.0,lambda=0,global_redundancy_weight,0.0,1.0,0.0,0,0.6931471805599453
PU-R,boundary_duplicate_fashion_mnist,2,0.3,0.3,support,100,100,3500,1500,104,1256,1360,0.41820108966203406,0.28075000000000006,0.28075,,,,,1.9526320130098611,0,0,101,0.8365384615384616,0.8557692307692307,0.7511751651763916,0.7511751651763916,0.9999744892120361,0.07586598569907031,0.8349514563106796,0.8155339805825242,0.8155339805825242,0.9807692307692307,0.019230769230769232,0.8557692307692307,0.5952124653513117,0.14423076923076922,0.2527965967138846,1.3736017016430577,0.0,lambda=0,global_redundancy_weight,0.0,1.0,0.0,0,0.6931471805599453
PU-R,boundary_duplicate_fashion_mnist,2,0.3,0.3,support,200,200,3500,1500,204,1289,1493,0.4567130201612599,0.3365,0.3365,,,,,5.52222466096282,0,1,201,0.8088235294117647,0.8284313725490197,0.7961790561676025,0.7961790561676025,0.9999647736549377,0.052682059445404654,0.8177339901477833,0.9014778325123153,0.8177339901477833,0.9901960784313726,0.00980392156862745,0.8284313725490197,0.6612805854775594,0.1715686274509804,0.2260528784354786,1.3869735607822606,0.0,lambda=0,global_redundancy_weight,0.0,1.0,0.0,0,0.6931471805599453
PU-R,boundary_duplicate_fashion_mnist,2,0.3,0.3,support,50,50,3500,1500,54,1299,1353,0.41616895352490246,0.345,0.345,,,,,0.8130563809536397,0,0,51,0.7962962962962963,0.7777777777777778,0.7157909870147705,0.7157909870147705,0.9885339736938477,0.12227858912270025,0.660377358490566,0.660377358490566,0.6415094339622641,0.9629629629629629,0.037037037037037035,0.7777777777777778,0.7642045065086203,0.2222222222222222,0.3019620138801597,1.3490189930599201,0.6745094965299601,lambda=0.5,global_redundancy_weight,0.5,1.0,0.5,0,0.6931471805599453
PU-R,boundary_duplicate_fashion_mnist,2,0.3,0.3,support,100,100,3500,1500,104,1261,1365,0.4196522932033986,0.2815,0.2815,,,,,1.9321028019767255,0,0,101,0.8269230769230769,0.8365384615384616,0.74576735496521,0.74576735496521,0.9999750852584839,0.08254249119064183,0.7766990291262136,0.7961165048543689,0.7766990291262136,0.9807692307692307,0.019230769230769232,0.8365384615384616,0.6425267139094082,0.16346153846153846,0.26149067321235403,1.369254663393823,0.6846273316969115,lambda=0.5,global_redundancy_weight,0.5,1.0,0.5,0,0.6931471805599453
PU-R,boundary_duplicate_fashion_mnist,2,0.3,0.3,support,200,200,3500,1500,204,1274,1478,0.45237883465597406,0.31925000000000003,0.31925,,,,,5.495830627973191,0,1,201,0.7941176470588235,0.8088235294117647,0.7921520471572876,0.7921520471572876,0.9999649524688721,0.05668953604298859,0.7684729064039408,0.8768472906403941,0.7635467980295566,0.9901960784313726,0.00980392156862745,0.8088235294117647,0.7039260680195971,0.19117647058823528,0.23111895718612727,1.3844405214069364,0.6922202607034682,lambda=0.5,global_redundancy_weight,0.5,1.0,0.5,0,0.6931471805599453
PU-R,boundary_duplicate_fashion_mnist,2,0.3,0.3,support,50,50,3500,1500,54,1299,1353,0.41616895352490246,0.34524999999999995,0.34525,,,,,0.8099621860310435,0,0,51,0.7592592592592593,0.7592592592592593,0.7052778005599976,0.7052778005599976,0.9889088869094849,0.13961917724249498,0.5849056603773585,0.5849056603773585,0.5849056603773585,0.9629629629629629,0.037037037037037035,0.7592592592592593,0.7962699368824384,0.24074074074074073,0.32511599320690465,1.3374420033965477,1.3374420033965477,lambda=1,global_redundancy_weight,1.0,1.0,1.0,0,0.6931471805599453
PU-R,boundary_duplicate_fashion_mnist,2,0.3,0.3,support,100,100,3500,1500,104,1257,1361,0.4184913518256508,0.28274999999999995,0.28275,,,,,1.9298146760556847,0,0,101,0.7980769230769231,0.8365384615384616,0.7358127236366272,0.7358127236366272,0.9999776482582092,0.09218986289015094,0.7184466019417476,0.7475728155339806,0.7087378640776699,0.9807692307692307,0.019230769230769232,0.8365384615384616,0.6425267139094082,0.16346153846153846,0.2748966624274339,1.362551668786283,1.362551668786283,lambda=1,global_redundancy_weight,1.0,1.0,1.0,0,0.6931471805599453
PU-R,boundary_duplicate_fashion_mnist,2,0.3,0.3,support,200,200,3500,1500,204,1248,1452,0.4448607114609331,0.32275,0.32275,,,,,5.511174318031408,0,1,201,0.7843137254901961,0.8137254901960784,0.7862900495529175,0.7862900495529175,0.9999649524688721,0.06031741972627311,0.7339901477832512,0.8768472906403941,0.7339901477832512,0.9901960784313726,0.00980392156862745,0.8137254901960784,0.6936126404300949,0.18627450980392157,0.23679523564718252,1.3816023821764087,1.3816023821764087,lambda=1,global_redundancy_weight,1.0,1.0,1.0,0,0.6931471805599453
PU-R,boundary_duplicate_fashion_mnist,2,0.3,0.3,support,50,50,3500,1500,54,1301,1355,0.41674961760872975,0.34299999999999997,0.343,,,,,0.8085235460894182,0,0,51,0.7222222222222222,0.7037037037037037,0.7050116062164307,0.7050116062164307,0.9889073371887207,0.1452927493824149,0.5471698113207547,0.5283018867924528,0.5094339622641509,0.9629629629629629,0.037037037037037035,0.7037037037037037,0.876716288999464,0.2962962962962963,0.33190309023056824,1.3340484548847158,2.0010726823270737,lambda=1.5,global_redundancy_weight,1.5,1.0,1.5,0,0.6931471805599453
PU-R,boundary_duplicate_fashion_mnist,2,0.3,0.3,support,100,100,3500,1500,104,1256,1360,0.41820108966203406,0.27949999999999997,0.2795,,,,,1.9290539290523157,0,0,101,0.7980769230769231,0.7884615384615384,0.7329069375991821,0.7329069375991821,0.9999786019325256,0.09674561833872379,0.6601941747572816,0.7087378640776699,0.6601941747572816,0.9807692307692307,0.019230769230769232,0.7884615384615384,0.7444131797881749,0.21153846153846154,0.28106383789785566,1.3594680810510722,2.0392021215766083,lambda=1.5,global_redundancy_weight,1.5,1.0,1.5,0,0.6931471805599453
PU-R,boundary_duplicate_fashion_mnist,2,0.3,0.3,support,200,200,3500,1500,204,1266,1470,0.45006631501019,0.3235,0.3235,,,,,5.516869266051799,0,1,201,0.7843137254901961,0.7745098039215687,0.7865844368934631,0.7865844368934631,0.999968409538269,0.06090423450094139,0.7241379310344828,0.8522167487684729,0.7241379310344828,0.9901960784313726,0.00980392156862745,0.7745098039215687,0.7700664782920602,0.22549019607843138,0.23665910520704955,1.3816704473964752,2.0725056710947127,lambda=1.5,global_redundancy_weight,1.5,1.0,1.5,0,0.6931471805599453
PU-R,boundary_duplicate_fashion_mnist,2,0.3,0.3,support,50,50,3500,1500,54,1304,1358,0.4176205330877565,0.3405,0.3405,,,,,0.8090492109768093,0,0,51,0.7037037037037037,0.7222222222222222,0.7030237317085266,0.7030237317085266,0.9892731308937073,0.15738229200525103,0.4716981132075472,0.4716981132075472,0.4528301886792453,0.9629629629629629,0.037037037037037035,0.7222222222222222,0.8524051786494786,0.2777777777777778,0.34544635369175,1.327276823154125,2.65455364630825,lambda=2,global_redundancy_weight,2.0,1.0,2.0,0,0.6931471805599453
PU-R,boundary_duplicate_fashion_mnist,2,0.3,0.3,support,100,100,3500,1500,104,1262,1366,0.41994250169955194,0.28025,0.28025,,,,,1.9282806699629873,0,0,101,0.7788461538461539,0.7788461538461539,0.7270880937576294,0.7270880937576294,0.9999791979789734,0.10421798240791247,0.5922330097087378,0.6504854368932039,0.5922330097087378,0.9807692307692307,0.019230769230769232,0.7788461538461539,0.7622688025356509,0.22115384615384615,0.2912643578815878,1.354367821059206,2.708735642118412,lambda=2,global_redundancy_weight,2.0,1.0,2.0,0,0.6931471805599453
PU-R,boundary_duplicate_fashion_mnist,2,0.3,0.3,support,200,200,3500,1500,204,1259,1463,0.44804231461603194,0.32575,0.32575,,,,,5.520948018995114,0,1,201,0.7647058823529411,0.7745098039215687,0.7832293510437012,0.7832293510437012,0.9999716877937317,0.06352180829776331,0.6945812807881774,0.8275862068965517,0.6945812807881774,0.9901960784313726,0.00980392156862745,0.7745098039215687,0.7700664782920602,0.22549019607843138,0.2401312496028531,1.3799343751985735,2.759868750397147,lambda=2,global_redundancy_weight,2.0,1.0,2.0,0,0.6931471805599453
PU-R,boundary_duplicate_fashion_mnist,2,0.3,0.3,support,50,50,3500,1500,54,1299,1353,0.41616895352490246,0.34524999999999995,0.34525,,,,,0.8083884299267083,0,0,51,0.7592592592592593,0.7592592592592593,0.7052778005599976,0.7052778005599976,0.9889088869094849,0.13961917724249498,0.5849056603773585,0.5849056603773585,0.5849056603773585,0.9629629629629629,0.037037037037037035,0.7592592592592593,0.7962699368824384,0.24074074074074073,0.32511599320690465,1.3374420033965477,1.3374420033965477,rank=0,residual_rank,0.0,1.0,1.0,0,0.6931471805599453
PU-R,boundary_duplicate_fashion_mnist,2,0.3,0.3,support,100,100,3500,1500,104,1257,1361,0.4184913518256508,0.28274999999999995,0.28275,,,,,1.9281712640076876,0,0,101,0.7980769230769231,0.8365384615384616,0.7358127236366272,0.7358127236366272,0.9999776482582092,0.09218986289015094,0.7184466019417476,0.7475728155339806,0.7087378640776699,0.9807692307692307,0.019230769230769232,0.8365384615384616,0.6425267139094082,0.16346153846153846,0.2748966624274339,1.362551668786283,1.362551668786283,rank=0,residual_rank,0.0,1.0,1.0,0,0.6931471805599453
PU-R,boundary_duplicate_fashion_mnist,2,0.3,0.3,support,200,200,3500,1500,204,1248,1452,0.4448607114609331,0.32275,0.32275,,,,,5.516363441944122,0,1,201,0.7843137254901961,0.8137254901960784,0.7862900495529175,0.7862900495529175,0.9999649524688721,0.06031741972627311,0.7339901477832512,0.8768472906403941,0.7339901477832512,0.9901960784313726,0.00980392156862745,0.8137254901960784,0.6936126404300949,0.18627450980392157,0.23679523564718252,1.3816023821764087,1.3816023821764087,rank=0,residual_rank,0.0,1.0,1.0,0,0.6931471805599453
PU-R,boundary_duplicate_fashion_mnist,2,0.3,0.3,support,50,50,3500,1500,54,1299,1353,0.41616895352490246,0.34524999999999995,0.34525,,,,,0.8057986430358142,0,0,51,0.7592592592592593,0.7592592592592593,0.7057788968086243,0.7057788968086243,0.9889010190963745,0.14172951342924586,0.5849056603773585,0.5660377358490566,0.5660377358490566,0.9629629629629629,0.037037037037037035,0.7592592592592593,0.7962699368824384,0.24074074074074073,0.326013129628244,1.336993435185878,1.336993435185878,rank=32,residual_rank,32.0,1.0,1.0,32,0.6931471805599453
PU-R,boundary_duplicate_fashion_mnist,2,0.3,0.3,support,100,100,3500,1500,104,1259,1363,0.41907184396404773,0.28225,0.28225,,,,,1.8938980180537328,0,0,101,0.8173076923076923,0.8365384615384616,0.7350111603736877,0.7350111603736877,0.9999771118164062,0.10361863224251756,0.6990291262135923,0.7087378640776699,0.6893203883495146,0.9807692307692307,0.019230769230769232,0.8365384615384616,0.6425267139094082,0.16346153846153846,0.2765170176911225,1.3617414911544388,1.3617414911544388,rank=32,residual_rank,32.0,1.0,1.0,32,0.6931471805599453
PU-R,boundary_duplicate_fashion_mnist,2,0.3,0.3,support,200,200,3500,1500,204,1249,1453,0.44515000021783635,0.32125000000000004,0.32125,,,,,5.344201772008091,0,1,201,0.7794117647058824,0.803921568627451,0.784839928150177,0.784839928150177,0.9999656081199646,0.08484393182059227,0.7044334975369458,0.7980295566502463,0.6945812807881774,0.9901960784313726,0.00980392156862745,0.803921568627451,0.7140152804378671,0.19607843137254902,0.2393456247608014,1.3803271876195993,1.3803271876195993,rank=32,residual_rank,32.0,1.0,1.0,32,0.6931471805599453
PU-R,boundary_duplicate_fashion_mnist,2,0.3,0.3,support,50,50,3500,1500,54,1299,1353,0.41616895352490246,0.34524999999999995,0.34525,,,,,0.8073921109316871,0,0,51,0.7592592592592593,0.7592592592592593,0.7052778005599976,0.7052778005599976,0.9889088869094849,0.13961917724249498,0.5849056603773585,0.5849056603773585,0.5849056603773585,0.9629629629629629,0.037037037037037035,0.7592592592592593,0.7962699368824384,0.24074074074074073,0.32511599320690465,1.3374420033965477,1.3374420033965477,rank=64,residual_rank,64.0,1.0,1.0,64,0.6931471805599453
PU-R,boundary_duplicate_fashion_mnist,2,0.3,0.3,support,100,100,3500,1500,104,1256,1360,0.41820108966203406,0.28300000000000003,0.283,,,,,1.9255280919605866,0,0,101,0.7980769230769231,0.8269230769230769,0.7369548678398132,0.7369548678398132,0.9999775290489197,0.09609954276131195,0.6990291262135923,0.7087378640776699,0.6893203883495146,0.9807692307692307,0.019230769230769232,0.8269230769230769,0.6646953053493418,0.17307692307692307,0.27631670955258353,1.3618416452237083,1.3618416452237083,rank=64,residual_rank,64.0,1.0,1.0,64,0.6931471805599453
PU-R,boundary_duplicate_fashion_mnist,2,0.3,0.3,support,200,200,3500,1500,204,1256,1460,0.4471747297793627,0.32599999999999996,0.326,,,,,5.4043503099819645,0,1,201,0.7843137254901961,0.803921568627451,0.7871465682983398,0.7871465682983398,0.999965488910675,0.07052343525910025,0.729064039408867,0.8620689655172413,0.729064039408867,0.9901960784313726,0.00980392156862745,0.803921568627451,0.7140152804378671,0.19607843137254902,0.23634380621628548,1.3818280968918573,1.3818280968918573,rank=64,residual_rank,64.0,1.0,1.0,64,0.6931471805599453
PU-R,boundary_duplicate_fashion_mnist,2,0.3,0.3,support,50,50,3500,1500,54,1299,1353,0.41616895352490246,0.34524999999999995,0.34525,,,,,0.8084387190174311,0,0,51,0.7592592592592593,0.7592592592592593,0.7052778005599976,0.7052778005599976,0.9889088869094849,0.13961917724249498,0.5849056603773585,0.5849056603773585,0.5849056603773585,0.9629629629629629,0.037037037037037035,0.7592592592592593,0.7962699368824384,0.24074074074074073,0.32511599320690465,1.3374420033965477,1.3374420033965477,rank=128,residual_rank,128.0,1.0,1.0,128,0.6931471805599453
PU-R,boundary_duplicate_fashion_mnist,2,0.3,0.3,support,100,100,3500,1500,104,1257,1361,0.4184913518256508,0.28274999999999995,0.28275,,,,,1.930143642006442,0,0,101,0.7980769230769231,0.8365384615384616,0.7358127236366272,0.7358127236366272,0.9999776482582092,0.09218986289015094,0.7184466019417476,0.7475728155339806,0.7087378640776699,0.9807692307692307,0.019230769230769232,0.8365384615384616,0.6425267139094082,0.16346153846153846,0.2748966624274339,1.362551668786283,1.362551668786283,rank=128,residual_rank,128.0,1.0,1.0,128,0.6931471805599453
PU-R,boundary_duplicate_fashion_mnist,2,0.3,0.3,support,200,200,3500,1500,204,1255,1459,0.44688551395665854,0.32599999999999996,0.326,,,,,5.480830739019439,0,1,201,0.7892156862745098,0.8137254901960784,0.7864474058151245,0.7864474058151245,0.9999643564224243,0.06208518808111181,0.7389162561576355,0.8768472906403941,0.7389162561576355,0.9901960784313726,0.00980392156862745,0.8137254901960784,0.6936126404300949,0.18627450980392157,0.2368109266249683,1.381594536687516,1.381594536687516,rank=128,residual_rank,128.0,1.0,1.0,128,0.6931471805599453
